recognitionNo,ingredientName,recognizedAt,companyName,officialFunctionRaw,officialFunctionNormalized,dailyIntakeRaw,dailyIntakeNormalized,precautionsRaw,precautionsNormalized,sourceName,ingredientMasterId
2006-11,식물스타놀에스테르,2006-07-12,와이에치푸드(주),“식물스타놀 에스테르는 높은 혈중 콜레스테롤 수치 개선에 도움을 줄 수 있습니다(기타기능Ⅱ)”,"""식물스타놀 에스테르는 높은 혈중 콜레스테롤 수치 개선에 도움을 줄 수 있습니다(기타기능Ⅱ)""",“식물스타놀 에스테르” 로서 2.5？3.4 g/일,"""식물스타놀 에스테르"" 로서 2.5？3.4 g/일",식물 스타놀 에스테르는 지용성 비타민의 흡수를 저해할 수 있습니다.,식물 스타놀 에스테르는 지용성 비타민의 흡수를 저해할 수 있습니다.,식품안전나라,351
2006-15,라피노스,2006-08-17,(주)대덕약업,"""장내 유익균의 증식과 유해균의 억제에 도움을 줄 수 있습니다."" “배변활동을 원활히 하는데 도움을 줄 수 있습니다.” (기타기능II)","""장내 유익균의 증식과 유해균의 억제에 도움을 줄 수 있습니다."" ""배변활동을 원활히 하는데 도움을 줄 수 있습니다."" (기타기능II)",.,,제안된 섭취량보다 많은 양을 섭취할 때에는 설사를 유발할 수 있습니다.,제안된 섭취량보다 많은 양을 섭취할 때에는 설사를 유발할 수 있습니다.,식품안전나라,200
2006-16,가쯔오부시 올리고 펩타이드,2006-08-17,(주)메코,"""혈압이 걱정되시는 분에게 도움을 줄 수 있습니다."" (기타기능II)","""혈압이 걱정되시는 분에게 도움을 줄 수 있습니다."" (기타기능II)",(지표성분으로서 5 mg),(지표성분으로서 5 mg),"◆ 임산부, 수유부는 섭취를 삼가시기 바랍니다.
◆ 어린이, 노인, 신부전이 있는 사람, 혈압약을 복용하시는 분이 섭취 시에는 의사와 상담하셔야 합니다.","◆ 임산부, 수유부는 섭취를 삼가시기 바랍니다. ◆ 어린이, 노인, 신부전이 있는 사람, 혈압약을 복용하시는 분이 섭취 시에는 의사와 상담하셔야 합니다.",식품안전나라,106
2006-18,글루코사민,2006-08-17,카길트레이딩,"관절 및 연골의 구성성분
관절 및 연골을 튼튼히 하는데 도움
관절 및 연골건강에 도움",관절 및 연골의 구성성분 관절 및 연골을 튼튼히 하는데 도움 관절 및 연골건강에 도움,.,,,,식품안전나라,139
2006-19,카제인가수분해물,2006-08-17,씨제이웰케어,"""혈압이 걱정되시는 분에게 도움을 줄 수 있습니다."" (기타기능II)","""혈압이 걱정되시는 분에게 도움을 줄 수 있습니다."" (기타기능II)",.,,"- 임산부, 수유부는 섭취를 삼가시기 바랍니다.
- 어린이, 노인, 신부전이 있는 사람, 혈압약    을 복용하시는 분이 섭취 시에는 의사와     상담하셔야 합니다.","- 임산부, 수유부는 섭취를 삼가시기 바랍니다. - 어린이, 노인, 신부전이 있는 사람, 혈압약 을 복용하시는 분이 섭취 시에는 의사와 상담하셔야 합니다.",식품안전나라,487
2006-21,Tonalin CLA FFA,2006-09-29,한국암웨이(주),"“공액리놀레산(Conjugated Linoleic Acid)는 과체중인 성인의 체지방 감소에 도움을 줄 수 있습니다.”

(과체중인 성인을 대상으로 한 인체시험에서 CLA를 섭취한 경우 체지방(fat mass)감소에 도움을 줄 수 있음이 많은 자료에서 확인되었으나 한국인을 대상으로 한 자료가 없었음. 따라서 반드시 ‘---에 도움을 줄 수 있습니다’의 형식으로 표시하여야 함.)","""공액리놀레산(Conjugated Linoleic Acid)는 과체중인 성인의 체지방 감소에 도움을 줄 수 있습니다."" (과체중인 성인을 대상으로 한 인체시험에서 CLA를 섭취한 경우 체지방(fat mass)감소에 도움을 줄 수 있음이 많은 자료에서 확인되었으나 한국인을 대상으로 한 자료가 없었음. 따라서 반드시 '---에 도움을 줄 수 있습니다'의 형식으로 표시하여야 함.)","공액리놀레산(cis-9, trans-11 CLA, trans-10, cis-12 CLA, cis-9, cis-11 CLA, trans-9, trans-11 CLA 이성체의 합계 량) 으로","공액리놀레산(cis-9, trans-11 CLA, trans-10, cis-12 CLA, cis-9, cis-11 CLA, trans-9, trans-11 CLA 이성체의 합계 량) 으로","1. 위장장애가 발생할 수 있습니다.
2. 영유아, 임산부는 섭취를 삼가야 해야 합니다.
3. 식사조절, 운동을 병행하는 것이 바람직합니다.","1. 위장장애가 발생할 수 있습니다. 2. 영유아, 임산부는 섭취를 삼가야 해야 합니다. 3. 식사조절, 운동을 병행하는 것이 바람직합니다.",식품안전나라,84
2006-22,Tonalin CLA TG(트리글리세라이드),2006-09-29,한국암웨이(주),"“공액리놀레산(Conjugated Linoleic Acid)는 과체중인 성인의 체지방 감소에 도움을 줄 수 있습니다.”

(과체중인 성인을 대상으로 한 인체시험에서 CLA를 섭취한 경우 체지방(fat mass)감소에 도움을 줄 수 있음이 많은 자료에서 확인되었으나 한국인을 대상으로 한 자료가 없었음. 따라서 반드시 ‘---에 도움을 줄 수 있습니다’의 형식으로 표시하여야 함.)","""공액리놀레산(Conjugated Linoleic Acid)는 과체중인 성인의 체지방 감소에 도움을 줄 수 있습니다."" (과체중인 성인을 대상으로 한 인체시험에서 CLA를 섭취한 경우 체지방(fat mass)감소에 도움을 줄 수 있음이 많은 자료에서 확인되었으나 한국인을 대상으로 한 자료가 없었음. 따라서 반드시 '---에 도움을 줄 수 있습니다'의 형식으로 표시하여야 함.)","공액리놀레산(cis-9, trans-11 CLA, trans-10, cis-12 CLA, cis-9, cis-11 CLA, trans-9, trans-11 CLA 이성체의 합계량) 으로","공액리놀레산(cis-9, trans-11 CLA, trans-10, cis-12 CLA, cis-9, cis-11 CLA, trans-9, trans-11 CLA 이성체의 합계량) 으로","1. 위장장애가 발생할 수 있습니다.
2. 영유아, 임산부는 섭취를 삼가야 해야 합니다.
3. 식사조절, 운동을 병행하는 것이 바람직합니다.","1. 위장장애가 발생할 수 있습니다. 2. 영유아, 임산부는 섭취를 삼가야 해야 합니다. 3. 식사조절, 운동을 병행하는 것이 바람직합니다.",식품안전나라,86
2009-43,히알우론산 HA-LF-P,2009-04-29,씨제이제일제당(주),“피부 보습에 도움을 줄 수 있습니다.”,"""피부 보습에 도움을 줄 수 있습니다.""",히알우론산나트륨으로서 120~240mg,히알우론산나트륨으로서 120~240mg,"1) 임산부와 수유기 여성은 섭취를 피하는 것이 좋습니다.                                                                                                                                                                    
2) 알레르기 및 특이체질, 질병치료 중인 사람은 섭취를 피하는 것이 좋습니다.","1) 임산부와 수유기 여성은 섭취를 피하는 것이 좋습니다. 2) 알레르기 및 특이체질, 질병치료 중인 사람은 섭취를 피하는 것이 좋습니다.",식품안전나라,606
2014-39,닭가슴연골분말(UC-Ⅱ),2014-08-19,(주)뉴트리,관절건강에 도움을 줄 수 있음(생리활성기능 2등급),관절건강에 도움을 줄 수 있음(생리활성기능 2등급),닭가슴연골분말로서 40  mg/일,닭가슴연골분말로서 40 mg/일,"1) 임산부, 수유부는 섭취 시 의사와 상담
2) 복용중인 의약품이 있는 분은 섭취 시 의사와 상담","1) 임산부, 수유부는 섭취 시 의사와 상담 2) 복용중인 의약품이 있는 분은 섭취 시 의사와 상담",식품안전나라,167
2005-10,이소말토올리고당,2005-06-08,유한회사 사조씨피케이,"""장내 유익균의 증식과 유해균의 억제에 도움을 줄 수 있습니다."", ""배변활동을 원활히 하는데 도움을 줄 수 있습니다.""

◆ 인체시험에서 이소말토올리고당을 섭취할 경우 장내 유익균의 증식과 유해균을 억제하고, 배변활동을 원활히 하는데 도움을 줄 수 있음을 확인하였으나 자료의 수가 제한되어 있음. 따라서 반드시 ‘---에 도움을 줄 수 있습니다’의 형식으로 표시하여야 함.","""장내 유익균의 증식과 유해균의 억제에 도움을 줄 수 있습니다."", ""배변활동을 원활히 하는데 도움을 줄 수 있습니다."" ◆ 인체시험에서 이소말토올리고당을 섭취할 경우 장내 유익균의 증식과 유해균을 억제하고, 배변활동을 원활히 하는데 도움을 줄 수 있음을 확인하였으나 자료의 수가 제한되어 있음. 따라서 반드시 '---에 도움을 줄 수 있습니다'의 형식으로 표시하여야 함.",이소말토올리고당으로서,이소말토올리고당으로서,과량으로 섭취 시에는 설사를 유발할 수 있습니다.,과량으로 섭취 시에는 설사를 유발할 수 있습니다.,식품안전나라,433
2005-16,CALRINOL 공액리놀레산(지방산 형태),2005-08-04,(주)태성뉴트라테크,"“공액리놀레산(Conjugated Linoleic Acid)는 과체중인 성인의 체지방 감소에 도움을 줄 수 있습니다.”

(과체중인 성인을 대상으로 한 인체시험에서 CLA를 섭취한 경우 체지방(fat mass)감소에 도움을 줄 수 있음이 많은 자료에서 확인되었으나 한국인을 대상으로 한 자료가 없었음. 따라서 반드시 ‘---에 도움을 줄 수 있습니다’의 형식으로 표시하여야 함.)","""공액리놀레산(Conjugated Linoleic Acid)는 과체중인 성인의 체지방 감소에 도움을 줄 수 있습니다."" (과체중인 성인을 대상으로 한 인체시험에서 CLA를 섭취한 경우 체지방(fat mass)감소에 도움을 줄 수 있음이 많은 자료에서 확인되었으나 한국인을 대상으로 한 자료가 없었음. 따라서 반드시 '---에 도움을 줄 수 있습니다'의 형식으로 표시하여야 함.)","공액리놀레산 (cis-9, trans-11 CLA, trans-10, cis-12 CLA, cis-9, cis-11 CLA, trans-9, trans-11 CLA)으로","공액리놀레산 (cis-9, trans-11 CLA, trans-10, cis-12 CLA, cis-9, cis-11 CLA, trans-9, trans-11 CLA)으로","1. 위장장애가 발생할 수 있습니다.
2. 영유아, 임산부는 섭취를 삼가야 해야 합니다.
3. 식사조절, 운동을 병행하는 것이 바람직합니다.","1. 위장장애가 발생할 수 있습니다. 2. 영유아, 임산부는 섭취를 삼가야 해야 합니다. 3. 식사조절, 운동을 병행하는 것이 바람직합니다.",식품안전나라,12
2005-17,CALRINOL 공액리놀레산(트리글리세라이드 형태),2005-08-04,(주)태성뉴트라테크,"“공액리놀레산(Conjugated Linoleic Acid)는 과체중인 성인의 체지방 감소에 도움을 줄 수 있습니다.”

(과체중인 성인을 대상으로 한 인체시험에서 CLA를 섭취한 경우 체지방(fat mass)감소에 도움을 줄 수 있음이 많은 자료에서 확인되었으나 한국인을 대상으로 한 자료가 없었음. 따라서 반드시 ‘---에 도움을 줄 수 있습니다’의 형식으로 표시하여야 함.)","""공액리놀레산(Conjugated Linoleic Acid)는 과체중인 성인의 체지방 감소에 도움을 줄 수 있습니다."" (과체중인 성인을 대상으로 한 인체시험에서 CLA를 섭취한 경우 체지방(fat mass)감소에 도움을 줄 수 있음이 많은 자료에서 확인되었으나 한국인을 대상으로 한 자료가 없었음. 따라서 반드시 '---에 도움을 줄 수 있습니다'의 형식으로 표시하여야 함.)","공액리놀레산 (cis-9, trans-11 CLA, trans-10, cis-12 CLA, cis-9, cis-11 CLA 및 trans-9, trans-11 CLA)으로","공액리놀레산 (cis-9, trans-11 CLA, trans-10, cis-12 CLA, cis-9, cis-11 CLA 및 trans-9, trans-11 CLA)으로","1. 위장장애가 발생할 수 있습니다.
2. 영유아, 임산부는 섭취를 삼가야 해야 합니다.
3. 식사조절, 운동을 병행하는 것이 바람직합니다.","1. 위장장애가 발생할 수 있습니다. 2. 영유아, 임산부는 섭취를 삼가야 해야 합니다. 3. 식사조절, 운동을 병행하는 것이 바람직합니다.",식품안전나라,13
2009-64,가르시니아 캄보지아 껍질추출물,2009-07-20,주식회사 오셔너스,“탄수화물에서 지방으로의 합성을 억제하여 체지방 감소에 도움을 줍니다(기타기능Ⅰ)”,"""탄수화물에서 지방으로의 합성을 억제하여 체지방 감소에 도움을 줍니다(기타기능Ⅰ)""","총 (-)-HCA로서 750~2,800 mg/일","총 (-)-HCA로서 750~2,800 mg/일",1) 임산부와 수유기 여성은 섭취를 피하는 것이 좋습니다.,1) 임산부와 수유기 여성은 섭취를 피하는 것이 좋습니다.,식품안전나라,93
2009-85,쏘팔메토 열매 추출물,2009-10-28,진용내츄럴,“전립선 건강의 유지에 도움을 줄 수 있습니다” (기타기능 II),"""전립선 건강의 유지에 도움을 줄 수 있습니다"" (기타기능 II)",쏘팔메토 열매추출물로서 320 mg,쏘팔메토 열매추출물로서 320 mg,"1) 임산부, 수유여성은 섭취에 주의
2) 메스꺼움이나 설사 등 소화계통의 불편함을 유발할 수 있음","1) 임산부, 수유여성은 섭취에 주의 2) 메스꺼움이나 설사 등 소화계통의 불편함을 유발할 수 있음",식품안전나라,363
2008-54,Rain Nutrience DistilPureTM MSM,2008-10-04,(주)지텍뉴트리언스,관절건강에 도움이 될 수 있습니다(기타기능II),관절건강에 도움이 될 수 있습니다(기타기능II),MSM로서 1.5~2.0g,MSM로서 1.5~2.0g,본 제품은 관절건강에 도움을 줄 수 있으나 치료의 목적으로 사용될 수 없습니다.,본 제품은 관절건강에 도움을 줄 수 있으나 치료의 목적으로 사용될 수 없습니다.,식품안전나라,82
2009-32,가르시니아 캄보지아 추출물,2009-04-08,뉴트리펀코리아컨설팅,“탄수화물에서 지방으로의 합성을 억제하여 체지방 감소에 도움을 줍니다”(기타기능 I),"""탄수화물에서 지방으로의 합성을 억제하여 체지방 감소에 도움을 줍니다""(기타기능 I)","총 (-)-HCA로서 750~2,800 mg/day","총 (-)-HCA로서 750~2,800 mg/day",1) 임산부와 수유기 여성은 섭취를 피하는 것이 좋습니다.,1) 임산부와 수유기 여성은 섭취를 피하는 것이 좋습니다.,식품안전나라,101
2009-80,자일로올리고당(xylooligosaccharide) 분말,2009-10-21,에이치씨엔,"“장내 유익균 증식, 유해균 억제, 배변활동에 도움을 줄 수 있음”(기타기능II","""장내 유익균 증식, 유해균 억제, 배변활동에 도움을 줄 수 있음""(기타기능II",자일로올리고당으로서 0.7~7.5g,자일로올리고당으로서 0.7~7.5g,1) 과량으로 섭취 시 설사를 유발할 수도 있습니다.,1) 과량으로 섭취 시 설사를 유발할 수도 있습니다.,식품안전나라,442
2009-78,홍경천추출물 KH101,2009-10-15,(주)경희매니지먼트컴퍼니,“스트레스로 인한 피로개선에 도움을 줄 수 있음”(기타기능II),"""스트레스로 인한 피로개선에 도움을 줄 수 있음""(기타기능II)",홍경천추출물로서 200~600mg/day,홍경천추출물로서 200~600mg/day,"1) 영.유아, 임산부, 수유부는 섭취에 주의하시기 바랍니다. 
2) 알레르기 체질이거나 특정질환이 있는 분은 섭취 전 의사와 상담하시기 바랍니다.","1) 영.유아, 임산부, 수유부는 섭취에 주의하시기 바랍니다. 2) 알레르기 체질이거나 특정질환이 있는 분은 섭취 전 의사와 상담하시기 바랍니다.",식품안전나라,583
2009-81,자일로올리고당(xylooligosaccharide) 액상,2009-10-21,에이치씨엔,"“장내 유익균 증식, 유해균 억제, 배변활동에 도움을 줄 수 있음”(기타기능II)","""장내 유익균 증식, 유해균 억제, 배변활동에 도움을 줄 수 있음""(기타기능II)",자일로올리고당으로서 0.7~7.5 g,자일로올리고당으로서 0.7~7.5 g,1) 과량으로 섭취 시 설사를 유발할 수도 있습니다.,1) 과량으로 섭취 시 설사를 유발할 수도 있습니다.,식품안전나라,443
2009-82,가르시니아 캄보지아 껍질추출물,2009-10-19,주영엔에스(주),“탄수화물에서 지방으로의 합성을 억제하여 체지방 감소에 도움을 줍니다”(기타기능 I),"""탄수화물에서 지방으로의 합성을 억제하여 체지방 감소에 도움을 줍니다""(기타기능 I)","총 (-)-HCA로서 750~2,800 mg/day","총 (-)-HCA로서 750~2,800 mg/day",1) 임산부와 수유기 여성은 섭취를 피하는 것이 좋습니다.,1) 임산부와 수유기 여성은 섭취를 피하는 것이 좋습니다.,식품안전나라,93
2009-84,파크랜 크랜베리 분말(PACranTM Whole Cranberry Powder),2009-11-03,모네이쳐,“요로의 유해균 흡착 억제로 요로건강에 도움을 줄 수 있음”(기타기능II),"""요로의 유해균 흡착 억제로 요로건강에 도움을 줄 수 있음""(기타기능II)",“파크랜 크랜베리 분말” 로서 500~1000 mg/일,"""파크랜 크랜베리 분말"" 로서 500~1000 mg/일","1) 와파린, 쿠마딘 등 항응고제, 오메프라졸 등의 위산분비 억제제와 함께 섭취하지 마십시오
2) 제안된 섭취량 이상 과잉 복용할 경우 설사가 있을 수 있으므로, 정해진 섭취량을 준수하여 주십시오","1) 와파린, 쿠마딘 등 항응고제, 오메프라졸 등의 위산분비 억제제와 함께 섭취하지 마십시오 2) 제안된 섭취량 이상 과잉 복용할 경우 설사가 있을 수 있으므로, 정해진 섭취량을 준수하여 주십시오",식품안전나라,521
2010-29,밀크씨슬추출물,2010-07-12,아사히고도(주)서울영업소,“간 건강에 도움을 줄 수 있음” (기타기능II),"""간 건강에 도움을 줄 수 있음"" (기타기능II)",Silymarin으로서 130mg,Silymarin으로서 130mg,"1) 알레르기 반응이 나타나는 경우에는 섭취를 중단하십시오
2) 설사, 위통, 복부팽만 등의 위장관계 장애가 나타나는 경우에는 섭취를 주의 하십시오","1) 알레르기 반응이 나타나는 경우에는 섭취를 중단하십시오 2) 설사, 위통, 복부팽만 등의 위장관계 장애가 나타나는 경우에는 섭취를 주의 하십시오",식품안전나라,259
2014-22,석류효소처리추출물,2014-05-22,(주)에이치엘사이언스,"갱년기 여성의 건강에 도움을 줄 수 있음, 피부 보습에 도움을 줄 수 있음","갱년기 여성의 건강에 도움을 줄 수 있음, 피부 보습에 도움을 줄 수 있음",석류농축액으로서 13.3 g/일,석류농축액으로서 13.3 g/일,"1) 어린이, 임산부와 수유부는 섭취를 피하는 것이 좋습니다.
2) 에스트로겐 호르몬에 민감한 사람은 섭취에 주의하시기 바랍니다.","1) 어린이, 임산부와 수유부는 섭취를 피하는 것이 좋습니다. 2) 에스트로겐 호르몬에 민감한 사람은 섭취에 주의하시기 바랍니다.",식품안전나라,333
2013-30,저분자콜라겐펩타이드,2013-10-17,(주)뉴트리,,,,,,,식품안전나라,452
2014-19,감마리놀렌산함유유지,2014-05-14,(주)미래바이오텍,월경 전 변화에 의한 불편한 상태 개선에 도움을 줄 수 있음(생리활성기능 2등급),월경 전 변화에 의한 불편한 상태 개선에 도움을 줄 수 있음(생리활성기능 2등급),감마리놀렌산으로서 210 ～ 300 mg/일,감마리놀렌산으로서 210 ～ 300 mg/일,-,,식품안전나라,109
2009-68,가르시니아 캄보지아 껍질추출물,2009-08-03,(주)대덕약업,“탄수화물에서 지방으로의 합성을 억제하여 체지방 감소에 도움을 줍니다”(기타기능 I),"""탄수화물에서 지방으로의 합성을 억제하여 체지방 감소에 도움을 줍니다""(기타기능 I)","총 (-)-HCA로서 750~2,800 mg/day","총 (-)-HCA로서 750~2,800 mg/day",1) 임산부와 수유기 여성은 섭취를 피하는 것이 좋습니다.,1) 임산부와 수유기 여성은 섭취를 피하는 것이 좋습니다.,식품안전나라,93
2010-57,은행잎추출물,2010-11-24,주영엔에스(주),1) 성인의 기억력 개선에 도움을 줄 수 있음 (기타기능II) 2) 혈행 개선에 도움을 줄 수 있음 (기타기능II),1) 성인의 기억력 개선에 도움을 줄 수 있음 (기타기능II) 2) 혈행 개선에 도움을 줄 수 있음 (기타기능II),은행잎 추출물로서 120 mg/일,은행잎 추출물로서 120 mg/일,"1) 어린이, 임산부와 수유부는 섭취에 주의
2) 수술 전후에는 섭취에 주의 
3) 항응고제 복용시 섭취에 주의 
4) 질환자의 경우 섭취 전에 의사와 상담하시기 바람","1) 어린이, 임산부와 수유부는 섭취에 주의 2) 수술 전후에는 섭취에 주의 3) 항응고제 복용시 섭취에 주의 4) 질환자의 경우 섭취 전에 의사와 상담하시기 바람",식품안전나라,430
2007-8,솔잎 증류 농축액,2007-01-30,파인생명공학,"""건강한 혈당의 유지에 도움을 줄 수 있음"" (기타기능II)","""건강한 혈당의 유지에 도움을 줄 수 있음"" (기타기능II)",.,,"기관지 천식, 해소 기침이나 기도에 심한 염증이 있는 사람은 사용을 금하시기 바랍니다.","기관지 천식, 해소 기침이나 기도에 심한 염증이 있는 사람은 사용을 금하시기 바랍니다.",식품안전나라,339
2007-11,토치대두발효추출물,2007-02-23,한국암웨이(주),“‘토치대두발효추출물’은 발효시킨 콩을 추출한 것으로 당의 흡수를 억제하여 식후혈당을 건강하게 유지하는데 도움을 줄 수 있는 식품입니다.“(기타기능 II),"""'토치대두발효추출물'은 발효시킨 콩을 추출한 것으로 당의 흡수를 억제하여 식후혈당을 건강하게 유지하는데 도움을 줄 수 있는 식품입니다.""(기타기능 II)",.,,,,식품안전나라,518
2005-3,바나바주정추출물,2005-02-11,(주)웰니스바나바,혈당 조절에 도움을 줄 수 있음(기타기능II),혈당 조절에 도움을 줄 수 있음(기타기능II),바나바주정추출물로서 50～100 mg/일,바나바주정추출물로서 50～100 mg/일,당뇨병의 치료 및 예방의 목적으로 사용될 수 없음,당뇨병의 치료 및 예방의 목적으로 사용될 수 없음,식품안전나라,261
2010-33,지각상엽추출혼합물,2010-07-06,(주)지엠피바이오,혈당 조절에 도움을 줄 수 있음 (기타기능II),혈당 조절에 도움을 줄 수 있음 (기타기능II),지각상엽 추출 혼합물로서 2.8 g/일,지각상엽 추출 혼합물로서 2.8 g/일,1) 피부에 광과민성 반응이 나타나는 사람은 섭취에 주의,1) 피부에 광과민성 반응이 나타나는 사람은 섭취에 주의,식품안전나라,463
2014-31,그린커피빈추출물,2014-07-17,주영엔에스(주),"체지방 감소에 도움을 줄 수 있음
(생리활성기능 2등급)",체지방 감소에 도움을 줄 수 있음 (생리활성기능 2등급),그린커피빈추출물 로서 400 mg/일,그린커피빈추출물 로서 400 mg/일,"1) 임산부와 수유기 여성, 유아, 어린이는 섭취에 주의
2) 카페인이 함유되어 있어 초조감, 불면 등을 나타낼 수 있음","1) 임산부와 수유기 여성, 유아, 어린이는 섭취에 주의 2) 카페인이 함유되어 있어 초조감, 불면 등을 나타낼 수 있음",식품안전나라,136
2016-18,EPA 및 DHA 함유유지,2016-09-28,파이코일바이오텍코리아(주),건조한 눈을 개선하여 눈 건강에 도움을 줄 수 있음,건조한 눈을 개선하여 눈 건강에 도움을 줄 수 있음,EPA와 DHA의 합으로서 0.6~1 g/일,EPA와 DHA의 합으로서 0.6~1 g/일,-,,식품안전나라,25
2014-41,EPA 및 DHA 함유 유지,2014-08-28,아사히고도(주)서울영업소,"기억력 개선에 도움을 줄 수 있음
 (생리활성기능 2등급)",기억력 개선에 도움을 줄 수 있음 (생리활성기능 2등급),DHA와 EPA의 합으로서 0.9 ～ 2 g/일,DHA와 EPA의 합으로서 0.9 ～ 2 g/일,「건강기능식품 기능성 원료 및 기준․규격  인정에 관한 규정」 제10조제2항에 따라 「건강기능식품의 기준 및 규격」에 고시 예정임,「건강기능식품 기능성 원료 및 기준․규격 인정에 관한 규정」 제10조제2항에 따라 「건강기능식품의 기준 및 규격」에 고시 예정임,식품안전나라,25
2013-26,도라지추출물,2013-08-27,(주)온사이언스,간 건강에 도움을 줄 수 있음(생리활성기능 2등급),간 건강에 도움을 줄 수 있음(생리활성기능 2등급),도라지추출물로서 3 g/일,도라지추출물로서 3 g/일,"1) 임산부, 수유부 섭취에 주의
2) 알레르기 체질이거나 특정질환이 있는 분은 의사와 상담 후 섭취","1) 임산부, 수유부 섭취에 주의 2) 알레르기 체질이거나 특정질환이 있는 분은 의사와 상담 후 섭취",식품안전나라,182
2010-1,비즈왁스알코올,2010-01-08,(주)레이델코리아,1) 항산화에 도움을 줄 수 있음 2) 위점막을 보호하여 위건강에 도움을 줄 수 있음 3) 관절건강에 도움을 줄 수 있음,1) 항산화에 도움을 줄 수 있음 2) 위점막을 보호하여 위건강에 도움을 줄 수 있음 3) 관절건강에 도움을 줄 수 있음,1) 항산화 : 비즈왁스알코올로서 50~100 mg/일 2) 위건강 : 비즈왁스알코올로서 100 mg/일 3) 관절건강 : 비즈왁스알코올로서 50~100 mg/일,1) 항산화 : 비즈왁스알코올로서 50~100 mg/일 2) 위건강 : 비즈왁스알코올로서 100 mg/일 3) 관절건강 : 비즈왁스알코올로서 50~100 mg/일,"1) 어린이, 임산부 및 수유부는 섭취 시 주의하시기 바랍니다.","1) 어린이, 임산부 및 수유부는 섭취 시 주의하시기 바랍니다.",식품안전나라,299
2008-18,토치대두발효추출물,2008-03-28,한국암웨이(주),"“콩발효추출물은 발효시킨 콩을 추출한 것으로 당의 흡수를 억제하여 식후혈당을 건강하게 유지하는데 도움을 줄 수 있는 식품입니다."" (기타기능 II)","""콩발효추출물은 발효시킨 콩을 추출한 것으로 당의 흡수를 억제하여 식후혈당을 건강하게 유지하는데 도움을 줄 수 있는 식품입니다."" (기타기능 II)",900mg,900mg,-,,식품안전나라,518
2010-66,은행잎추출물,2010-12-31,(주)주피터인터내셔널,"성인의 기억력 개선에 도움을 줄 수 있음 (기타기능II)
혈행 개선에 도움을 줄 수 있음 (기타기능II)",성인의 기억력 개선에 도움을 줄 수 있음 (기타기능II) 혈행 개선에 도움을 줄 수 있음 (기타기능II),은행잎 추출물로서 120 mg/일,은행잎 추출물로서 120 mg/일,"① 어린이, 임산부와 수유부는 섭취에 주의하시기 
   바랍니다.
② 수술 전후에는 섭취에 주의하시기 바랍니다. 
③ 항응고제 복용시 섭취에 주의하시기 바랍니다. 
④ 질환자의 경우 섭취 전에 의사와 상담하여 주시기     바랍니다.","① 어린이, 임산부와 수유부는 섭취에 주의하시기 바랍니다. ② 수술 전후에는 섭취에 주의하시기 바랍니다. ③ 항응고제 복용시 섭취에 주의하시기 바랍니다. ④ 질환자의 경우 섭취 전에 의사와 상담하여 주시기 바랍니다.",식품안전나라,430
2004-2,자일리톨,2004-07-02,다니스코뉴트리션앤드바이오싸이언스코리아 유한회사,"◆ “충치발생위험감소”
◆ “자일리톨은 충치발생위험감소에 도움을 줍니다.”
◆ “자일리톨은 플라그 감소, 산생성 억제, 충치균 성장을 저해시켜 충치발생위험을 감소시킬 수 있습니다.”

  ※ 다수의 인체시험을 통하여 구강내의 플라그감소, 산생성억제, 충치균성장 억제의 기능으로 충치발생위험을 감소시킴이 확인되었음","◆ ""충치발생위험감소"" ◆ ""자일리톨은 충치발생위험감소에 도움을 줍니다."" ◆ ""자일리톨은 플라그 감소, 산생성 억제, 충치균 성장을 저해시켜 충치발생위험을 감소시킬 수 있습니다."" ※ 다수의 인체시험을 통하여 구강내의 플라그감소, 산생성억제, 충치균성장 억제의 기능으로 충치발생위험을 감소시킴이 확인되었음",자일리톨로서,자일리톨로서,"◆ 당류와 전분류의 함량이 높은 간식을 자주 섭취하면 충치발생위험이 높아집니다.
◆ 자일리톨을 일시에 40g 이상의 과량을 섭취할 경우에는 복부팽만감 등의 불쾌감을 느낄 수 있습니다.",◆ 당류와 전분류의 함량이 높은 간식을 자주 섭취하면 충치발생위험이 높아집니다. ◆ 자일리톨을 일시에 40g 이상의 과량을 섭취할 경우에는 복부팽만감 등의 불쾌감을 느낄 수 있습니다.,식품안전나라,444
2004-3,씨제이 테아닌등 복합추출물,2004-07-31,씨제이(주),"“기억력 개선에 도움을 줄 수도 있으나 아직은 과학적 근거가 부족합니다”

(동물시험을 통하여 기억력을 개선시키는 데 도움이 됨을 확인하였으나 인체시험에서는 확인되지 않았음)","""기억력 개선에 도움을 줄 수도 있으나 아직은 과학적 근거가 부족합니다"" (동물시험을 통하여 기억력을 개선시키는 데 도움이 됨을 확인하였으나 인체시험에서는 확인되지 않았음)",.,,"테아닌은 카페인과 길항작용이 있으므로 섭취시 카페인 함유음료(커피, 홍차, 녹차)의 섭취를 삼가하시기 바랍니다.","테아닌은 카페인과 길항작용이 있으므로 섭취시 카페인 함유음료(커피, 홍차, 녹차)의 섭취를 삼가하시기 바랍니다.",식품안전나라,367
2004-7,씨제이 히비스커스 등 복합추출물,2004-09-03,씨제이웰케어,"""OOO*은 체지방 감소에 도움을 줄 수 있습니다.""
◆ *OOO: ‘씨제이히비스커스복합추출물’이 섭취량 이상 함유된 제품명
◆ 인체시험에서 체지방 감소에 도움을 줄 수 있음을 확인하였으나 자료의 수가 제한되어 있음. 따라서 반드시 ‘---에 도움을 줄 수 있습니다’의 형식으로 표시하여야 함.","""OOO*은 체지방 감소에 도움을 줄 수 있습니다."" ◆ *OOO: '씨제이히비스커스복합추출물'이 섭취량 이상 함유된 제품명 ◆ 인체시험에서 체지방 감소에 도움을 줄 수 있음을 확인하였으나 자료의 수가 제한되어 있음. 따라서 반드시 '---에 도움을 줄 수 있습니다'의 형식으로 표시하여야 함.",‘씨제이히비스커스등복합추출물’로서,'씨제이히비스커스등복합추출물'로서,체지방 감소는 반드시 식사조절과 운동이 병행되어야 효과적입니다.,체지방 감소는 반드시 식사조절과 운동이 병행되어야 효과적입니다.,식품안전나라,369
2004-8,초록입홍합추출오일복합물,2004-10-22,(주)씨스팡,관절건강에 도움이 될 수 있습니다.,관절건강에 도움이 될 수 있습니다.,620mg,620mg,？ 혈전용해제를 복용하시는 분은 의사와 상담하여 주시기 바랍니다.,？ 혈전용해제를 복용하시는 분은 의사와 상담하여 주시기 바랍니다.,식품안전나라,486
2009-34,가르시니아 캄보지아 껍질추출물 60HCA,2009-04-08,(주)네이쳐팜,“탄수화물에서 지방으로의 합성을 억제하여 체지방 감소에 도움을 줍니다”(기타기능 I),"""탄수화물에서 지방으로의 합성을 억제하여 체지방 감소에 도움을 줍니다""(기타기능 I)","총 (-)-HCA로서 750~2,800 mg/day","총 (-)-HCA로서 750~2,800 mg/day",1) 임산부와 수유기 여성은 섭취를 피하는 것이 좋습니다.,1) 임산부와 수유기 여성은 섭취를 피하는 것이 좋습니다.,식품안전나라,95
2009-37,밀크씨슬추출물,2009-04-16,(주)삼오제약,“간 건강에 도움을 줄 수 있으나 인체시험을 통한 확인이 필요함” (기타기능II),"""간 건강에 도움을 줄 수 있으나 인체시험을 통한 확인이 필요함"" (기타기능II)",Silymarin으로서 130mg,Silymarin으로서 130mg,"1) 알레르기 반응이 나타나는 경우에는 섭취를 중단하십시오
2) 설사, 위통, 복부팽만 등의 위장관계 장애가 나타나는 경우에는 섭취를 주의 하십시오","1) 알레르기 반응이 나타나는 경우에는 섭취를 중단하십시오 2) 설사, 위통, 복부팽만 등의 위장관계 장애가 나타나는 경우에는 섭취를 주의 하십시오",식품안전나라,259
2009-47,콜레우스 포스콜리 추출물 Forslean,2009-06-05,씨제이제일제당(주),체지방 감소에 도움을 줄 수 있습니다(기타기능II),체지방 감소에 도움을 줄 수 있습니다(기타기능II),콜레우스 포스콜리 추출물로서 500mg/일,콜레우스 포스콜리 추출물로서 500mg/일,"1) 항응고제 또는 혈압조절제를 복용하시거나 혈압이 낮으신 분은 섭취에 주의
2) 임산부, 수유여성, 어린이는 섭취에 주의","1) 항응고제 또는 혈압조절제를 복용하시거나 혈압이 낮으신 분은 섭취에 주의 2) 임산부, 수유여성, 어린이는 섭취에 주의",식품안전나라,495
2009-56,가르시니아 캄보지아 껍질추출물 60HCA MP,2009-06-05,(주)네이쳐팜,“탄수화물에서 지방으로의 합성을 억제하여 체지방 감소에 도움을 줍니다”(기타기능 I),"""탄수화물에서 지방으로의 합성을 억제하여 체지방 감소에 도움을 줍니다""(기타기능 I)","총 (-)-HCA로서 750~2,800 mg/day","총 (-)-HCA로서 750~2,800 mg/day",1) 임산부와 수유기 여성은 섭취를 피하는 것이 좋습니다.,1) 임산부와 수유기 여성은 섭취를 피하는 것이 좋습니다.,식품안전나라,96
2008-55,헛개나무과병추출분말,2008-10-03,농업회사법인 주식회사 생명의나무,"알콜성 손상으로부터 간을 보호하는데 도움을 줄 수 있음(생리활성기능 2등급), 운동능력 향상에 도움을 줄 수 있음(생리활성기능 2등급), 스트레스로 인한 피로 개선에 도움을 줄 수 있음(생리활성기능 2등급)","알콜성 손상으로부터 간을 보호하는데 도움을 줄 수 있음(생리활성기능 2등급), 운동능력 향상에 도움을 줄 수 있음(생리활성기능 2등급), 스트레스로 인한 피로 개선에 도움을 줄 수 있음(생리활성기능 2등급)",헛개나무 과병 추출 분말로서 2.460mg/일,헛개나무 과병 추출 분말로서 2.460mg/일,-,,식품안전나라,570
2009-66,쌀겨추출물,2009-08-07,씨제이웰케어,피부보습에 도움을 줄 수 있음(기타II),피부보습에 도움을 줄 수 있음(기타II),쌀겨추출물로서 10~34mg/일,쌀겨추출물로서 10~34mg/일,1) 임산부와 수유기 여성은 섭취를 피하는 것이 좋습니다.,1) 임산부와 수유기 여성은 섭취를 피하는 것이 좋습니다.,식품안전나라,357
2008-3,가르시니아캄보지아껍질추출물 HCA-600-SXS,2008-01-11,씨제이제일제당(주),“탄수화물에서 지방으로의 합성을 억제하여 체지방 감소에 도움을 줍니다(기타Ⅰ)”,"""탄수화물에서 지방으로의 합성을 억제하여 체지방 감소에 도움을 줍니다(기타Ⅰ)""","총 (-)-HCA로서 750~2,800 mg/day","총 (-)-HCA로서 750~2,800 mg/day",1) 임산부와 수유기 여성은 섭취를 피하는 것이 좋습니다.,1) 임산부와 수유기 여성은 섭취를 피하는 것이 좋습니다.,식품안전나라,102
2008-41,쏘팔메토 열매 초임계추출물,2008-08-08,뉴트리펀코리아컨설팅,“쏘팔메토 열매추출물은 전립선 건강의 유지에 도움을 줄 수 있습니다.”,"""쏘팔메토 열매추출물은 전립선 건강의 유지에 도움을 줄 수 있습니다.""",쏘팔메토 열매추출물로서 320mg,쏘팔메토 열매추출물로서 320mg,"1) 임산부, 수유여성은 섭취에 주의
2) 매스꺼움이나 설사 등 소화계통의 불편함을 유발할 수 있음","1) 임산부, 수유여성은 섭취에 주의 2) 매스꺼움이나 설사 등 소화계통의 불편함을 유발할 수 있음",식품안전나라,362
2008-44,KANEKA Q10,2008-08-26,한국암웨이(주),"""코엔자임 Q10은 혈압이 높은 사람에게 도움을 줄 수 있습니다."" (기타기능II)","""코엔자임 Q10은 혈압이 높은 사람에게 도움을 줄 수 있습니다."" (기타기능II)",90~100mg,90~100mg,-,,식품안전나라,35
2010-45,Dimethylsulfone(MSM),2010-10-26,아사히고도(주)서울영업소,관절 건강에 도움을 줄 수 있음(기타기능II),관절 건강에 도움을 줄 수 있음(기타기능II),메틸설포닐메탄(Methylsulfonylmethane; MSM) 으로서 1.5～2.0 g/일,메틸설포닐메탄(Methylsulfonylmethane; MSM) 으로서 1.5～2.0 g/일,-,,식품안전나라,24
2010-7,Green Mate Extract EFLA® 920,2010-02-09,롯데제과(주),“체지방 감소에 도움을 줄 수 있습니다”(기타기능II),"""체지방 감소에 도움을 줄 수 있습니다""(기타기능II)",Green Mate Extract EFLA? 920로서 3 g/일,Green Mate Extract EFLA? 920로서 3 g/일,"1) 어린이, 임산부 및 수유부는 섭취를 피할 것
2) 질환이 있거나 의약품 목용시 전문가와 상담할 것
3) 카페인을 함유한 식품의 섭취에 주의할 것
4) 이상사례 발생 시 섭취를 중단하고 전문가와 상담할 것","1) 어린이, 임산부 및 수유부는 섭취를 피할 것 2) 질환이 있거나 의약품 목용시 전문가와 상담할 것 3) 카페인을 함유한 식품의 섭취에 주의할 것 4) 이상사례 발생 시 섭취를 중단하고 전문가와 상담할 것",식품안전나라,32
2015-17,천마 등 복합추출물(HX106),2015-04-30,(주)헬릭스미스,기억력 개선에 도움을 줄 수 있음(생리활성기능 2등급),기억력 개선에 도움을 줄 수 있음(생리활성기능 2등급),천마 등 복합추출물(HX106)으로서 1.1 g/일,천마 등 복합추출물(HX106)으로서 1.1 g/일,1) 임산부 및 수유부는 섭취에 주의,1) 임산부 및 수유부는 섭취에 주의,식품안전나라,479
2015-24,EPA 및 DHA 함유유지,2015-11-04,(주)화인비에스,건조한 눈을 개선하여 눈 건강에 도움을 줄 수 있음(생리활성기능 2등급),건조한 눈을 개선하여 눈 건강에 도움을 줄 수 있음(생리활성기능 2등급),EPA와 DHA의 합으로서 0.6~1 g/일,EPA와 DHA의 합으로서 0.6~1 g/일,-,,식품안전나라,25
2014-29,무화과페이스트,2014-07-03,영암녹색무화과(주),"배변활동 원활에 도움을 줄 수 있음
(생리활성기능 2등급)",배변활동 원활에 도움을 줄 수 있음 (생리활성기능 2등급),신청원료로서 300 g/일,신청원료로서 300 g/일,"1) 무화과에 알레르기를 나타내는 사람은 섭취에 주의
2) 과다 섭취 시 일시적인 복부팽만감을 느낄 수 있음",1) 무화과에 알레르기를 나타내는 사람은 섭취에 주의 2) 과다 섭취 시 일시적인 복부팽만감을 느낄 수 있음,식품안전나라,244
2011-36,홍경천추출물,2011-11-04,(주)대덕약업,“스트레스로 인한 피로개선에 도움을 줄 수 있음”(생리활성기능 2등급),"""스트레스로 인한 피로개선에 도움을 줄 수 있음""(생리활성기능 2등급)",홍경천추출물로서 200～600 mg,홍경천추출물로서 200～600 mg,-,,식품안전나라,582
2014-3,초록입홍합추출오일,2014-01-29,서해수산,"관절건강에 도움을 줄 수 있음
(생리활성기능 2등급)",관절건강에 도움을 줄 수 있음 (생리활성기능 2등급),초록입홍합추출오일로서 200 mg/일,초록입홍합추출오일로서 200 mg/일,혈전용해제를 복용하시는 분은 의사와 상담 후 섭취,혈전용해제를 복용하시는 분은 의사와 상담 후 섭취,식품안전나라,485
2009-51,루테인복합물VBAF,2009-06-05,뉴트리펀코리아컨설팅,“루테인은 노화로 인해 감소될 수 있는 황반색소밀도를 유지시켜 주어 눈건강에 도움을 줍니다.(기타 I등급)”,"""루테인은 노화로 인해 감소될 수 있는 황반색소밀도를 유지시켜 주어 눈건강에 도움을 줍니다.(기타 I등급)""",루테인으로써 10~20mg,루테인으로써 10~20mg,"1) 과다 섭취 시 일시적으로 피부가 황색으로 변할 수 있습니다.
2) 임산부는 섭취 전 의사와 상담이 필요합니다.-
3) 식품에 알레르기가 있으신 분은 섭취 전 포장에 표시된 원료 명칭을 확인하시기 바랍니다.
4) 병원에서 치료 중이신 분, 다른 약품을 섭취 중이신 분, 임산부, 수유부는 섭취 전 의사와 상담하시기 바랍니다.","1) 과다 섭취 시 일시적으로 피부가 황색으로 변할 수 있습니다. 2) 임산부는 섭취 전 의사와 상담이 필요합니다.- 3) 식품에 알레르기가 있으신 분은 섭취 전 포장에 표시된 원료 명칭을 확인하시기 바랍니다. 4) 병원에서 치료 중이신 분, 다른 약품을 섭취 중이신 분, 임산부, 수유부는 섭취 전 의사와 상담하시기 바랍니다.",식품안전나라,218
2009-17,보이차 추출물,2009-02-26,씨제이웰케어,“혈중 콜레스테롤 개선에 도움을 줄 수 있습니다.”(기타기능 II),"""혈중 콜레스테롤 개선에 도움을 줄 수 있습니다.""(기타기능 II)",보이차 추출물로서 1g,보이차 추출물로서 1g,"1) 카페인이 함유되어 있어 초조감, 불면 등을 나타낼 수 있음
2) 임산부, 수유여성, 어린이, 알레르기성 질환보유자, 질병치료 중인 환자는 섭취에 주의","1) 카페인이 함유되어 있어 초조감, 불면 등을 나타낼 수 있음 2) 임산부, 수유여성, 어린이, 알레르기성 질환보유자, 질병치료 중인 환자는 섭취에 주의",식품안전나라,289
2016-14,EPA 및 DHA 함유유지,2016-08-23,(주)나암에스앤에이치,기억력 개선에 도움을 줄 수 있음,기억력 개선에 도움을 줄 수 있음,EPA와 DHA의 합으로서 0.9~2g/일,EPA와 DHA의 합으로서 0.9~2g/일,-,,식품안전나라,25
2010-40,석류효소처리추출물,2010-08-30,(주)에이치엘사이언스,갱년기 여성의 건강에 도움을 줄 수 있음(생리활성기능 2등급),갱년기 여성의 건강에 도움을 줄 수 있음(생리활성기능 2등급),석류농축액으로서 40 ml/일,석류농축액으로서 40 ml/일,"1) 어린이, 임산부와 수유부는 섭취를 피하는 것이 좋습니다.
2) 에스트로겐 호르몬에 민감한 사람은 섭취에 주의 하시기 바랍니다.","1) 어린이, 임산부와 수유부는 섭취를 피하는 것이 좋습니다. 2) 에스트로겐 호르몬에 민감한 사람은 섭취에 주의 하시기 바랍니다.",식품안전나라,333
2016-9,EPA 및 DHA 함유유지,2016-06-15,(주)에프앤디넷,기억력 개선에 도움을 줄 수 있음,기억력 개선에 도움을 줄 수 있음,EPA와 DHA의 합으로서 0.9~2g/일,EPA와 DHA의 합으로서 0.9~2g/일,-,,식품안전나라,25
2016-8,EPA 및 DHA 함유유지,2016-06-15,대상(주),건조한 눈을 개선하여 눈 건강에 도움을 줄 수 있음,건조한 눈을 개선하여 눈 건강에 도움을 줄 수 있음,EPA와 DHA의 합으로서 0.6~1 g/일,EPA와 DHA의 합으로서 0.6~1 g/일,-,,식품안전나라,25
2014-7,보이차추출물,2014-02-19,주영엔에스(주),1) 체지방 감소에 도움을 줄 수 있음 2) 혈중 콜레스테롤 개선에 도움을 줄 수 있음,1) 체지방 감소에 도움을 줄 수 있음 2) 혈중 콜레스테롤 개선에 도움을 줄 수 있음,신청원료로서 1 g/일,신청원료로서 1 g/일,"1) 카페인이 함유되어 있어 초조감, 불면 등을 나타 낼 수 있음
2) 임산부, 수유여성, 어린이, 질병치료 중인 환자는 섭취에 주의","1) 카페인이 함유되어 있어 초조감, 불면 등을 나타 낼 수 있음 2) 임산부, 수유여성, 어린이, 질병치료 중인 환자는 섭취에 주의",식품안전나라,289
2008-6,APIC 대두배아열수추출물등 복합물,2008-02-05,(주)아모레퍼시픽,체지방 감소에 도움을 줄 수 있음(생리활성기능 2등급),체지방 감소에 도움을 줄 수 있음(생리활성기능 2등급),APIC 대두배아열수추출물로서 700mg/일,APIC 대두배아열수추출물로서 700mg/일,"1) 알르레기성 비염, 천식, 우유 알레르기 반응을 나타내는 사람은 섭취에 주의
2) 임산부, 수유기 여성 및 어린이는 섭취에 주의","1) 알르레기성 비염, 천식, 우유 알레르기 반응을 나타내는 사람은 섭취에 주의 2) 임산부, 수유기 여성 및 어린이는 섭취에 주의",식품안전나라,2
2016-3,EPA 및 DHA 함유유지,2016-02-26,주식회사 조향,건조한 눈을 개선하여 눈 건강에 도움을 줄 수 있음.,건조한 눈을 개선하여 눈 건강에 도움을 줄 수 있음.,EPA와 DHA의 합으로서 0.6~1 g/일,EPA와 DHA의 합으로서 0.6~1 g/일,-,,식품안전나라,25
2008-7,L-글루타민,2008-02-05,대상주식회사,“과도한 운동 후의 L-글루타민 보충은 신체 저항능력 향상에 도움이 될 수 있습니다” (기타기능II),"""과도한 운동 후의 L-글루타민 보충은 신체 저항능력 향상에 도움이 될 수 있습니다"" (기타기능II)",3~5g/일 (과도한 운동 직후 섭취),3~5g/일 (과도한 운동 직후 섭취),"1) Methotrexate, anticonvulsants, lactulose의 효과를 경감시킬 우려가 있음
2)  MSG에 민감한 사람은 섭취를 주의해야 함
3) 신장 및 간질환이 있는 환자는 섭취를 주의 해야 함
4) 임산부, 수유부는 의사의 처방 없이는 섭취를 삼가야 함","1) Methotrexate, anticonvulsants, lactulose의 효과를 경감시킬 우려가 있음 2) MSG에 민감한 사람은 섭취를 주의해야 함 3) 신장 및 간질환이 있는 환자는 섭취를 주의 해야 함 4) 임산부, 수유부는 의사의 처방 없이는 섭취를 삼가야 함",식품안전나라,38
2015-26,EPA 및 DHA 함유 유지,2015-11-04,주영엔에스,건조한 눈을 개선하여 눈 건강에 도움을 줄 수 있음(생리활성기능 2등급),건조한 눈을 개선하여 눈 건강에 도움을 줄 수 있음(생리활성기능 2등급),EPA와 DHA의 합으로서 0.6~1 g/일,EPA와 DHA의 합으로서 0.6~1 g/일,-,,식품안전나라,25
2012-22,마리골드 추출물(루테인 에스테르),2012-09-10,한국암웨이(주),노화로 인해 감소될 수 있는 황반색소밀도를 유지하여 눈 건강에 도움을 줄 수 있음(생리활성기능 2등급),노화로 인해 감소될 수 있는 황반색소밀도를 유지하여 눈 건강에 도움을 줄 수 있음(생리활성기능 2등급),루테인 에스테르로서 18.5~20 mg/일 (루테인으로서 10~10.8mg),루테인 에스테르로서 18.5~20 mg/일 (루테인으로서 10~10.8mg),1) 과다 섭취시 일시적으로 피부ㅏ 황색으로 변할 수 있음,1) 과다 섭취시 일시적으로 피부ㅏ 황색으로 변할 수 있음,식품안전나라,229
2013-9,포도씨 추출물,2013-05-27,피엘토마스앤코 인크 한국지점,,,,,,,식품안전나라,528
2009-49,리프리놀-초록입홍합추출오일,2009-06-05,(주)한국파마링크,“관절건강에 도움이 될 수 있음(기타기능II)”,"""관절건강에 도움이 될 수 있음(기타기능II)""",리프리놀-초록입홍합추출오일로서 200mg,리프리놀-초록입홍합추출오일로서 200mg,혈전용해제를 복용하시는 분은 의사와 상담하여 주시기 바랍니다.,혈전용해제를 복용하시는 분은 의사와 상담하여 주시기 바랍니다.,식품안전나라,224
2014-17,로즈힙분말,2014-05-01,(주)코드바이오,"관절 및 연골 건강에 도움을 줄 수 있음
(생리활성기능 2등급)",관절 및 연골 건강에 도움을 줄 수 있음 (생리활성기능 2등급),로즈힙분말로서 5g/일,로즈힙분말로서 5g/일,"(1) 알레르기 반응을 보이는 사람의 경우 섭취전 성분 확인 필요함
(2) 임산부, 수유부, 어린이의 섭취는 전문의와 상담 후 섭취를 권장함","(1) 알레르기 반응을 보이는 사람의 경우 섭취전 성분 확인 필요함 (2) 임산부, 수유부, 어린이의 섭취는 전문의와 상담 후 섭취를 권장함",식품안전나라,211
2010-64,은행잎추출물,2010-12-31,(주)더써머스,"인의 기억력 개선에 도움을 줄 수 있음 (기타기능II)
혈행 개선에 도움을 줄 수 있음 (기타기능II)",인의 기억력 개선에 도움을 줄 수 있음 (기타기능II) 혈행 개선에 도움을 줄 수 있음 (기타기능II),은행잎 추출물로서 120 mg/일,은행잎 추출물로서 120 mg/일,"① 어린이, 임산부와 수유부는 섭취에 주의하시기 
   바랍니다.
② 수술 전후에는 섭취에 주의하시기 바랍니다. 
③ 항응고제 복용시 섭취에 주의하시기 바랍니다. 
④ 질환자의 경우 섭취 전에 의사와 상담하여 주시기     바랍니다.","① 어린이, 임산부와 수유부는 섭취에 주의하시기 바랍니다. ② 수술 전후에는 섭취에 주의하시기 바랍니다. ③ 항응고제 복용시 섭취에 주의하시기 바랍니다. ④ 질환자의 경우 섭취 전에 의사와 상담하여 주시기 바랍니다.",식품안전나라,430
2012-37,토마토추출물,2012-12-27,주식회사 뉴트리플랜,"항산화에 도움을 줄 수 있음
 (생리활성기능 2등급)",항산화에 도움을 줄 수 있음 (생리활성기능 2등급),(all-trans)-lycopene 으로서 5.7~15 mg/일,(all-trans)-lycopene 으로서 5.7~15 mg/일,"1) 임산부, 수유여성 및 어린이는 섭취에 주의","1) 임산부, 수유여성 및 어린이는 섭취에 주의",식품안전나라,517
2010-16,밀크씨슬추출물,2010-04-05,(주)대덕약업,“간 건강에 도움을 줄 수 있음” (기타기능II),"""간 건강에 도움을 줄 수 있음"" (기타기능II)",Silymarin,Silymarin,"1) 알레르기 반응이 나타나는 경우에는 섭취를 중단하십시오
2) 설사, 위통, 복부팽만 등의 위장관계 장애가 나타나는 경우에는 섭취를 주의 하십시오","1) 알레르기 반응이 나타나는 경우에는 섭취를 중단하십시오 2) 설사, 위통, 복부팽만 등의 위장관계 장애가 나타나는 경우에는 섭취를 주의 하십시오",식품안전나라,259
2007-10,글루코사민,2007-07-30,(주)신화바이오,"-관절 및 연골의 구성성분
-관절 및 연골을 튼튼히 하는데 도움
-관절 및 연골건강에 도움",-관절 및 연골의 구성성분 -관절 및 연골을 튼튼히 하는데 도움 -관절 및 연골건강에 도움,(글루코사민 염산염으로서),(글루코사민 염산염으로서),,,식품안전나라,139
2007-11,미쯔비시 코엔자임Q10,2007-07-31,삼성물산(주),"""코엔자임 Q10은 항산화에 도움을 줄 수 있습니다.” (기타기능II)","""코엔자임 Q10은 항산화에 도움을 줄 수 있습니다."" (기타기능II)",.,,"영유아, 임산부는 섭취를 삼가야 합니다.","영유아, 임산부는 섭취를 삼가야 합니다.",식품안전나라,251
2007-20,Dimethylsulfone(MSM),2007-12-06,(주)케어메딕스,"""Dimethylsulfone(MSM)은 관절건강에 도움이 될 수 있습니다.” (기타기능II)","""Dimethylsulfone(MSM)은 관절건강에 도움이 될 수 있습니다."" (기타기능II)",.,,본 제품은 관절건강에 도움을 줄 수 있으나 치료의 목적으로 사용될 수 없습니다.,본 제품은 관절건강에 도움을 줄 수 있으나 치료의 목적으로 사용될 수 없습니다.,식품안전나라,24
2007-21,유단백가수분해물(락티움),2007-12-07,롯데쇼핑주식회사,“유단백가수분해물은 스트레스로 인한 긴장을 완화하는데 도움을 줄 수 있습니다”(기타Ⅱ),"""유단백가수분해물은 스트레스로 인한 긴장을 완화하는데 도움을 줄 수 있습니다""(기타Ⅱ)",유단백가수분해물(락티움)로서,유단백가수분해물(락티움)로서,"- 임산부, 수유여성 및 12세 이하 어린이는 섭취에 주의하여야 합니다.
 - 우유 및 유제품에 대하여 알레르기를 나타내는 사람은 섭취에 주의하여야 합니다.","- 임산부, 수유여성 및 12세 이하 어린이는 섭취에 주의하여야 합니다. - 우유 및 유제품에 대하여 알레르기를 나타내는 사람은 섭취에 주의하여야 합니다.",식품안전나라,419
2010-67,은행잎추출물,2010-12-31,(주)동일팜텍,"성인의 기억력 개선에 도움을 줄 수 있음 (기타기능II)
혈행 개선에 도움을 줄 수 있음 (기타기능II)",성인의 기억력 개선에 도움을 줄 수 있음 (기타기능II) 혈행 개선에 도움을 줄 수 있음 (기타기능II),은행잎 추출물로서 120 mg/일,은행잎 추출물로서 120 mg/일,"① 어린이, 임산부와 수유부는 섭취에 주의하시기 
   바랍니다.
② 수술 전후에는 섭취에 주의하시기 바랍니다. 
③ 항응고제 복용시 섭취에 주의하시기 바랍니다. 
④ 질환자의 경우 섭취 전에 의사와 상담하여 주시기     바랍니다.","① 어린이, 임산부와 수유부는 섭취에 주의하시기 바랍니다. ② 수술 전후에는 섭취에 주의하시기 바랍니다. ③ 항응고제 복용시 섭취에 주의하시기 바랍니다. ④ 질환자의 경우 섭취 전에 의사와 상담하여 주시기 바랍니다.",식품안전나라,430
2008-27,대두이소플라본,2008-05-23,씨제이제일제당(주),"“뼈 건강에 도움을 줄 수 있습니다."" (기타기능 II)","""뼈 건강에 도움을 줄 수 있습니다."" (기타기능 II)",이소플라본 비배당체로서 25~27mg/day,이소플라본 비배당체로서 25~27mg/day,"1) 섭취 대상자는 폐경기 여성임.
2) 임산부와 수유 여성은 섭취를 삼가야 함.
3) 영유아, 어린이는 섭취를 삼가야 함.
4) 대두 이소플라본에 민감한 사람은 섭취를 삼가야 함.
5) 갑상선, 유방암, 자궁내막암, 방광암 환자 등은 섭취를 삼가야 함.","1) 섭취 대상자는 폐경기 여성임. 2) 임산부와 수유 여성은 섭취를 삼가야 함. 3) 영유아, 어린이는 섭취를 삼가야 함. 4) 대두 이소플라본에 민감한 사람은 섭취를 삼가야 함. 5) 갑상선, 유방암, 자궁내막암, 방광암 환자 등은 섭취를 삼가야 함.",식품안전나라,175
2008-39,수용화 코큐텐 분말 ALL-Q,2008-08-08,(주)디에스엠뉴트리션코리아,"코엔자임Q10은 항산화에 도움을 줄 수 있습니다.
(기타II 등급)",코엔자임Q10은 항산화에 도움을 줄 수 있습니다. (기타II 등급),코엔자임Q10으로써 90~100mg,코엔자임Q10으로써 90~100mg,-,,식품안전나라,344
2007-16,내츄럴아스타잔틴컴플렉스,2007-10-11,이엔지바이오(주),“헤마토코쿠스 CO2 초임계추출물의 섭취는 눈의 피로도 개선에 도움을 줄 수 있습니다.”(기타Ⅱ등급),"""헤마토코쿠스 CO2 초임계추출물의 섭취는 눈의 피로도 개선에 도움을 줄 수 있습니다.""(기타Ⅱ등급)",(Astaxanthin 으로서 4~12 mg/day),(Astaxanthin 으로서 4~12 mg/day),"- 제안된 섭취량 이상 섭취 시 일시적으로 피부가 황색으로 변할 수 있습니다.                                                             
 - 임산부와 수유기 여성은 섭취를 피하는 것이 좋습니다.                                                                                                                                                                                                                                                                              
 - β-carotene의 흡수를 저해할 수 있습니다.",- 제안된 섭취량 이상 섭취 시 일시적으로 피부가 황색으로 변할 수 있습니다. - 임산부와 수유기 여성은 섭취를 피하는 것이 좋습니다. - β-carotene의 흡수를 저해할 수 있습니다.,식품안전나라,154
2008-82,쏘팔메토 열매 추출물(Palmetto RossoTM),2008-12-30,아사히고도(주)서울영업소,“쏘팔메토 열매추출물은 전립선 건강의 유지에 도움을 줄 수 있습니다” (기타기능II),"""쏘팔메토 열매추출물은 전립선 건강의 유지에 도움을 줄 수 있습니다"" (기타기능II)",쏘팔메토 열매추출물로서 320mg,쏘팔메토 열매추출물로서 320mg,"1) 임산부 및 수유여성은 섭취에 주의
2) 메스꺼움이나 설사 등 소화계통의 불편함을 유발할 수 있음",1) 임산부 및 수유여성은 섭취에 주의 2) 메스꺼움이나 설사 등 소화계통의 불편함을 유발할 수 있음,식품안전나라,365
2010-43,탈지달맞이꽃종자주정추출물,2010-09-09,(주)미스바알텍,당의 흡수를 억제하여 식후 혈당상승억제에 도움을 줄 수 있음 (기타기능II),당의 흡수를 억제하여 식후 혈당상승억제에 도움을 줄 수 있음 (기타기능II),탈지달맞이꽃종자주정추출물로서 200～300 mg/일,탈지달맞이꽃종자주정추출물로서 200～300 mg/일,-,,식품안전나라,512
2009-4,난소화성말토덱스트린,2009-01-28,한국마쯔다니(주),혈중 중성지질 개선에 도움을 줄 수 있음(기타기능 II),혈중 중성지질 개선에 도움을 줄 수 있음(기타기능 II),난소화성말토덱스트린으로서 15~30g,난소화성말토덱스트린으로서 15~30g,건강기능식품공전 II.2.4.4.4 난소화성말토덱스트린과 동일,건강기능식품공전 II.2.4.4.4 난소화성말토덱스트린과 동일,식품안전나라,153
2009-6,Tonalin CLA TG,2009-01-29,코그니스코리아(주),"“과체중인 성인의 체지방 감소에 도움을 줄 수 있습니다."" (기타기능 II)","""과체중인 성인의 체지방 감소에 도움을 줄 수 있습니다."" (기타기능 II)",공액리놀레산으로서 1.7~4.0 g/day,공액리놀레산으로서 1.7~4.0 g/day,"1) 위장장애가 발생할 수 있습니다.
2) 영유아, 임산부는 섭취를 삼가야 해야 합니다.
3) 식사조절, 운동을 병행하는 것이 바람직합니다.","1) 위장장애가 발생할 수 있습니다. 2) 영유아, 임산부는 섭취를 삼가야 해야 합니다. 3) 식사조절, 운동을 병행하는 것이 바람직합니다.",식품안전나라,85
2009-67,동결건조누에분말,2009-08-21,(사)대한잠사회,“혈당조절에 도움을 줄 수 있음(기타Ⅱ)”,"""혈당조절에 도움을 줄 수 있음(기타Ⅱ)""",동결건조누에분말로서 2.7g/일,동결건조누에분말로서 2.7g/일,1) 당뇨병의 치료 및 예방에 사용될 수 없으므로 당뇨병 치료가 필요한 경우에는 의사와 상담 하에 사용하여야 합니다.,1) 당뇨병의 치료 및 예방에 사용될 수 없으므로 당뇨병 치료가 필요한 경우에는 의사와 상담 하에 사용하여야 합니다.,식품안전나라,188
2015-3,오메가-3 지방산 함유 유지,2015-01-05,(주)백중인터내셔널,별도첨부,별도첨부,별도첨부,별도첨부,고시형 원료의 기능성 추가,고시형 원료의 기능성 추가,식품안전나라,399
2010-19,라피노스,2010-04-05,(주)뉴트리,1) 장내 유익균의 증식과 유해균의 억제에 도움을 줄 수 있습니다.(기타기능 II) 2) 배변활동을 원활히 하는데 도움을 줄 수 있습니다.(기타기능 II),1) 장내 유익균의 증식과 유해균의 억제에 도움을 줄 수 있습니다.(기타기능 II) 2) 배변활동을 원활히 하는데 도움을 줄 수 있습니다.(기타기능 II),라피노스로서 3~5g,라피노스로서 3~5g,1) 섭취량 이상 섭취 시 설사를 일으킬 수 있습니다.,1) 섭취량 이상 섭취 시 설사를 일으킬 수 있습니다.,식품안전나라,200
2008-34,표고버섯균사체 AHCC,2008-06-23,(주)케이씨에프코리아,“신체방어능력향상에 도움이 될 수 있으나 인체시험을 통한 확인이 필요함”,"""신체방어능력향상에 도움이 될 수 있으나 인체시험을 통한 확인이 필요함""",표고버섯균사체 AHCC로서 1.8~3.6 g/day,표고버섯균사체 AHCC로서 1.8~3.6 g/day,-,,식품안전나라,535
2008-51,토마토추출물,2008-10-02,(주)환이,“항산화에 도움을 줄 수 있음” (기타기능 II),"""항산화에 도움을 줄 수 있음"" (기타기능 II)",(all-trans)-lycopene 으로서 5.7~1.5mg/일,(all-trans)-lycopene 으로서 5.7~1.5mg/일,"1) 알레르기 체질이신 분은 개인에 따라 과민반응을 나타낼 수 있습니다.
2) 라이코펜이 함유된 식품을 과량 섭취 시 피부색이 오렌지색으로 변할 수 있습니다.",1) 알레르기 체질이신 분은 개인에 따라 과민반응을 나타낼 수 있습니다. 2) 라이코펜이 함유된 식품을 과량 섭취 시 피부색이 오렌지색으로 변할 수 있습니다.,식품안전나라,517
2014-38,감마리놀렌산 함유 유지,2014-08-13,주영엔에스(주),월경 전 변화에 의한 불편한 상태 개선에 도움을 줄 수 있음(생리활성기능 2등급),월경 전 변화에 의한 불편한 상태 개선에 도움을 줄 수 있음(생리활성기능 2등급),감마리놀렌산으로서 210 ～ 300 mg/일,감마리놀렌산으로서 210 ～ 300 mg/일,「건강기능식품 기능성 원료 및 기준․규격  인정에 관한 규정」 제10조제2항에 따라 「건강기능식품의 기준 및 규격」에 고시 예정임,「건강기능식품 기능성 원료 및 기준․규격 인정에 관한 규정」 제10조제2항에 따라 「건강기능식품의 기준 및 규격」에 고시 예정임,식품안전나라,109
2008-1,루테인추출복합물OS20,2008-01-11,뉴트리펀코리아컨설팅,“루테인은 노화로 인해 감소될 수 있는 황반색소밀도를 유지시켜 주어 눈건강에 도움을 줍니다.(기타Ⅰ등급)”,"""루테인은 노화로 인해 감소될 수 있는 황반색소밀도를 유지시켜 주어 눈건강에 도움을 줍니다.(기타Ⅰ등급)""",Lutein 으로써 10~20mg,Lutein 으로써 10~20mg,"1) 임산부는 섭취 전 의사와 상담이 필요합니다.
2) 과다 섭취 시 일시적으로 피부가 황색으로 변할 수 있습니다.",1) 임산부는 섭취 전 의사와 상담이 필요합니다. 2) 과다 섭취 시 일시적으로 피부가 황색으로 변할 수 있습니다.,식품안전나라,221
2008-2,루테인추출복합분말CWD10,2008-01-11,뉴트리펀코리아컨설팅,“루테인은 노화로 인해 감소될 수 있는 황반색소밀도를 유지시켜 주어 눈건강에 도움을 줍니다.(기타Ⅰ등급)”,"""루테인은 노화로 인해 감소될 수 있는 황반색소밀도를 유지시켜 주어 눈건강에 도움을 줍니다.(기타Ⅰ등급)""",Lutein 으로써 10~20mg,Lutein 으로써 10~20mg,"1) 임산부는 섭취 전 의사와 상담이 필요합니다.
2) 과다 섭취 시 일시적으로 피부가 황색으로 변할 수 있습니다.",1) 임산부는 섭취 전 의사와 상담이 필요합니다. 2) 과다 섭취 시 일시적으로 피부가 황색으로 변할 수 있습니다.,식품안전나라,222
2009-15,커피만노올리고당분말,2009-02-27,동서식품주식회사,"“장내 유익균 증식, 유해균 억제, 배변활동에 도움을 줄 수 있음"" (기타기능 II)","""장내 유익균 증식, 유해균 억제, 배변활동에 도움을 줄 수 있음"" (기타기능 II)",만노올리고당으로서 1.0 g/day,만노올리고당으로서 1.0 g/day,"1) 어린이, 임산부, 수유기 여성은 섭취에 주의하십시오.
2) 과량 섭취 시 복부팽만감을 느낄 수 있습니다.","1) 어린이, 임산부, 수유기 여성은 섭취에 주의하십시오. 2) 과량 섭취 시 복부팽만감을 느낄 수 있습니다.",식품안전나라,492
2008-63,Kaneka Q10,2008-10-17,(주)주피터인터내셔널,코엔자임Q10은 항산화에 도움을 줄 수 있습니다.,코엔자임Q10은 항산화에 도움을 줄 수 있습니다.,코엔자임Q10으로써 90~100 mg/일,코엔자임Q10으로써 90~100 mg/일,-,,식품안전나라,35
2008-45,동우코엔자임Q10,2008-09-08,동우약품(주),"""코엔자임 Q10은 혈압이 높은 사람에게도움을 줄 수 있습니다."" (기타기능II)","""코엔자임 Q10은 혈압이 높은 사람에게도움을 줄 수 있습니다."" (기타기능II)",90~100mg,90~100mg,-,,식품안전나라,190
2008-53,CLARIONL 공액리놀렌산(트리글리세라이드 형태),2008-10-04,(주)태성뉴트라테크,“과체중인 성인의 체지방 감소에 도움을 줄 수 있습니다.” (기타기능 II)“,"""과체중인 성인의 체지방 감소에 도움을 줄 수 있습니다."" (기타기능 II)""",총 공액리놀레산으로서 2.4g/day,총 공액리놀레산으로서 2.4g/day,"1) 위장장애가 발생할 수 있습니다.
2) 영유아, 임산부는 섭취를 삼가야 해야 합니다.
3) 식사조절, 운동을 병행하는 것이 바람직합니다.","1) 위장장애가 발생할 수 있습니다. 2) 영유아, 임산부는 섭취를 삼가야 해야 합니다. 3) 식사조절, 운동을 병행하는 것이 바람직합니다.",식품안전나라,19
2006-23,FK-23(Enterococcus faecalis 가열처리 건조분말),2006-09-28,(주)대덕약업,"""비특이적 면역을 증강시키는데 도움을 줄 수 있으나 인체시험에서의 확인이 필요합니다."" 
(기타기능III)","""비특이적 면역을 증강시키는데 도움을 줄 수 있으나 인체시험에서의 확인이 필요합니다."" (기타기능III)",.,,,,식품안전나라,28
2014-59,감마리놀렌산 함유 유지,2014-11-18,주식회사 노바렉스,월경 전 변화에 의한 불편한 상태 개선에 도움을 줄 수 있음(생리활성기능 2등급),월경 전 변화에 의한 불편한 상태 개선에 도움을 줄 수 있음(생리활성기능 2등급),감마리놀렌산으로서 210~300 mg/g일,감마리놀렌산으로서 210~300 mg/g일,「건강기능식품 기능성 원료 및 기준․규격  인정에 관한 규정」 제10조제2항에 따라 「건강기능식품의 기준 및 규격」에 고시 예정임,「건강기능식품 기능성 원료 및 기준․규격 인정에 관한 규정」 제10조제2항에 따라 「건강기능식품의 기준 및 규격」에 고시 예정임,식품안전나라,109
2010-27,회화나무 열매 추출물,2010-05-31,주식회사 노바렉스,갱년기 여성의 건강에 도움을 줄 수 있음(생리활성기능 2등급),갱년기 여성의 건강에 도움을 줄 수 있음(생리활성기능 2등급),회화나무열매추출물로서 350 mg/일,회화나무열매추출물로서 350 mg/일,"1) 어린이, 임산부 및 수유부는 섭취를 피하는 것이 좋습니다.
2) 에스트로겐 호르몬에 민감한 사람은 섭취에 주의하시기 바랍니다.","1) 어린이, 임산부 및 수유부는 섭취를 피하는 것이 좋습니다. 2) 에스트로겐 호르몬에 민감한 사람은 섭취에 주의하시기 바랍니다.",식품안전나라,597
2008-65,지아잔틴 추출물,2008-10-22,주식회사 노바렉스,노화로 인해 감소될 수 있는 황반색소밀도를 유지시켜 주어 눈건강에 도움을 줍니다. (생리활성기능 1등급),노화로 인해 감소될 수 있는 황반색소밀도를 유지시켜 주어 눈건강에 도움을 줍니다. (생리활성기능 1등급),지아잔틴으로서 10~20mg,지아잔틴으로서 10~20mg,"1) 임산부는 섭취 전 의사와 상담이 필요합니다.
2) 과다 섭취 시 일시적으로 피부가 황색으로 변할 수 있습니다.",1) 임산부는 섭취 전 의사와 상담이 필요합니다. 2) 과다 섭취 시 일시적으로 피부가 황색으로 변할 수 있습니다.,식품안전나라,465
2016-13,EPA & DHA 함유 유지,2016-08-23,(주)유니젠,건조한 눈을 개선하여 눈 건강에 도움을 줄 수 있음,건조한 눈을 개선하여 눈 건강에 도움을 줄 수 있음,"DHA와 EPA의 합으로써, 0.6~1g","DHA와 EPA의 합으로써, 0.6~1g",,,식품안전나라,25
2009-10,구아검가수분해물(Sunfiberⓡ),2009-02-24,타이요인터코리아(주),"""장내 유익균 증식에 도움을 줄 수 있음(기타기능 II)""","""장내 유익균 증식에 도움을 줄 수 있음(기타기능 II)""",구아검가수분해물로서 7~21g,구아검가수분해물로서 7~21g,1) 건강기능식품공전 II.2.4.4.1 구아검/구아검가수분해물,1) 건강기능식품공전 II.2.4.4.1 구아검/구아검가수분해물,식품안전나라,126
2009-20,중쇄지방산(MCFA) 함유유지,2009-03-06,롯데푸드(주),이 제품은 중쇄지방산을 함유하고 있어 다른 식용유와 비교하였을 때 체지방 증가가 적을 수 있음(기타기능II),이 제품은 중쇄지방산을 함유하고 있어 다른 식용유와 비교하였을 때 체지방 증가가 적을 수 있음(기타기능II),일반 식용유 섭취방법과 동일,일반 식용유 섭취방법과 동일,-,,식품안전나라,461
2009-40,락추로스분말,2009-04-29,(주)트리언인터내셔널,"“유익균 증식, 유해균 억제에 도움을 줄 수 있습니다.”(기타기능 II)","""유익균 증식, 유해균 억제에 도움을 줄 수 있습니다.""(기타기능 II)","락추로스 분말로서 650~3,000 mg","락추로스 분말로서 650~3,000 mg",1) 과량 섭취 시 위장관계 계통의 이상반응 및 전해질 이상 등이 나타날 수 있음,1) 과량 섭취 시 위장관계 계통의 이상반응 및 전해질 이상 등이 나타날 수 있음,식품안전나라,201
2009-25,호프추출물,2009-04-08,씨제이웰케어,“호프추출물은 관절 건강에 도움을 줄 수 있습니다” (기타기능II),"""호프추출물은 관절 건강에 도움을 줄 수 있습니다"" (기타기능II)",호프추출물로서 1~2g,호프추출물로서 1~2g,"1) 어린이, 임산부 및 수유여성은 섭취에 주의
2) 호프추출물에 알레르기 반응을 나타내는 분은 섭취에 주의
3) 항우울제 또는 호르몬제를 복용하시는 분은 섭취에 주의","1) 어린이, 임산부 및 수유여성은 섭취에 주의 2) 호프추출물에 알레르기 반응을 나타내는 분은 섭취에 주의 3) 항우울제 또는 호르몬제를 복용하시는 분은 섭취에 주의",식품안전나라,580
2004-9,난소화성말토덱스트린,2004-10-22,한국마쯔다니(주),"""난소화성말토덱스트린은 식사와 함께 섭취하면 당의 흡수를 억제시켜 식후 혈당 조절에 도움을 줄 수 있습니다.""

◆ 인체시험에서 난소화성말토덱스트린을 식사와 함께 섭취할 경우 당의 흡수를 억제시켜 식후 혈당 조절에 도움을 줄 수 있음을 확인하였으나 자료의 수가 제한되어 있음. 따라서 반드시 ‘---에 도움을 줄 수 있습니다’의 형식으로 표시하여야 함.","""난소화성말토덱스트린은 식사와 함께 섭취하면 당의 흡수를 억제시켜 식후 혈당 조절에 도움을 줄 수 있습니다."" ◆ 인체시험에서 난소화성말토덱스트린을 식사와 함께 섭취할 경우 당의 흡수를 억제시켜 식후 혈당 조절에 도움을 줄 수 있음을 확인하였으나 자료의 수가 제한되어 있음. 따라서 반드시 '---에 도움을 줄 수 있습니다'의 형식으로 표시하여야 함.",‘난소화성말토덱스트린’로서,'난소화성말토덱스트린'로서,◆ 난소화성말토덱스트린은 당뇨병의 치료 및 예방에 사용될 수 없으므로 당뇨병 치료가 필요한 경우에는 의사와 상담 하에 사용하여야 합니다.,◆ 난소화성말토덱스트린은 당뇨병의 치료 및 예방에 사용될 수 없으므로 당뇨병 치료가 필요한 경우에는 의사와 상담 하에 사용하여야 합니다.,식품안전나라,153
2005-1,유니벡스대나무잎추출물,2005-01-15,(주)유니젠,"◆ ""유니벡스 대나무잎추출물은 혈중 콜레스테롤 및 지질 조절, 항산화 효과에 도움을 줄 수 있으나 인체시험을 통한 확인이 필요합니다.""

(동물시험에서 혈중 콜레스테롤 및 지질 조절, 항산화 효과에 도움을 줄 수 있음이 확인되었으나 인체시험 자료는 제출되지 않았음. 따라서 반드시 ‘--- 인체시험을 통한 확인이 필요합니다’의 형식으로 표시하여야 함.)","◆ ""유니벡스 대나무잎추출물은 혈중 콜레스테롤 및 지질 조절, 항산화 효과에 도움을 줄 수 있으나 인체시험을 통한 확인이 필요합니다."" (동물시험에서 혈중 콜레스테롤 및 지질 조절, 항산화 효과에 도움을 줄 수 있음이 확인되었으나 인체시험 자료는 제출되지 않았음. 따라서 반드시 '--- 인체시험을 통한 확인이 필요합니다'의 형식으로 표시하여야 함.)","(tricin 으로서 0.345-2.07mg/일, p-coumaric acid 로서 1.095-6.57mg/일)","(tricin 으로서 0.345-2.07mg/일, p-coumaric acid 로서 1.095-6.57mg/일)",◆ 임신 중이거나 수유 중인 분 또는 콜레스테롤 저하 약물을 복용 중인 분은 의사의 상담 하에 섭취하는 것이 좋습니다.,◆ 임신 중이거나 수유 중인 분 또는 콜레스테롤 저하 약물을 복용 중인 분은 의사의 상담 하에 섭취하는 것이 좋습니다.,식품안전나라,417
2005-7,Dimethylsulfone(MSM),2005-03-09,(주)엠에스엠월드와이드,"“Dimethylsulfone (MSM)은 관절건강에 도움이 될 수 있으나  인체시험을 통한 확인이 필요합니다.”

(동물시험을 통하여 관절건강에 도움이 될 수 있음이 확인되었으나 인체시험에서 확인이 필요함. 따라서, 반드시 “---는 도움을 줄 수 있으나 인체에서 확인이 필요합니다”라고 표기해야 함)","""Dimethylsulfone (MSM)은 관절건강에 도움이 될 수 있으나 인체시험을 통한 확인이 필요합니다."" (동물시험을 통하여 관절건강에 도움이 될 수 있음이 확인되었으나 인체시험에서 확인이 필요함. 따라서, 반드시 ""---는 도움을 줄 수 있으나 인체에서 확인이 필요합니다""라고 표기해야 함)",.,,­ 본 제품은 관절건강에 도움을 줄 수 있으나 치료의 목적으로 사용될 수 없습니다.,­ 본 제품은 관절건강에 도움을 줄 수 있으나 치료의 목적으로 사용될 수 없습니다.,식품안전나라,24
2005-9,끼꼬망 포도종자추출물,2005-05-11,(주)에이치에프푸드,"""인체의 항산화능 증진에 도움을 줄 수 있습니다.""

◆ 인체시험에서 끼꼬망 포도종자추출물을 섭취할 경우 항산화능 증진에 도움을 줄 수 있음을 확인하였으나 자료의 수가 제한되어 있음. 따라서 반드시 ‘---에 도움을 줄 수 있습니다’의 형식으로 표시하여야 함.","""인체의 항산화능 증진에 도움을 줄 수 있습니다."" ◆ 인체시험에서 끼꼬망 포도종자추출물을 섭취할 경우 항산화능 증진에 도움을 줄 수 있음을 확인하였으나 자료의 수가 제한되어 있음. 따라서 반드시 '---에 도움을 줄 수 있습니다'의 형식으로 표시하여야 함.",.,,,,식품안전나라,146
2009-92,밀크씨슬추출물,2009-12-07,(주)렉스진바이오텍,“간 건강에 도움을 줄 수 있음” (기타기능II),"""간 건강에 도움을 줄 수 있음"" (기타기능II)",Silymarin으로서 130mg,Silymarin으로서 130mg,"1) 알레르기 반응이 나타나는 경우에는 섭취를 중단하십시오
2) 설사, 위통, 복부팽만 등의 위장관계 장애가 나타나는 경우에는 섭취를 주의하십시오","1) 알레르기 반응이 나타나는 경우에는 섭취를 중단하십시오 2) 설사, 위통, 복부팽만 등의 위장관계 장애가 나타나는 경우에는 섭취를 주의하십시오",식품안전나라,259
2009-96,루테인추출물20%,2009-12-04,(주)렉스진바이오텍,“루테인은 노화로 인해 감소될 수 있는 황반색소밀도를 유지시켜 주어 눈 건강에 도움을 줍니다.”(기타 I등급),"""루테인은 노화로 인해 감소될 수 있는 황반색소밀도를 유지시켜 주어 눈 건강에 도움을 줍니다.""(기타 I등급)",루테인으로서 10~20mg,루테인으로서 10~20mg,"1) 과다 섭취 시 일시적으로 피부가 황색으로 변할 수 있습니다.
2) 임산부는 섭취 전 의사와 상담이 필요합니다.",1) 과다 섭취 시 일시적으로 피부가 황색으로 변할 수 있습니다. 2) 임산부는 섭취 전 의사와 상담이 필요합니다.,식품안전나라,220
2010-20,백수오 등 복합추출물,2010-04-26,주식회사 내츄럴엔도텍,갱년기 여성의 건강에 도움을 줄 수 있음(기타 II),갱년기 여성의 건강에 도움을 줄 수 있음(기타 II),"백수오, 한속단, 당귀 열수추출물 로서 514mg/일","백수오, 한속단, 당귀 열수추출물 로서 514mg/일","1) 임산부와 수유부는 섭취를 피하는 것이 좋습니다
2) 항응고제 또는 항혈전제를 복용하시는 분은 의사와 상의하시기 바랍니다",1) 임산부와 수유부는 섭취를 피하는 것이 좋습니다 2) 항응고제 또는 항혈전제를 복용하시는 분은 의사와 상의하시기 바랍니다,식품안전나라,273
2008-37,히알루론산,2008-08-08,(주)바이오랜드,“피부 보습에 도움을 줄 수 있습니다.(기타Ⅱ)”,"""피부 보습에 도움을 줄 수 있습니다.(기타Ⅱ)""",히알루론산(90%이상)으로써 120~ 240mg,히알루론산(90%이상)으로써 120~ 240mg,"1) 임산부와 수유기 여성은 섭취를 피하는 것이 좋습니다.
2) 알레르기 및 특이체질, 질병치료 중인 사람은 섭취를 피하는 것이 좋습니다.","1) 임산부와 수유기 여성은 섭취를 피하는 것이 좋습니다. 2) 알레르기 및 특이체질, 질병치료 중인 사람은 섭취를 피하는 것이 좋습니다.",식품안전나라,603
2016-16,유산균발효마늘추출물분말,2016-09-28,주식회사 현대바이오랜드 안산,간 건강에 도움을 줄 수 있습니다.,간 건강에 도움을 줄 수 있습니다.,유산균발효마늘추출물분말로서 1.8g/일,유산균발효마늘추출물분말로서 1.8g/일,-,,식품안전나라,426
2012-16,지방산복합물 FAC(Fatty Acid Complex),2012-04-20,보람바이오주식회사,"관절 건강에 도움을 줄 수 있음
(생리활성기능2등급)",관절 건강에 도움을 줄 수 있음 (생리활성기능2등급),"지방산복합물로서 1,248 mg/일","지방산복합물로서 1,248 mg/일",1) 임산부 및 수유부는 섭취 시 주의,1) 임산부 및 수유부는 섭취 시 주의,식품안전나라,464
2014-4,스페인감초추출물,2014-02-04,(주) 뉴트리,위 점막 내 헬리코박터균(Helicobacter pylori) 증식을 억제하고 위 점막을 보호하여 위 건강에 도움을 줄 수 있음(생리활성기능 2등급),위 점막 내 헬리코박터균(Helicobacter pylori) 증식을 억제하고 위 점막을 보호하여 위 건강에 도움을 줄 수 있음(생리활성기능 2등급),감초추출물로서 150 mg/일,감초추출물로서 150 mg/일,"- 임산부, 수유부 섭취에 주의","- 임산부, 수유부 섭취에 주의",식품안전나라,346
2012-7,나토균배양분말,2012-02-09,주식회사애니닥터헬스케어,혈소판 응집억제에 의한 혈행개선에 도움을 줄 수 있음(생리활성기능 2등급),혈소판 응집억제에 의한 혈행개선에 도움을 줄 수 있음(생리활성기능 2등급),나토균배양분말로서 100 mg/일,나토균배양분말로서 100 mg/일,"1) 대두에 알레르기를 나타내는 사람은 섭취에 주의
2) 임산부,수유부 섭취에 주의
3) 의약품(혈액항응고제) 복용시 섭취에 주의
4) 수술 전,후 섭취에 주의","1) 대두에 알레르기를 나타내는 사람은 섭취에 주의 2) 임산부,수유부 섭취에 주의 3) 의약품(혈액항응고제) 복용시 섭취에 주의 4) 수술 전,후 섭취에 주의",식품안전나라,148
2009-42,가르시니아 캄보지아 껍질추출물,2009-04-29,(주)대덕약업,“탄수화물에서 지방으로의 합성을 억제하여 체지방 감소에 도움을 줍니다(기타Ⅰ)”,"""탄수화물에서 지방으로의 합성을 억제하여 체지방 감소에 도움을 줍니다(기타Ⅰ)""","총 (-)-HCA로서 750~2,800 mg/day","총 (-)-HCA로서 750~2,800 mg/day",1) 임산부와 수유기 여성은 섭취를 피하는 것이 좋습니다.,1) 임산부와 수유기 여성은 섭취를 피하는 것이 좋습니다.,식품안전나라,93
2007-6,헤마토코쿠스 CO2 초임계 추출물,2007-06-05,(주)대덕약업,헤마토코쿠스 CO2 초임계추출물의 섭취는 눈의 피로도 개선에 도움을 줄 수 있습니다.”(기타Ⅱ등급),"헤마토코쿠스 CO2 초임계추출물의 섭취는 눈의 피로도 개선에 도움을 줄 수 있습니다.""(기타Ⅱ등급)",(Astaxanthin 으로서 6 mg/day),(Astaxanthin 으로서 6 mg/day),"- 제안된 섭취량 이상 섭취 시 일시적으로 피부가 황색으로 변할 수 있습니다.                                                                                                                           
 - 임산부와 수유기 여성은 섭취를 피하는 것이 좋습니다.                                                                                                                                                                                                                                                                                                                                         
 - β-carotene의 흡수를 저해할 수 있습니다.",- 제안된 섭취량 이상 섭취 시 일시적으로 피부가 황색으로 변할 수 있습니다. - 임산부와 수유기 여성은 섭취를 피하는 것이 좋습니다. - β-carotene의 흡수를 저해할 수 있습니다.,식품안전나라,571
2009-8,포스파티딜세린(LECI-PS 90 PN IP),2009-01-28,선경트레이딩(주),“노인의 인지능력 개선에 도움을 줄 수 있습니다.” (기타기능II),"""노인의 인지능력 개선에 도움을 줄 수 있습니다."" (기타기능II)",포스파티딜세린으로서 300mg,포스파티딜세린으로서 300mg,"1) 임산부와 수유부는 섭취에 주의하시기 바람
2) 과잉섭취 시 위장장애나 불면증을 유발할 수 있음",1) 임산부와 수유부는 섭취에 주의하시기 바람 2) 과잉섭취 시 위장장애나 불면증을 유발할 수 있음,식품안전나라,531
2010-8,아티초크추출물,2010-03-08,(주)삼오제약,“담즙분비를 촉진하여 지방 소화에 도움을 줄 수 있음(기타기능 II)”,"""담즙분비를 촉진하여 지방 소화에 도움을 줄 수 있음(기타기능 II)""",아티초크추출물로서 1.92 g/일,아티초크추출물로서 1.92 g/일,"1) 담관에 이상이 있는 분은 의사와 상의하신 후 섭취하시기 바랍니다. 
2) 알레르기 반응이 나타나는 경우에는 섭취를 중단하시기 바랍니다.",1) 담관에 이상이 있는 분은 의사와 상의하신 후 섭취하시기 바랍니다. 2) 알레르기 반응이 나타나는 경우에는 섭취를 중단하시기 바랍니다.,식품안전나라,379
2010-11,밀크씨슬추출물,2010-03-15,아이엠디,“간 건강에 도움을 줄 수 있음” (기타기능II),"""간 건강에 도움을 줄 수 있음"" (기타기능II)",Silymarin으로서 130mg,Silymarin으로서 130mg,"1) 알레르기 반응이 나타나는 경우에는 섭취를 중단하십시오
2) 설사, 위통, 복부팽만 등의 위장관계 장애가 나타나는 경우에는 섭취를 주의 하십시오","1) 알레르기 반응이 나타나는 경우에는 섭취를 중단하십시오 2) 설사, 위통, 복부팽만 등의 위장관계 장애가 나타나는 경우에는 섭취를 주의 하십시오",식품안전나라,259
2014-40,황기추출물 등 복합물(HT042),2014-08-25,(주)뉴메드,,,,,,,식품안전나라,594
2010-30,밀크씨슬추출물,2010-07-12,권우인베스트(주),“간 건강에 도움을 줄 수 있음” (기타기능II),"""간 건강에 도움을 줄 수 있음"" (기타기능II)",Silymarin으로서 130mg,Silymarin으로서 130mg,"1) 알레르기 반응이 나타나는 경우에는 섭취를 중단하십시오
2) 설사, 위통, 복부팽만 등의 위장관계 장애가 나타나는 경우에는 섭취를 주의 하십시오","1) 알레르기 반응이 나타나는 경우에는 섭취를 중단하십시오 2) 설사, 위통, 복부팽만 등의 위장관계 장애가 나타나는 경우에는 섭취를 주의 하십시오",식품안전나라,259
2008-4,공액리놀레산(CONJUGATED LINOLEIC ACID),2008-01-28,주영엔에스(주),"""공액리놀레산(Conjugated Linoleic Acid)은 과체중인 성인의 체지방 감소에 도움을 줄 수 있습니다.”","""공액리놀레산(Conjugated Linoleic Acid)은 과체중인 성인의 체지방 감소에 도움을 줄 수 있습니다.""","총공액리놀레산 (cis-9, trans-11 CLA, trans-10, cis-12 CLA, cis-9, cis-11 CLA, trans-9, trans-11 CLA의 합계량으로)","총공액리놀레산 (cis-9, trans-11 CLA, trans-10, cis-12 CLA, cis-9, cis-11 CLA, trans-9, trans-11 CLA의 합계량으로)","1) 위장장애가 발생할 수 있다.
2) 영유아, 임산부는 섭취를 삼가 해야 한다.
3) 식사조절, 운동을 병행하는 것이 체지방 감소에 효과적이다.","1) 위장장애가 발생할 수 있다. 2) 영유아, 임산부는 섭취를 삼가 해야 한다. 3) 식사조절, 운동을 병행하는 것이 체지방 감소에 효과적이다.",식품안전나라,121
2006-26,탈지달맞이꽃종자주정추출물,2006-12-06,(주)대덕약업,"""당의 흡수를 억제하여 식후혈당상승억제에 도움을 줄 수 있습니다.” (기타기능Ⅱ)“","""당의 흡수를 억제하여 식후혈당상승억제에 도움을 줄 수 있습니다."" (기타기능Ⅱ)""",.,,당뇨병의 치료 및 예방에 사용될 수 없으므로 당뇨병 치료가 필요한 경우에는 의사와 상담 하에 사용하여야 합니다.,당뇨병의 치료 및 예방에 사용될 수 없으므로 당뇨병 치료가 필요한 경우에는 의사와 상담 하에 사용하여야 합니다.,식품안전나라,512
2006-28,CLA FFA,2006-12-28,동부한농화학(주),"“공액리놀레산(Conjugated Linoleic Acid)는 과체중인 성인의 체지방 감소에 도움을 줄 수 있습니다.”

(과체중인 성인을 대상으로 한 인체시험에서 CLA를 섭취한 경우 체지방(fat mass)감소에 도움을 줄 수 있음이 많은 자료에서 확인되었으나 한국인을 대상으로 한 자료가 없었음. 따라서 반드시 ‘---에 도움을 줄 수 있습니다’의 형식으로 표시하여야 함.)","""공액리놀레산(Conjugated Linoleic Acid)는 과체중인 성인의 체지방 감소에 도움을 줄 수 있습니다."" (과체중인 성인을 대상으로 한 인체시험에서 CLA를 섭취한 경우 체지방(fat mass)감소에 도움을 줄 수 있음이 많은 자료에서 확인되었으나 한국인을 대상으로 한 자료가 없었음. 따라서 반드시 '---에 도움을 줄 수 있습니다'의 형식으로 표시하여야 함.)","공액리놀레산(cis-9, trans-11 CLA, trans-10, cis-12 CLA, cis-9, cis-11 CLA, trans-9, trans-11 CLA 이성체의 합계량) 으로","공액리놀레산(cis-9, trans-11 CLA, trans-10, cis-12 CLA, cis-9, cis-11 CLA, trans-9, trans-11 CLA 이성체의 합계량) 으로","1. 위장장애가 발생할 수 있습니다.
2. 영유아, 임산부는 섭취를 삼가야 합니다.
3. 식사조절, 운동을 병행하는 것이 바람직합니다.","1. 위장장애가 발생할 수 있습니다. 2. 영유아, 임산부는 섭취를 삼가야 합니다. 3. 식사조절, 운동을 병행하는 것이 바람직합니다.",식품안전나라,16
2007-4,아마인,2007-01-05,네이쳐스메디신(주),“콜레스테롤 감소에 도움을 줄 수 있습니다“(기타기능Ⅱ),"""콜레스테롤 감소에 도움을 줄 수 있습니다""(기타기능Ⅱ)",.,,"1. 혈액응고와 관련된 질병이 있거나 혈액응고저해제를 섭취하는 경우는 반드시 의사나 약사와 상담 후에 섭취하여야 합니다.
2. 아마인의 섭취는 다른 약물의 흡수를 방해할 수 있으므로 약제를 섭취하는 경우에는 의사나 약사와 상담 후 섭취하여야 합니다.",1. 혈액응고와 관련된 질병이 있거나 혈액응고저해제를 섭취하는 경우는 반드시 의사나 약사와 상담 후에 섭취하여야 합니다. 2. 아마인의 섭취는 다른 약물의 흡수를 방해할 수 있으므로 약제를 섭취하는 경우에는 의사나 약사와 상담 후 섭취하여야 합니다.,식품안전나라,373
2007-5,미쯔비시 코엔자임 Q10,2007-01-17,삼성물산(주),"""코엔자임 Q10은 항산화에 도움을 줄 수 있습니다."" (기타기능II)","""코엔자임 Q10은 항산화에 도움을 줄 수 있습니다."" (기타기능II)",.,,,,식품안전나라,251
2007-7,빌베리주정추출물,2007-01-26,씨제이제일제당(주),"""눈의 피로 개선에 도움을 줄 수 있습니다."" 
(기타기능 II)","""눈의 피로 개선에 도움을 줄 수 있습니다."" (기타기능 II)",(anthocyanosides로서 72~108mg/일),(anthocyanosides로서 72~108mg/일),,,식품안전나라,311
2009-21,CJ식물성유지 디글리세라이드(DG),2009-03-06,씨제이제일제당(주),이 제품은 디글리세라이드(Diacylglyceride)를 함유하고 있어 다른 식용유와 비교하였을 때 식후 혈중 중성지방과 체지방 증가가 적을 수 있음(기타기능II),이 제품은 디글리세라이드(Diacylglyceride)를 함유하고 있어 다른 식용유와 비교하였을 때 식후 혈중 중성지방과 체지방 증가가 적을 수 있음(기타기능II),일반 식용유 섭취방법과 동일,일반 식용유 섭취방법과 동일,-,,식품안전나라,14
2015-9,풋사과추출물 애플페논(Applephenon),2015-03-20,(주)서흥,체지방 감소에 도움을 줄 수 있음(생리활성기능 2등급),체지방 감소에 도움을 줄 수 있음(생리활성기능 2등급),풋사과추출물 애플페논(Applephenon)으로서 600 mg,풋사과추출물 애플페논(Applephenon)으로서 600 mg,사과에 알레르기가 있으신 분은 섭취 시 주의,사과에 알레르기가 있으신 분은 섭취 시 주의,식품안전나라,539
2013-36,L. Helveticus 발효물,2013-12-12,일동바이오사이언스(주),"노화로 인해 저하된 인지력 개선에 도움을 줄 수 있으나, 관련 인체적용시험이 미흡함
(생리활성기능 3등급)","노화로 인해 저하된 인지력 개선에 도움을 줄 수 있으나, 관련 인체적용시험이 미흡함 (생리활성기능 3등급)",Lactobacillus Helveticus 발효물로서 1g/일,Lactobacillus Helveticus 발효물로서 1g/일,1) 유당불내증이 있는 사람은 섭취에 주의,1) 유당불내증이 있는 사람은 섭취에 주의,식품안전나라,44
2009-48,CLA FFA,2009-06-09,세창무역,"“과체중인 성인의 체지방 감소에 도움을 줄 수 있습니다."" (기타기능 II)","""과체중인 성인의 체지방 감소에 도움을 줄 수 있습니다."" (기타기능 II)",공액리놀레산으로서 1.4~4.0 g/day,공액리놀레산으로서 1.4~4.0 g/day,"1) 위장장애가 발생할 수 있습니다.
2) 영유아, 임산부는 섭취를 삼가야 해야 합니다.
3) 식사조절, 운동을 병행하는 것이 바람직합니다.","1) 위장장애가 발생할 수 있습니다. 2) 영유아, 임산부는 섭취를 삼가야 해야 합니다. 3) 식사조절, 운동을 병행하는 것이 바람직합니다.",식품안전나라,16
2007-22,로즈힙분말,2007-12-10,(주)주안상사,"""로즈힙분말은 관절 및 연골건강에 도움을 줄 수 있습니다.”","""로즈힙분말은 관절 및 연골건강에 도움을 줄 수 있습니다.""",로즈힙분말로서,로즈힙분말로서,,,식품안전나라,211
2009-41,가르시니아 캄보지아 껍질추출물 GARSLIM,2009-04-29,(주)진용,“탄수화물에서 지방으로의 합성을 억제하여 체지방 감소에 도움을 줍니다(기타Ⅰ)”,"""탄수화물에서 지방으로의 합성을 억제하여 체지방 감소에 도움을 줍니다(기타Ⅰ)""","총 (-)-HCA로서 750~2,800 mg/day","총 (-)-HCA로서 750~2,800 mg/day",1) 임산부와 수유기 여성은 섭취를 피하는 것이 좋습니다.,1) 임산부와 수유기 여성은 섭취를 피하는 것이 좋습니다.,식품안전나라,97
2008-31,Enterococcus faecalis FK-23 효소 및 가열처리분말(LFK),2008-06-18,(주)대덕약업,“꽃가루에 의해 나타나는 코막힘의 개선에 도움을 줄 수 있음” (기타기능 II),"""꽃가루에 의해 나타나는 코막힘의 개선에 도움을 줄 수 있음"" (기타기능 II)",Enterococcus faecalis FK-23 효소 및 가열처리분말로서 1g/day,Enterococcus faecalis FK-23 효소 및 가열처리분말로서 1g/day,1) 임산부와 수유기 여성은 섭취를 피하는 것이 좋습니다.,1) 임산부와 수유기 여성은 섭취를 피하는 것이 좋습니다.,식품안전나라,27
2012-20,폴리감마글루탐산,2012-06-26,(주)카인즈,"체내 칼슘 흡수 촉진에 도움을 줄 수 있음
(생리활성기능 2등급)",체내 칼슘 흡수 촉진에 도움을 줄 수 있음 (생리활성기능 2등급),폴리감마글루탐산으로서 60∼70 mg/일,폴리감마글루탐산으로서 60∼70 mg/일,-,,식품안전나라,532
2008-42,포도 종자 추출물,2008-08-08,(주)네추럴에프앤피,"“인체의 항산화능 증진에 도움을 줄 수 있습니다."" (기타기능 II)","""인체의 항산화능 증진에 도움을 줄 수 있습니다."" (기타기능 II)",포도종자추출물로서,포도종자추출물로서,,,식품안전나라,525
2014-56,감마리놀렌산 함유 유지,2014-11-04,(주)내츄럴엔도텍,월경 전 변화에 의한 불편한 상태 개선에 도움을 줄 수 있음(생리활성기능 2등급),월경 전 변화에 의한 불편한 상태 개선에 도움을 줄 수 있음(생리활성기능 2등급),감마리놀렌산으로서 210 ～ 300 mg/일,감마리놀렌산으로서 210 ～ 300 mg/일,「건강기능식품 기능성 원료 및 기준․규격  인정에 관한 규정」 제10조제2항에 따라 「건강기능식품의 기준 및 규격」에 고시 예정임,「건강기능식품 기능성 원료 및 기준․규격 인정에 관한 규정」 제10조제2항에 따라 「건강기능식품의 기준 및 규격」에 고시 예정임,식품안전나라,109
2014-50,매스틱 검,2014-10-07,(주)프롬바이오,"위 불편감 개선에 도움을 줄 수 있음
(생리활성기능 2등급)",위 불편감 개선에 도움을 줄 수 있음 (생리활성기능 2등급),"매스틱 검으로서 1,050 mg/일","매스틱 검으로서 1,050 mg/일","임산부, 수유부 및 어린이는 섭취에 주의","임산부, 수유부 및 어린이는 섭취에 주의",식품안전나라,237
2014-65,피니톨 분말,2014-12-12,주식회사 디와이내츄럴,"혈당조절에 도움을 줄 수 있으나 
관련 인체적용시험이 미흡함
(생리활성기능 3등급)",혈당조절에 도움을 줄 수 있으나 관련 인체적용시험이 미흡함 (생리활성기능 3등급),피니톨로서 1.2g,피니톨로서 1.2g,1) 피니톨은 당뇨병의 치료 및 예방에 사용될 수 없으므로  당뇨병 치료가 필요한 경우에는 의사와 상담 하에 사용하여야 합니다.,1) 피니톨은 당뇨병의 치료 및 예방에 사용될 수 없으므로 당뇨병 치료가 필요한 경우에는 의사와 상담 하에 사용하여야 합니다.,식품안전나라,552
2008-12,Opti MSM,2008-02-15,(주)로하스피아,디메틸설폰(Dimethylsulfone)은 관절건강에 도움이 될 수 있습니다.(기타기능II),디메틸설폰(Dimethylsulfone)은 관절건강에 도움이 될 수 있습니다.(기타기능II),1.5~5.0g,1.5~5.0g,1) 본 제품은 관절건강에 도움을 줄 수 있으나 치료의 목적으로 사용될 수 없습니다.,1) 본 제품은 관절건강에 도움을 줄 수 있으나 치료의 목적으로 사용될 수 없습니다.,식품안전나라,80
2010-42,루테인,2010-09-03,네츄러리플러스코리아(주),“노화로 인해 감소될 수 있는 황반색소밀도를 유지하여 눈 건강에 도움을 줌”(기타기능Ⅰ),"""노화로 인해 감소될 수 있는 황반색소밀도를 유지하여 눈 건강에 도움을 줌""(기타기능Ⅰ)",루테인으로서 10～20mg,루테인으로서 10～20mg,1) 과다 섭취 시 일시적으로 피부가 황색으로 변할 수 있음,1) 과다 섭취 시 일시적으로 피부가 황색으로 변할 수 있음,식품안전나라,214
2009-5,테아닌(Theanine),2009-01-28,(주)아모레퍼시픽,“스트레스로 인한 긴장을 완화시키는데 도움을 줄 수 있음” (기타기능 II),"""스트레스로 인한 긴장을 완화시키는데 도움을 줄 수 있음"" (기타기능 II)",L-테아닌 으로서 200~250 mg/일,L-테아닌 으로서 200~250 mg/일,"1) L-테아닌은 카페인과 길항작용이 있으므로 섭취 시 카페인 함유음료(커피, 홍차, 녹차 등)의 섭취를 삼가시기 바랍니다.
2) 임산부, 수유부 및 어린이, 기타 질병을 가지고 있는 사람은 섭취 전 의사와 상담하시기 바랍니다.
3) 수술 전 후에는 섭취에 주의하시기 바랍니다.
4) 과량 섭취 시 위장장애, 어지러움 등의 증상이 나타날 수 있습니다.","1) L-테아닌은 카페인과 길항작용이 있으므로 섭취 시 카페인 함유음료(커피, 홍차, 녹차 등)의 섭취를 삼가시기 바랍니다. 2) 임산부, 수유부 및 어린이, 기타 질병을 가지고 있는 사람은 섭취 전 의사와 상담하시기 바랍니다. 3) 수술 전 후에는 섭취에 주의하시기 바랍니다. 4) 과량 섭취 시 위장장애, 어지러움 등의 증상이 나타날 수 있습니다.",식품안전나라,515
2009-14,가르시니아 캄보지아 추출물,2009-02-27,(주)바이오리더스,"“탄수화물에서 지방으로의 합성을 억제하여 체지방 감소에 도움을 줍니다"" (기타기능 I)","""탄수화물에서 지방으로의 합성을 억제하여 체지방 감소에 도움을 줍니다"" (기타기능 I)",총 (-)-HCA로서,총 (-)-HCA로서,- 임산부와 수유기 여성은 섭취를 피하는 것이 좋습니다.,- 임산부와 수유기 여성은 섭취를 피하는 것이 좋습니다.,식품안전나라,101
2016-7,EPA 및 DHA 함유 유지,2016-06-15,대상(주),기억력 개선에 도움을 줄 수 있음,기억력 개선에 도움을 줄 수 있음,EPA와 DHA의 합으로서 0.9~2g/일,EPA와 DHA의 합으로서 0.9~2g/일,-,,식품안전나라,25
2016-6,EPA 및 DHA 함유 유지,2016-06-15,코스맥스바이오,건조한 눈을 개선하여 눈 건강에 도움을 줄 수 있음,건조한 눈을 개선하여 눈 건강에 도움을 줄 수 있음,EPA와 DHA의 합으로서 0.6~1 g/일,EPA와 DHA의 합으로서 0.6~1 g/일,-,,식품안전나라,25
2015-31,EPA 및 DHA 함유 유지,2015-12-24,(주)빅솔반월공장,건조한 눈을 개선하여 눈 건강에 도움을 줄 수 있음(생리활성기능 2등급),건조한 눈을 개선하여 눈 건강에 도움을 줄 수 있음(생리활성기능 2등급),EPA와 DHA의 합으로서 0.6~1 g/일,EPA와 DHA의 합으로서 0.6~1 g/일,-,,식품안전나라,25
2006-17,헤모힘 당귀등 혼합추출물,2006-08-17,콜마비앤에이치(주),,,,,,,식품안전나라,573
2016-12,EPA 및 DHA 함유 유지,2016-08-23,(주)유니젠,기억력 개선에 도움을 줄 수 있음,기억력 개선에 도움을 줄 수 있음,"DHA와 EPA의 합으로써, 0.9 ~ 2g","DHA와 EPA의 합으로써, 0.9 ~ 2g",,,식품안전나라,25
2016-10,헛개나무과병추출분말,2016-08-23,주식회사 아리너스,알콜성 손상으로부터 간을 보호하는데 도움을 줄 수 있음(생리활성기능 2등급),알콜성 손상으로부터 간을 보호하는데 도움을 줄 수 있음(생리활성기능 2등급),"헛개나무과병추출분말로서 2,460 mg/일","헛개나무과병추출분말로서 2,460 mg/일",-,,식품안전나라,570
2008-66,루테인 지아잔틴 복합 추출물,2008-10-22,주식회사 노바렉스,노화로 인해 감소도리 수 있는 환반색소밀도를 유지시켜 주어 눈건강에 도움을 줍니다.(생리활성기능 1등급),노화로 인해 감소도리 수 있는 환반색소밀도를 유지시켜 주어 눈건강에 도움을 줍니다.(생리활성기능 1등급),루테인과 지아잔틴의 합으로서 10~20 mg,루테인과 지아잔틴의 합으로서 10~20 mg,"1) 임산부는 섭취 전 의사와 상담이 필요합니다.
2) 과다 섭취 시 일시적으로 피부가 항색으로 변할 수 있습니다.",1) 임산부는 섭취 전 의사와 상담이 필요합니다. 2) 과다 섭취 시 일시적으로 피부가 항색으로 변할 수 있습니다.,식품안전나라,215
2015-20,EPA 및 DHA 함유 유지,2015-06-30,아사히고도(주)서울영업소,건조한 눈을 개선하여 눈 건강에 도움을 줄 수 있음(생리활성기능 2등급),건조한 눈을 개선하여 눈 건강에 도움을 줄 수 있음(생리활성기능 2등급),EPA와 DHA의 합으로서 0.6~1 g/일,EPA와 DHA의 합으로서 0.6~1 g/일,-,,식품안전나라,25
2007-13,크레아틴,2007-04-03,선경트레이딩(주),“크레아틴의 섭취는 근력 운동 시에 운동수행능력 향상에 도움을 줄 수 있습니다.”(기타기능 II),"""크레아틴의 섭취는 근력 운동 시에 운동수행능력 향상에 도움을 줄 수 있습니다.""(기타기능 II)",.,,"1. 신장에 영향을 미치는 약물을 복용하거나 신장 이상의 위험이 있는 사람은 의사와 상담 후에 섭취하여야 합니다.
2. 어린이, 임산부, 수유부는 섭취를 삼가야 합니다.
3. 카페인은 크레아틴의 기능을 감소시킬 수 있습니다.
4. 크레아틴의 섭취는 탈수를 동반할 수 있으므로 충분한 물과 함께 섭취하여야 합니다.
5. 과다 섭취하지 마십시오.","1. 신장에 영향을 미치는 약물을 복용하거나 신장 이상의 위험이 있는 사람은 의사와 상담 후에 섭취하여야 합니다. 2. 어린이, 임산부, 수유부는 섭취를 삼가야 합니다. 3. 카페인은 크레아틴의 기능을 감소시킬 수 있습니다. 4. 크레아틴의 섭취는 탈수를 동반할 수 있으므로 충분한 물과 함께 섭취하여야 합니다. 5. 과다 섭취하지 마십시오.",식품안전나라,500
2009-60,테아닌,2009-06-05,씨제이제일제당(주),“스트레스로 인한 긴장을 완화시키는데 도움을 줄 수 있음” (기타기능 II),"""스트레스로 인한 긴장을 완화시키는데 도움을 줄 수 있음"" (기타기능 II)",L-테아닌 으로서 200~250mg/일,L-테아닌 으로서 200~250mg/일,"1) L-테아닌은 카페인과 길항작용이 있으므로 섭취 시 카페인 함유음료(커피, 홍차, 녹차 등)의 섭취를 삼가시기 바랍니다.
2) 임산부, 수유부 및 어린이, 기타 질병을 가지고 있는 사람은 섭취 전 의사와 상담하시기 바랍니다.
3) 수술 전 후에는 섭취에 주의하시기 바랍니다.
4) 과량 섭취 시 위장장애, 어지러움 등의 증상이 나타날 수 있습니다.","1) L-테아닌은 카페인과 길항작용이 있으므로 섭취 시 카페인 함유음료(커피, 홍차, 녹차 등)의 섭취를 삼가시기 바랍니다. 2) 임산부, 수유부 및 어린이, 기타 질병을 가지고 있는 사람은 섭취 전 의사와 상담하시기 바랍니다. 3) 수술 전 후에는 섭취에 주의하시기 바랍니다. 4) 과량 섭취 시 위장장애, 어지러움 등의 증상이 나타날 수 있습니다.",식품안전나라,514
2008-80,아글리맥스(AglyMax) 30 이소플라본추출물,2008-12-31,(주)대덕약업,"(1) 성상 : 밝은 황갈색의 분말
 (2) 납(㎎/㎏) : 1.0 이하
 (3) 총비소(㎎/㎏) : 1.0 이하
 (4) 카드뮴(㎎/㎏) : 1.0 이하
 (5) 총수은(㎎/㎏) : 1.0 이하
 (6) 대장균군 : 음성",(1) 성상 : 밝은 황갈색의 분말 (2) 납(㎎/㎏) : 1.0 이하 (3) 총비소(㎎/㎏) : 1.0 이하 (4) 카드뮴(㎎/㎏) : 1.0 이하 (5) 총수은(㎎/㎏) : 1.0 이하 (6) 대장균군 : 음성,이소플라본 비배당체로서 25 mg/day,이소플라본 비배당체로서 25 mg/day,"1) 섭취 대상자는 폐경기 여성임
2) 임산부와 수유 여성은 섭취를 삼가야 함
3) 영유아, 어린이는 섭취를 삼가야 함
4) 대두 이소플라본에 민감한 사람은 섭취를 삼가야 함
5) 갑상선, 유방암, 자궁내막암, 방광암 환자 등은 섭취를 삼가야 합","1) 섭취 대상자는 폐경기 여성임 2) 임산부와 수유 여성은 섭취를 삼가야 함 3) 영유아, 어린이는 섭취를 삼가야 함 4) 대두 이소플라본에 민감한 사람은 섭취를 삼가야 함 5) 갑상선, 유방암, 자궁내막암, 방광암 환자 등은 섭취를 삼가야 합",식품안전나라,371
2006-20,Green Mate Extract EFLA920,2006-09-13,(주)삼정향료,"""Green Mate Extract EFLA? 920은 체지방 감소에 도움을 줄 수 있으나 아직은 과학적인 근거가 부족합니다."" 

소수의 인체시험에서 “Green Mate Extract EFLA? 920”이 체지방 감소에 도움을 줄 수 있음이 입증되었으나 이를 설명할 수 있는 과학적 근거가 부족합니다. (기타기능III)","""Green Mate Extract EFLA? 920은 체지방 감소에 도움을 줄 수 있으나 아직은 과학적인 근거가 부족합니다."" 소수의 인체시험에서 ""Green Mate Extract EFLA? 920""이 체지방 감소에 도움을 줄 수 있음이 입증되었으나 이를 설명할 수 있는 과학적 근거가 부족합니다. (기타기능III)",.,,,,식품안전나라,32
2008-52,그린마테추출물 EFLA® 920,2008-10-03,(주)삼정향료,체지방 감소에 도움을 줄 수 있습니다 (기타기능II),체지방 감소에 도움을 줄 수 있습니다 (기타기능II),Green Mate Extract EFLA 920로서 3g/일,Green Mate Extract EFLA 920로서 3g/일,"1) 어린이, 임산부 및 수유부는 섭취를 피할 것
2) 질환이 있거나 의약품 복용시 전문가와 상담할 것
3) 카페인을 함유한 식품의 섭취에 주의할 것
4) 이상사례를 발생 시 섭취를 중단하고 전문가와 상담할 것","1) 어린이, 임산부 및 수유부는 섭취를 피할 것 2) 질환이 있거나 의약품 복용시 전문가와 상담할 것 3) 카페인을 함유한 식품의 섭취에 주의할 것 4) 이상사례를 발생 시 섭취를 중단하고 전문가와 상담할 것",식품안전나라,133
2013-23,루테인 지아잔틴 복합 추출물 20%,2013-07-11,주식회사 노바렉스,노화로 인해 감소될 수 있는 황반색소밀도를 유지시켜 주어 눈 건강에 도움을 줌(생리활성기능 1등급),노화로 인해 감소될 수 있는 황반색소밀도를 유지시켜 주어 눈 건강에 도움을 줌(생리활성기능 1등급),루테인과 지아잔틴의 합으로서 10~20mg,루테인과 지아잔틴의 합으로서 10~20mg,"1) 임산부는 섭취 전 의사와 상담이 필요합니다.
2) 과다 섭취시 일시적으로 피부가 황색으로 변할 수 있습니다.",1) 임산부는 섭취 전 의사와 상담이 필요합니다. 2) 과다 섭취시 일시적으로 피부가 황색으로 변할 수 있습니다.,식품안전나라,216
2008-84,쏘팔메토 열매 추출물,2008-12-31,(주)동원에프앤비,“쏘팔메토 열매 추출물은 전립선 건강의 유지에 도움을 줄 수 있습니다” (기타기능II),"""쏘팔메토 열매 추출물은 전립선 건강의 유지에 도움을 줄 수 있습니다"" (기타기능II)",쏘팔메토 열매 추출물로서 320mg,쏘팔메토 열매 추출물로서 320mg,"1) 임산부 및 수유여성은 섭취에 주의
2) 메스꺼움이나 설사 등 소화계통의 불편함을 유발할 수 있음",1) 임산부 및 수유여성은 섭취에 주의 2) 메스꺼움이나 설사 등 소화계통의 불편함을 유발할 수 있음,식품안전나라,363
2010-18,썬테아닌,2010-04-22,타이요인터코리아(주),“스트레스로 인한 긴장을 완화시키는데 도움을 줄 수 있음” (기타기능 II),"""스트레스로 인한 긴장을 완화시키는데 도움을 줄 수 있음"" (기타기능 II)",L-테아닌 으로서 200~250 mg/일,L-테아닌 으로서 200~250 mg/일,"1) L-테아닌은 카페인과 길항작용이 있으므로 섭취 시 카페인 함유음료(커피, 홍차, 녹차 등)의 섭취를 삼가시기 바랍니다.
2) 임산부, 수유부 및 어린이, 기타 질병을 가지고 있는 사람은 섭취 전 의사와 상담하시기 바랍니다.
3) 수술 전 후에는 섭취에 주의하시기 바랍니다.
4) 과량 섭취 시 위장장애, 어지러움 등의 증상이 나타날 수 있습니다.","1) L-테아닌은 카페인과 길항작용이 있으므로 섭취 시 카페인 함유음료(커피, 홍차, 녹차 등)의 섭취를 삼가시기 바랍니다. 2) 임산부, 수유부 및 어린이, 기타 질병을 가지고 있는 사람은 섭취 전 의사와 상담하시기 바랍니다. 3) 수술 전 후에는 섭취에 주의하시기 바랍니다. 4) 과량 섭취 시 위장장애, 어지러움 등의 증상이 나타날 수 있습니다.",식품안전나라,358
2013-32,전칠삼 추출물 등 복합물,2013-11-21,주식회사 노바렉스,관절건강에 도움을 줄 수 있음(생리활성기능2등급),관절건강에 도움을 줄 수 있음(생리활성기능2등급),전칠삼추출물 등 복합물로서 800 mg/일,전칠삼추출물 등 복합물로서 800 mg/일,-,,식품안전나라,458
2015-7,돌외잎 추출물,2015-03-16,주식회사 노바렉스,스트레스로 인한 긴장완화에 도움을 줄 수 있음(생리활성기능 2등급),스트레스로 인한 긴장완화에 도움을 줄 수 있음(생리활성기능 2등급),돌외잎추출물로서 400 mg/일,돌외잎추출물로서 400 mg/일,"1) 과량 섭취 시 위장장애(구토와 위장운동 증가)가 발생할 수 있음
2) 아스피린, 혈액항고제 복용 시 섭취에 주의","1) 과량 섭취 시 위장장애(구토와 위장운동 증가)가 발생할 수 있음 2) 아스피린, 혈액항고제 복용 시 섭취에 주의",식품안전나라,185
2010-39,크랜베리 추출물,2010-08-30,주식회사 노바렉스,요로에 유해균 흡착 억제로 요로건강에 도움을 줄 수 있음(생리활성기능 2등급),요로에 유해균 흡착 억제로 요로건강에 도움을 줄 수 있음(생리활성기능 2등급),크랜베리 추출물(Cran-Max)로서 500mg/일,크랜베리 추출물(Cran-Max)로서 500mg/일,-,,식품안전나라,499
2014-37,오메가-3 지방산 함유 유지,2014-08-11,주식회사 노바렉스,기억력 개선에 도움을 줄 수 있음(생리활성기능 2등급),기억력 개선에 도움을 줄 수 있음(생리활성기능 2등급),DHA와 EPA의 합으로서 0.9~2 g/일,DHA와 EPA의 합으로서 0.9~2 g/일,「건강기능식품 기능성 원료 및 기준․규격  인정에 관한 규정」 제10조제2항에 따라 「건강기능식품의 기준 및 규격」에 고시 예정임,「건강기능식품 기능성 원료 및 기준․규격 인정에 관한 규정」 제10조제2항에 따라 「건강기능식품의 기준 및 규격」에 고시 예정임,식품안전나라,399
2014-66,감마리놀렌산 함유 유지,2014-12-17,주식회사 노바렉스,면역과민반응에 의한 피부상태 개선에 도움을 줄 수 있음(생리활성기능 2등급),면역과민반응에 의한 피부상태 개선에 도움을 줄 수 있음(생리활성기능 2등급),감마리놀렌산으로서 160~300 mg/일,감마리놀렌산으로서 160~300 mg/일,「건강기능식품 기능성 원료 및 기준․규격  인정에 관한 규정」 제10조제2항에 따라 「건강기능식품의 기준 및 규격」에 고시 예정임,「건강기능식품 기능성 원료 및 기준․규격 인정에 관한 규정」 제10조제2항에 따라 「건강기능식품의 기준 및 규격」에 고시 예정임,식품안전나라,109
2016-20,EPA 및 DHA 함유유지,2016-09-28,(주)성우인터켐,건조한 눈을 개선하여 눈 건강에 도움을 줄 수 있음,건조한 눈을 개선하여 눈 건강에 도움을 줄 수 있음,EPA와 DHA의 합으로서 0.6~1 g/일,EPA와 DHA의 합으로서 0.6~1 g/일,-,,식품안전나라,25
2009-46,피브로인추출물 (BF-7®),2009-04-29,(주)파미니티,기억력 개선에 도움을 줄 수 있습니다. (기타 II등급),기억력 개선에 도움을 줄 수 있습니다. (기타 II등급),피브로인 추출물로서 200~400mg,피브로인 추출물로서 200~400mg,1) 임산부 및 수유여성은 섭취에 주의,1) 임산부 및 수유여성은 섭취에 주의,식품안전나라,554
2014-25,카카오분말,2014-06-09,롯데웰푸드(주),혈관이완을 통한 혈행개선에 도움을 줄 수 있음(생리활성기능 2등급),혈관이완을 통한 혈행개선에 도움을 줄 수 있음(생리활성기능 2등급),카카오분말로서 2.8 g/일,카카오분말로서 2.8 g/일,"1) 제안된 일일섭취량 이상 과량 섭취하지 않도록 주의
2) 임산부와 수유부, 카페인에 민감한 사람의 경우 섭취에 주의
3) 특정 질병이 있는 경우 섭취 전에 의사와 상담","1) 제안된 일일섭취량 이상 과량 섭취하지 않도록 주의 2) 임산부와 수유부, 카페인에 민감한 사람의 경우 섭취에 주의 3) 특정 질병이 있는 경우 섭취 전에 의사와 상담",식품안전나라,488
2010-2,연어펩타이드,2010-02-02,(주)대덕약업,"혈압이 높은 사람에게 도움을 줄 수 있음
(기타기능II)",혈압이 높은 사람에게 도움을 줄 수 있음 (기타기능II),연어 펩타이드로서 2g/일,연어 펩타이드로서 2g/일,"1) 임산부, 수유부는 섭취를 삼가시기 바랍니다.
2) 어린이, 노인, 신부전이 있는 사람, 혈압약을 복용하시는 분이 섭취 시에는 의사와 상담하셔야 합니다.","1) 임산부, 수유부는 섭취를 삼가시기 바랍니다. 2) 어린이, 노인, 신부전이 있는 사람, 혈압약을 복용하시는 분이 섭취 시에는 의사와 상담하셔야 합니다.",식품안전나라,392
2009-86,헛개나무 과병 추출 분말,2009-10-28,(주)바이오랜드,1) 알콜성 손상으로부터 간을 보호하는데 도움을 줄 수 있음(기타 II) 2) 스트레스로 인한 피로 개선에 도움을 줄 수 있음(생리활성기능 2등급) 3) 운동능력 향상에 도움을 줄 수 있음(생리활성기능 2등급),1) 알콜성 손상으로부터 간을 보호하는데 도움을 줄 수 있음(기타 II) 2) 스트레스로 인한 피로 개선에 도움을 줄 수 있음(생리활성기능 2등급) 3) 운동능력 향상에 도움을 줄 수 있음(생리활성기능 2등급),"헛개나무 과병 추출 분말로서 2,460mg","헛개나무 과병 추출 분말로서 2,460mg",-,,식품안전나라,570
2010-28,피카오프레토 분말 등 복합물(ClearGuardTM),2010-07-01,한국암웨이(주),“과민반응에 의한 코 상태 개선에 도움을 줄 수 있음(기타Ⅱ)”,"""과민반응에 의한 코 상태 개선에 도움을 줄 수 있음(기타Ⅱ)""","‘아세로라농축물, 계피추출물, 피카오프레토분말 3종 혼합물’로서 1,350 mg/일","'아세로라농축물, 계피추출물, 피카오프레토분말 3종 혼합물'로서 1,350 mg/일","1) 임산부와 수유부, 어린이는 섭취에 주의하시기 바랍니다.","1) 임산부와 수유부, 어린이는 섭취에 주의하시기 바랍니다.",식품안전나라,557
2011-26,회화나무열매추출물,2011-09-26,주식회사 노바렉스,갱년기 여성의 건강에 도움을 줄 수 있음(기타기능Ⅱ),갱년기 여성의 건강에 도움을 줄 수 있음(기타기능Ⅱ),회화나무열매추출물로서 350 mg/일,회화나무열매추출물로서 350 mg/일,1) 에스트로겐 호르몬에 민감한 사람은 섭취에 주의,1) 에스트로겐 호르몬에 민감한 사람은 섭취에 주의,식품안전나라,597
2011-21,글로빈 가수분해물,2011-09-09,(주)헤너스,식후 혈중 중성지질 개선에 도움을 줄 수 있음(기타기능Ⅱ),식후 혈중 중성지질 개선에 도움을 줄 수 있음(기타기능Ⅱ),글로빈 가수분해물로서 1 g/일,글로빈 가수분해물로서 1 g/일,"1) 영유아, 어린이, 임산부와 수유부는 섭취 시 주의
2) 높은 혈당 및 당뇨환자는 섭취 시 주의","1) 영유아, 어린이, 임산부와 수유부는 섭취 시 주의 2) 높은 혈당 및 당뇨환자는 섭취 시 주의",식품안전나라,137
2009-87,해태올리고펩타이드,2009-12-07,(주)삼오제약,“혈압조절에 도움을 줄 수 있음(기타기능II)”,"""혈압조절에 도움을 줄 수 있음(기타기능II)""",해태올리고펩티드로서 1.6g,해태올리고펩티드로서 1.6g,1) 해조식 섭취에 주의해야 하는 분은 섭취를 삼가시기 바랍니다.,1) 해조식 섭취에 주의해야 하는 분은 섭취를 삼가시기 바랍니다.,식품안전나라,567
2013-25,가시오갈피 등 복합추출물,2013-08-20,(주)뉴메드,"관절 건강에 도움을 줄 수 있음
(생리활성기능 2등급)",관절 건강에 도움을 줄 수 있음 (생리활성기능 2등급),가시오갈피 등 복합추출물 로서 1.5 g/일,가시오갈피 등 복합추출물 로서 1.5 g/일,"1) 임산부 및 수유부 여성은 섭취에 주의
2) 알레르기 및 특이체질, 질병치료 중인 사람은 섭취에 주의","1) 임산부 및 수유부 여성은 섭취에 주의 2) 알레르기 및 특이체질, 질병치료 중인 사람은 섭취에 주의",식품안전나라,104
2014-45,L-arabinose,2014-09-12,(주)메디앤바이오,"설탕 소화흡수를 완만하게 하여 혈당조절에 
도움을 줄 수 있음
(생리활성기능 2등급)",설탕 소화흡수를 완만하게 하여 혈당조절에 도움을 줄 수 있음 (생리활성기능 2등급),신청원료로서 설탕 섭취량의 3% (L-arabinose를 포함하는 설탕으로서 6 g/일),신청원료로서 설탕 섭취량의 3% (L-arabinose를 포함하는 설탕으로서 6 g/일),"1) 과도한 설탕의 섭취는 건강에 해로울 수 있음
2) 본 원료를 과량으로 섭취하면 설사를 유발할 수 있음
3) 당뇨병 치료를 받으시는 분은 의사와 상담 후 본 원료를 섭취할 것을 권장함",1) 과도한 설탕의 섭취는 건강에 해로울 수 있음 2) 본 원료를 과량으로 섭취하면 설사를 유발할 수 있음 3) 당뇨병 치료를 받으시는 분은 의사와 상담 후 본 원료를 섭취할 것을 권장함,식품안전나라,37
2008-9,칸탈로프멜론추출물,2008-02-14,(주)씨스팡,1)산화스트레스로부터 인체를 보호하는데 도움을 줄 수 있습니다(기타II) 2)혈관벽 두께 증가 억제를 통한 혈행개선에 도움을 줄 수 있습니다(기타II) 3) 자외선에 의한 피부홍반개선으로 피부건강에 도움을 줄수 있음(기타II),1)산화스트레스로부터 인체를 보호하는데 도움을 줄 수 있습니다(기타II) 2)혈관벽 두께 증가 억제를 통한 혈행개선에 도움을 줄 수 있습니다(기타II) 3) 자외선에 의한 피부홍반개선으로 피부건강에 도움을 줄수 있음(기타II),"500~1,00 IU/일 (SOD 활성으로서)","500~1,00 IU/일 (SOD 활성으로서)",1) 밀 단백질에 알레르기를 나타내는 사람은 섭취에 주의,1) 밀 단백질에 알레르기를 나타내는 사람은 섭취에 주의,식품안전나라,489
2012-12,민들레 등 추출복합물,2012-03-26,(주)성균바이오텍,피부보습에 도움을 줄 수 있음(생리활성기능 2등급),피부보습에 도움을 줄 수 있음(생리활성기능 2등급),민들레 등 추출복합물로서 750 mg/day,민들레 등 추출복합물로서 750 mg/day,-,,식품안전나라,252
2012-23,키토올리고당,2012-09-17,(주)키토라이프,"체지방 감소에 도움을 줄 수 있으나, 관련 인체적용시험이 미흡함(생리활성기능 3등급)","체지방 감소에 도움을 줄 수 있으나, 관련 인체적용시험이 미흡함(생리활성기능 3등급)",키토올리고당으로서 3g,키토올리고당으로서 3g,1) 게 또는 새우에 알레르기가 있는 사람은 섭취에 주의,1) 게 또는 새우에 알레르기가 있는 사람은 섭취에 주의,식품안전나라,508
2012-27,로즈힙분말,2012-09-28,(주)서흥캅셀,관절 및 연골 건강에 도움을 줄 수 있음(생리활성기능 2등급),관절 및 연골 건강에 도움을 줄 수 있음(생리활성기능 2등급),로즈힙분말로서 5g/일,로즈힙분말로서 5g/일,"1) 알레르기 반응을 보이는 사람의 경우 섭취 전 성분 확인 필요함
2) 임산부, 수유부, 어린이의 섭취는 전문의와 상담 후 섭취를 권장함","1) 알레르기 반응을 보이는 사람의 경우 섭취 전 성분 확인 필요함 2) 임산부, 수유부, 어린이의 섭취는 전문의와 상담 후 섭취를 권장함",식품안전나라,211
2013-4,발효울금,2013-03-06,한국인스팜주식회사,"간 건강에 도움을 줄 수 있으나, 관련 인체적용시험이 미흡함(생리활성기능 3등급)","간 건강에 도움을 줄 수 있으나, 관련 인체적용시험이 미흡함(생리활성기능 3등급)",발효울금으로서 3g/일,발효울금으로서 3g/일,"1) 어린이, 임산부 및 수유부는 섭취에 주의
2) 항응고제 복용시 섭취에 주의","1) 어린이, 임산부 및 수유부는 섭취에 주의 2) 항응고제 복용시 섭취에 주의",식품안전나라,269
2013-6,나토균배양분말,2013-04-17,(주)지에프퍼멘텍,혈행 개선에 도움을 줄 수 있음(생리활성기능 2등급),혈행 개선에 도움을 줄 수 있음(생리활성기능 2등급),나토균배양분말로서 44~64 mg/일,나토균배양분말로서 44~64 mg/일,"1) 대두에 알레르기를 나타내는 사람은 섭취에 주의
2) 임산부, 수유부 섭취에 주의
3) 의약품(혈액항응고제)복용 시 섭취에 주의
4) 수술 전, 후 섭취에 주의","1) 대두에 알레르기를 나타내는 사람은 섭취에 주의 2) 임산부, 수유부 섭취에 주의 3) 의약품(혈액항응고제)복용 시 섭취에 주의 4) 수술 전, 후 섭취에 주의",식품안전나라,148
2013-14,가시오가피숙지황복합추출물,2013-07-03,(주)오스코텍,뼈 건강에 도움을 줄 수 있음(생리활성기능 2등급),뼈 건강에 도움을 줄 수 있음(생리활성기능 2등급),가시오가피숙지황 복합추출물로서 800mg/일,가시오가피숙지황 복합추출물로서 800mg/일,"1) 영.유아, 임산부, 수유부는 섭취에 주의
2) 알레르기 체질이거나 특정질환이 있는 사람은 섭취에 주의","1) 영.유아, 임산부, 수유부는 섭취에 주의 2) 알레르기 체질이거나 특정질환이 있는 사람은 섭취에 주의",식품안전나라,103
2013-31,MR-10 민들레등복합추출물,2013-10-17,(주)파미니티,갱년기 남성의 건강에 도움을 줄 수 있음(생리활성기능 2등급),갱년기 남성의 건강에 도움을 줄 수 있음(생리활성기능 2등급),MR-10 민들레등복합추출물로서 400 mg,MR-10 민들레등복합추출물로서 400 mg,-,,식품안전나라,71
2012-31,콩발효추출물,2012-11-09,주영엔에스(주),,,,,,,식품안전나라,498
2012-32,콩발효추출물,2012-11-09,(주)네이처텍,식후 혈당상승 억제에 도움을 줄 수 있음(생리활성기능 2등급),식후 혈당상승 억제에 도움을 줄 수 있음(생리활성기능 2등급),콩발효추출물로서 900 mg/일,콩발효추출물로서 900 mg/일,"1) 대두에 알레르기를 나타내는 사람은 섭취 시 주의
2) 임산부, 수유부 및 어린이는 섭취 시 주의","1) 대두에 알레르기를 나타내는 사람은 섭취 시 주의 2) 임산부, 수유부 및 어린이는 섭취 시 주의",식품안전나라,498
2014-43,호박씨추출물 등 복합물,2014-09-04,(주)삼정,방광의 배뇨기능 개선에 도움을 줄 수 있음(생리활성기능 2등급),방광의 배뇨기능 개선에 도움을 줄 수 있음(생리활성기능 2등급),"호박씨추출물 등 복합물로서 600 ～ 1,000 mg/일","호박씨추출물 등 복합물로서 600 ～ 1,000 mg/일","1) 영유아, 어린이, 임산부와 수유부는 섭취에 주의2) 호박씨, 대두에 알레르기를 나타내는 사람은 섭취에 주의3) 에스트로겐 호르몬에 민감한 사람은 섭취에 주의","1) 영유아, 어린이, 임산부와 수유부는 섭취에 주의2) 호박씨, 대두에 알레르기를 나타내는 사람은 섭취에 주의3) 에스트로겐 호르몬에 민감한 사람은 섭취에 주의",식품안전나라,579
2014-44,참당귀 추출분말(Nutragen),2014-09-11,(주)뉴트라젠,1) 노화로 저하된 인지기능 개선에 도움을 줄 수 있음 2) 관절건강에 도움을 줄 수 있음(생리활성기능 2등급),1) 노화로 저하된 인지기능 개선에 도움을 줄 수 있음 2) 관절건강에 도움을 줄 수 있음(생리활성기능 2등급),1) 참당귀 추출분말(Nutragen)로서 800 mg/일(인지기능 개선) 2) 참당귀추출분말(Nutragen)로서 800 mg(관절건강),1) 참당귀 추출분말(Nutragen)로서 800 mg/일(인지기능 개선) 2) 참당귀추출분말(Nutragen)로서 800 mg(관절건강),"1) 소화불량, 속쓰림 등이 나타날 수 있습니다.
2) 혈액응고방지제 또는 혈당강하제를 복용하시는 분은 의사의 상담 하에 사용하여 주십시오.","1) 소화불량, 속쓰림 등이 나타날 수 있습니다. 2) 혈액응고방지제 또는 혈당강하제를 복용하시는 분은 의사의 상담 하에 사용하여 주십시오.",식품안전나라,476
2012-24,Collactive 콜라겐펩타이드,2012-09-21,씨제이웰케어,"피부 보습에 도움을 줄 수 있음
(생리활성기능 2등급)",피부 보습에 도움을 줄 수 있음 (생리활성기능 2등급),Collactive콜라겐펩타이드로서 2g/일,Collactive콜라겐펩타이드로서 2g/일,1) 임산부와 수유부는 섭취에 주의하시기 바랍니다.,1) 임산부와 수유부는 섭취에 주의하시기 바랍니다.,식품안전나라,23
2012-5,콜레우스 포스콜리 추출물,2012-01-20,사빈사코리아주식회사,"체지방 감소에 도움을 줄 수 있음
(생리활성기능 2등급)",체지방 감소에 도움을 줄 수 있음 (생리활성기능 2등급),콜레우스 포스콜리 추출물로서 500 mg/일,콜레우스 포스콜리 추출물로서 500 mg/일,"1) 임산부, 수유여성, 어린이는 섭취에 주의","1) 임산부, 수유여성, 어린이는 섭취에 주의",식품안전나라,496
2015-11,인삼다당체추출물,2015-04-06,주식회사 헬스바이오메드,,,,,,,식품안전나라,438
2015-22,까마귀쪽나무 열매 주정추출물,2015-11-04,(재)제주테크노파크,관절건강에 도움을 줄 수 있음(생리활성기능 2등급),관절건강에 도움을 줄 수 있음(생리활성기능 2등급),까마귀쪽나무 열매 주정추출물로서 200 mg/일,까마귀쪽나무 열매 주정추출물로서 200 mg/일,-,,식품안전나라,143
2013-18,로즈힙분말,2013-07-03,(주)뉴트리플랜,관절 및 연골 건강에 도움을 줄 수 있음(생리활성기능 2등급),관절 및 연골 건강에 도움을 줄 수 있음(생리활성기능 2등급),로즈힙분말로서 5g/일,로즈힙분말로서 5g/일,"1) 알레르기 반응을 보이는 사람의 경우 섭취전 성분 확인 필요함
2) 임산부, 수유부, 어린이의 섭취는 전문의와 상담 후 섭취를 권장함","1) 알레르기 반응을 보이는 사람의 경우 섭취전 성분 확인 필요함 2) 임산부, 수유부, 어린이의 섭취는 전문의와 상담 후 섭취를 권장함",식품안전나라,211
2006-3,황금등복합물,2010-04-01,(주)유니젠,,,,,,,식품안전나라,593
2013-13,도라지추출물(DRJ-AD),2013-06-05,(주)장생도라지,"노인의 인지능력 개선에 도움을 줄 수 있으나, 인체적용시험이 미흡(생리활성기능 3등급)","노인의 인지능력 개선에 도움을 줄 수 있으나, 인체적용시험이 미흡(생리활성기능 3등급)",도라지추출분말로서 3g/일,도라지추출분말로서 3g/일,-,,식품안전나라,183
2009-50,HK 나토배양물,2009-06-05,(주)HK바이오텍,"혈액의 흐름을 방해할 수 있는 혈소판응집을 억제하여, 혈액흐름을 원활히 하는데 도움을 줄 수 있음(기타 II)","혈액의 흐름을 방해할 수 있는 혈소판응집을 억제하여, 혈액흐름을 원활히 하는데 도움을 줄 수 있음(기타 II)",HK나토배양물로서 133mg,HK나토배양물로서 133mg,"1) 알레르기 체질이신 분은 원재료를 확인하신 후 섭취하십시오.
2) 임산부와 수유기 여성은 섭취를 피하는 것이 좋습니다.
3) 과다 섭취시 혈액응고가 저해되어 출혈 위험이 증가될 수 있습니다.
4) 항혈전 관련 약품(항응고제, 항혈소판제제)을 섭취하는 사람은 의사와 상담 후 섭취하여야 합니다.
5) 수술 전과 후에는 섭취를 피해야 합니다.","1) 알레르기 체질이신 분은 원재료를 확인하신 후 섭취하십시오. 2) 임산부와 수유기 여성은 섭취를 피하는 것이 좋습니다. 3) 과다 섭취시 혈액응고가 저해되어 출혈 위험이 증가될 수 있습니다. 4) 항혈전 관련 약품(항응고제, 항혈소판제제)을 섭취하는 사람은 의사와 상담 후 섭취하여야 합니다. 5) 수술 전과 후에는 섭취를 피해야 합니다.",식품안전나라,33
2016-21,오미자추출물,2016-12-26,(주)바이오믹스,갱년기 여성 건강에 도움을 줄 수 있음(생리활성기능 2등급),갱년기 여성 건강에 도움을 줄 수 있음(생리활성기능 2등급),오미자추출물로서 783 mg/일,오미자추출물로서 783 mg/일,-,,식품안전나라,403
2012-21,유단백가수분해물(락티움),2012-07-26,(주)사노피-아벤티스코리아,스트레스로 인한 긴장 완화에 도움을 줄 수 있음(생리활성기능 2등급),스트레스로 인한 긴장 완화에 도움을 줄 수 있음(생리활성기능 2등급),유단백가수분해물(락티움)로서 150 mg/일,유단백가수분해물(락티움)로서 150 mg/일,"1) 임산부, 수유여성 및 어린이는 섭취에 주의
2) 우유 및 유제품에 대하여 알레르기를 나타내는 사람은 섭취에 주의","1) 임산부, 수유여성 및 어린이는 섭취에 주의 2) 우유 및 유제품에 대하여 알레르기를 나타내는 사람은 섭취에 주의",식품안전나라,419
2014-46,비파엽추출물,2014-10-02,한국인스팜(주),기억력 개선에 도움을 줄 수 있음(생리활성기능 2등급),기억력 개선에 도움을 줄 수 있음(생리활성기능 2등급),비파엽추출물로서 1.5g,비파엽추출물로서 1.5g,-,,식품안전나라,309
2014-20,발효식초석류복합물,2014-05-19,대상(주),,,,,,,식품안전나라,267
2017-7,HK표고버섯균사체,2010-07-15,(주)HK바이오텍,,,,,,,식품안전나라,34
2017-8,전칠삼추출물 등 복합물,2010-10-26,(주)오스코텍,,,,,,,식품안전나라,458
2017-10,복분자추출분말,2010-12-24,(주)리즈바이오텍,,,,,,,식품안전나라,292
2011-25,회화나무열매추출물,2011-09-26,(주)후드코리아,갱년기 여성의 건강에 도움을 줄 수 있음(기타기능 II),갱년기 여성의 건강에 도움을 줄 수 있음(기타기능 II),회화나무열매추출물로서 350 mg/일,회화나무열매추출물로서 350 mg/일,1) 에스트로겐 호르몬에 민감한 사람은 섭취에 주의,1) 에스트로겐 호르몬에 민감한 사람은 섭취에 주의,식품안전나라,597
2008-32,금사상황버섯,2008-06-17,금사머쉬앤팜,면역기능 개선에 도움을 줄 수 있음(기타기능II),면역기능 개선에 도움을 줄 수 있음(기타기능II),금사상황버섯추출물로서 3.3g/day,금사상황버섯추출물로서 3.3g/day,-,,식품안전나라,140
2018-14,시서스추출물,2019-01-02,주식회사 뉴온,체지방 감소에 도움,체지방 감소에 도움,시서스추출물의 일일섭취량은 300mg/일,시서스추출물의 일일섭취량은 300mg/일,임산부 및 수유부는 섭취에 주의한다.,임산부 및 수유부는 섭취에 주의한다.,식품안전나라,350
2019-2,인삼추출물,2019-04-08,국립원예특작과학원 인삼특작부,-,,,,,,식품안전나라,439
2019-3,깻잎추출물(PF501),2019-04-08,(주)휴온스내츄럴,체지방 감소에 도움을 줄 수 있음,체지방 감소에 도움을 줄 수 있음,,,,,식품안전나라,144
2014-61,감마리놀렌산 함유 유지,2014-12-09,(주)로하스피아,월경 전 변화에 의한 불편한 상태 개선에 도움을 줄 수 있음(생리활성기능 2등급),월경 전 변화에 의한 불편한 상태 개선에 도움을 줄 수 있음(생리활성기능 2등급),감마리놀렌산으로서 210 ～ 300 mg/일,감마리놀렌산으로서 210 ～ 300 mg/일,※「건강기능식품 기능성 원료 및 기준 규격  인정에 관한 규정」 제10조제2항에 따라 「건강기능식품의 기준 및 규격」에 고시 예정임,※「건강기능식품 기능성 원료 및 기준 규격 인정에 관한 규정」 제10조제2항에 따라 「건강기능식품의 기준 및 규격」에 고시 예정임,식품안전나라,109
2014-55,오메가-3 지방산 함유 유지,2014-11-03,(주)자연의힘,"기억력 개선에 도움을 줄 수 있음
 (생리활성기능 2등급)",기억력 개선에 도움을 줄 수 있음 (생리활성기능 2등급),DHA와 EPA의 합으로서 0.9 ～ 2 g/일,DHA와 EPA의 합으로서 0.9 ～ 2 g/일,「건강기능식품 기능성 원료 및 기준․규격  인정에 관한 규정」 제10조제2항에 따라 「건강기능식품의 기준 및 규격」에 고시 예정임,「건강기능식품 기능성 원료 및 기준․규격 인정에 관한 규정」 제10조제2항에 따라 「건강기능식품의 기준 및 규격」에 고시 예정임,식품안전나라,399
2014-28,와일드망고 종자추출물,2014-07-02,(주)프롬바이오,"체지방 감소에 도움을 줄 수 있음
(생리활성기능 2등급)",체지방 감소에 도움을 줄 수 있음 (생리활성기능 2등급),와일드망고 종자추출물로서 300 mg,와일드망고 종자추출물로서 300 mg,임산부 및 수유 여성은 섭취에 주의,임산부 및 수유 여성은 섭취에 주의,식품안전나라,413
2017-1,허니부쉬추출발효분말,2017-03-31,(주)휴온스,자외선에 의한 피부손상으로부터 피부 건강을 유지하는데 도움,자외선에 의한 피부손상으로부터 피부 건강을 유지하는데 도움,허니부쉬추출발효분말로서 400~800mg/일,허니부쉬추출발효분말로서 400~800mg/일,알레르기 체질이거나 특정질환이 있는 분은 섭취 전 의사와 상담바랍니다.,알레르기 체질이거나 특정질환이 있는 분은 섭취 전 의사와 상담바랍니다.,식품안전나라,568
2014-8,옥수수배아추출물,2014-02-19,"에이케이바이오링크 주식회사 (AK Biolink Co.,Ltd)",피부보습에 도움을 줄 수 있음(생리활성기능 2등급),피부보습에 도움을 줄 수 있음(생리활성기능 2등급),옥수수배아추출물로서 40~60 mg/일,옥수수배아추출물로서 40~60 mg/일,"1) 영.유아, 임산부와 수유부는 섭취에 주의
2) 알레르기 체질이거나 특정질환이 있는 분은 섭취 전 의사와 상담","1) 영.유아, 임산부와 수유부는 섭취에 주의 2) 알레르기 체질이거나 특정질환이 있는 분은 섭취 전 의사와 상담",식품안전나라,405
2012-17,밀크씨슬 추출물(Milk Thistle Extract),2012-05-10,(주)성지코퍼레이션,간 건강에 도움을 줄 수 있음(생리활성기능 2등급),간 건강에 도움을 줄 수 있음(생리활성기능 2등급),실리마린(Silymarin) 으로서 130 mg/일,실리마린(Silymarin) 으로서 130 mg/일,"1) 알레르기 반응이 나타나는 경우에는 섭취 중단
2) 설사, 위통, 복부팽만 등의 위장관계 장애가 나타나는 경우에는 섭취에 주의","1) 알레르기 반응이 나타나는 경우에는 섭취 중단 2) 설사, 위통, 복부팽만 등의 위장관계 장애가 나타나는 경우에는 섭취에 주의",식품안전나라,257
2007-12,피니톨 분말,2007-08-29,솔젠트(주),피니톨은 캐롭빈 포드에서 정제?추출한 원료로서 혈당조절에 도움을 줄 수 있으나 인체시험에서 확인이 필요합니다.,피니톨은 캐롭빈 포드에서 정제?추출한 원료로서 혈당조절에 도움을 줄 수 있으나 인체시험에서 확인이 필요합니다.,.,,피니톨은 당뇨병의 치료 및 예방에 사용될 수 없으므로  당뇨병 치료가 필요한 경우에는 의사와 상담 하에 사용하여야 합니다.,피니톨은 당뇨병의 치료 및 예방에 사용될 수 없으므로 당뇨병 치료가 필요한 경우에는 의사와 상담 하에 사용하여야 합니다.,식품안전나라,552
2007-15,바이오게르마늄 효모,2007-09-28,게란티제약(주),면역기능 증진에 도움,면역기능 증진에 도움,바이오게르마늄 효모로서 1.2g,바이오게르마늄 효모로서 1.2g,,,식품안전나라,263
2019-4,L. curvatus HY7601와 L. plantarum KY1032의 프로바이오틱스 복합물,2019-04-08,(주)에치와이 평택공장,,,,,,,식품안전나라,45
2019-5,연어이리추출물(DOT™연어핵산),2019-04-15,주식회사 플루토,위 점막을 보호하여 위 건강에 도움을 줄 수 있음,위 점막을 보호하여 위 건강에 도움을 줄 수 있음,연어이리추출물(PRP연어핵산)로서 750mg/일,연어이리추출물(PRP연어핵산)로서 750mg/일,,,식품안전나라,390
2019-6,루바브뿌리추출물,2019-04-19,한국암웨이(주),갱년기 여성건강에 도움을 줄 수 있음,갱년기 여성건강에 도움을 줄 수 있음,,,,,식품안전나라,212
2017-3,허니부쉬추출발효분말,2017-06-09,(주)휴온스엔,자외선에의한 피부손상으로 피부건강 유지에 도움을 줄 수 있음,자외선에의한 피부손상으로 피부건강 유지에 도움을 줄 수 있음,허니부쉬추출발효분말로서 400~800 mg/일,허니부쉬추출발효분말로서 400~800 mg/일,"1) 어린이, 임산부, 수유부는 섭취에 주의
2) 유당불내증이 있는 사람은 섭취에 주의","1) 어린이, 임산부, 수유부는 섭취에 주의 2) 유당불내증이 있는 사람은 섭취에 주의",식품안전나라,568
2017-2,히알루론산,2017-04-28,에스케이바이오랜드 주식회사,자외선에 의한 피부손상으로부터 피부 건강 유지에 도움을 줄 수 있음(생리활성기능 2등급),자외선에 의한 피부손상으로부터 피부 건강 유지에 도움을 줄 수 있음(생리활성기능 2등급),히알루론산으로서 240 mg/일,히알루론산으로서 240 mg/일,-,,식품안전나라,603
2015-12,감마리놀렌산함유유지,2015-04-09,(주)비티씨,월경 전 변화에 의한 불편한 상태 개선에 도움을 줄 수 있음(생리활성기능 2등급),월경 전 변화에 의한 불편한 상태 개선에 도움을 줄 수 있음(생리활성기능 2등급),감마리놀렌산으로서 210~300 mg/일,감마리놀렌산으로서 210~300 mg/일,-,,식품안전나라,109
2015-13,감마리놀렌산함유유지,2015-04-09,(주)비티씨,면역과민반응에 의한 피부 상태 개선에 도움을 줄 수 있음(생리활성기능 2등급),면역과민반응에 의한 피부 상태 개선에 도움을 줄 수 있음(생리활성기능 2등급),감마리놀렌산으로 160~300 mg/일,감마리놀렌산으로 160~300 mg/일,"1) 영.유아, 어린이는 섭취 전 의사와 상담하여야 함","1) 영.유아, 어린이는 섭취 전 의사와 상담하여야 함",식품안전나라,109
2015-15,히알루론산,2015-04-16,주식회사 노바렉스,피부 보습에 도움을 줄 수 있음(생리활성기능 2등급),피부 보습에 도움을 줄 수 있음(생리활성기능 2등급),히알루론산으로서 120 mg/일,히알루론산으로서 120 mg/일,"1) 임산부, 수유부는 섭취에 주의
2) 알레르기 체질 및 특이체질, 질병치료 중인 사람은 섭취에 주의","1) 임산부, 수유부는 섭취에 주의 2) 알레르기 체질 및 특이체질, 질병치료 중인 사람은 섭취에 주의",식품안전나라,603
2013-35,"피엘에이지(PLAG, 1-palmitoyl-2-linoleoyl-3-acetyl-rac-g",2013-11-28,(주)엔지켐생명과학,면역조절에 도움을 줄 수 있음(생리활성기능 2등급),면역조절에 도움을 줄 수 있음(생리활성기능 2등급),"피엘에이지(PLAG, 1-palmitoyl-2-linoleoyl-3-acetyl -rac-glycerol)로서 1 g/일","피엘에이지(PLAG, 1-palmitoyl-2-linoleoyl-3-acetyl -rac-glycerol)로서 1 g/일","1) 장기간(6개월 이상) 섭취 시 주의(삭제) 2) 어린이, 임산부, 수유부 및 가임여성은 섭취를 삼가(일부 삭제: 및 가임여성은) 3) 위장장애가 발생할 수 있으므로 주의","1) 장기간(6개월 이상) 섭취 시 주의(삭제) 2) 어린이, 임산부, 수유부 및 가임여성은 섭취를 삼가(일부 삭제: 및 가임여성은) 3) 위장장애가 발생할 수 있으므로 주의",식품안전나라,556
2012-36,핑거루트추출분말,2012-12-31,(주)한국야쿠르트 중앙연구소,1) 자외선에 의한 피부손상으로부터 피부 건강을 유지하는데 도움을 줄 수 있음(생리활성기능 2등급) 2) 체지방 감소에 도움을 줄 수 있음(생리활성기능 2등급),1) 자외선에 의한 피부손상으로부터 피부 건강을 유지하는데 도움을 줄 수 있음(생리활성기능 2등급) 2) 체지방 감소에 도움을 줄 수 있음(생리활성기능 2등급),핑거루트추출분말로서 600mg/일,핑거루트추출분말로서 600mg/일,-,,식품안전나라,562
2018-2,빌베리추출물,2018-02-13,(주)대덕약업,눈의 피로도 개선에 도움,눈의 피로도 개선에 도움,빌베리추출물로서 120~240mg,빌베리추출물로서 120~240mg,,,식품안전나라,310
2019-10,빌베리추출물,2019-05-16,아사히고도(주)서울지점,눈의 피로도 개선에 도움,눈의 피로도 개선에 도움,빌베리추출물로서 160~240mg,빌베리추출물로서 160~240mg,,,식품안전나라,310
2019-7,스페인감초추출물,2019-05-17,(주)뉴트리,위 점막 내 헬리코박터(Helicobacter pylori) 증식을 억제하고 위 점막을 보호하여 위 건강에 도움을 줄 수 있습니다.,위 점막 내 헬리코박터(Helicobacter pylori) 증식을 억제하고 위 점막을 보호하여 위 건강에 도움을 줄 수 있습니다.,150mg,150mg,,,식품안전나라,346
2015-25,EPA 및 DHA 함유유지,2015-11-04,(주)백중인터내셔널,건조한 눈을 개선하여 눈 건강에 도움을 줄 수 있음(생리활성기능 2등급),건조한 눈을 개선하여 눈 건강에 도움을 줄 수 있음(생리활성기능 2등급),EPA와 DHA의 합으로서 0.6~1 g/일,EPA와 DHA의 합으로서 0.6~1 g/일,-,,식품안전나라,25
2015-4,감마리놀렌산함유유지,2015-01-05,(주)동일팜텍,면역과민반응에 의한 피부상태 개선에 도움을 줄 수 있음(생리활성기능 2등급),면역과민반응에 의한 피부상태 개선에 도움을 줄 수 있음(생리활성기능 2등급),감마리놀렌산으로 160~300 mg/일,감마리놀렌산으로 160~300 mg/일,"영.유아, 어린이는 섭취 전 의사와 상담하여야 함","영.유아, 어린이는 섭취 전 의사와 상담하여야 함",식품안전나라,109
2015-5,감마리놀렌산함유유지,2015-01-05,(주)동일팜텍,월경 전 변화에 의한 불편한 상태 개선에 도움을 줄 수 있음(생리활성기능 2등급),월경 전 변화에 의한 불편한 상태 개선에 도움을 줄 수 있음(생리활성기능 2등급),감마리놀렌산으로서 210~300 mg/일,감마리놀렌산으로서 210~300 mg/일,-,,식품안전나라,109
2015-8,EPA 및 DHA 함유 유지,2015-03-17,(주)동일팜텍,기억력 개선에 도움을 줄 수 있음(생리활성기능 2등급),기억력 개선에 도움을 줄 수 있음(생리활성기능 2등급),EPA와 DHA의 합으로서 0.9~2 g/일,EPA와 DHA의 합으로서 0.9~2 g/일,-,,식품안전나라,25
2014-2,강황 추출물(터마신),2014-01-29,(주)세광에스티코퍼레이션,관절건강에 도움을 줄 수 있음(생리활성기능 2등급),관절건강에 도움을 줄 수 있음(생리활성기능 2등급),강황 추출물로서 1 g/일,강황 추출물로서 1 g/일,"1) 영.유아, 임산부, 수유부는 섭취에 주의
2) 강황 알레르기 체질이거나 특정질환(담낭질환 등)이 있는 분은 섭취에 주의
3) 제안된 섭취량 이상 섭취 시 소화불량, 위장장애, 메스꺼움, 위산역류 등이 있을 수 있음","1) 영.유아, 임산부, 수유부는 섭취에 주의 2) 강황 알레르기 체질이거나 특정질환(담낭질환 등)이 있는 분은 섭취에 주의 3) 제안된 섭취량 이상 섭취 시 소화불량, 위장장애, 메스꺼움, 위산역류 등이 있을 수 있음",식품안전나라,112
2014-10,오메가-3 지방산 함유 유지,2014-04-23,주영엔에스(주),기억력 개선에 도움을 줄 수 있음(생리활성기능 2등급),기억력 개선에 도움을 줄 수 있음(생리활성기능 2등급),DHA와 EPA의 ㅎ바으로서 0.9~2 g/일,DHA와 EPA의 ㅎ바으로서 0.9~2 g/일,-,,식품안전나라,399
2019-26,리스펙타(RespectaⓇ) [프로바이오틱스 등복합물],2019-11-05,코스맥스엔비티(주),,,,,,,식품안전나라,223
2007-23,PMO참밀알부민,2007-12-14,풀무원건강생활(주),,,,,,,식품안전나라,81
2011-39,크랜베리 추출물,2011-10-26,씨제이웰케어,요로에 유해균 흡착 억제로 요로건강에 도움을 줄 수 있음(기타기능 II),요로에 유해균 흡착 억제로 요로건강에 도움을 줄 수 있음(기타기능 II),크랜베리추출물로서 500mg/일,크랜베리추출물로서 500mg/일,-,,식품안전나라,499
2011-16,동충하초 유래 P. hepiali 균사체(Cs-4) 추출물,2011-05-11,뉴스킨코리아(주),지구력 증진에 도움을 줄 수 있음,지구력 증진에 도움을 줄 수 있음,동충하초 발효 추출물로서 2.5 g/일,동충하초 발효 추출물로서 2.5 g/일,"1) 어린이, 임산부, 수유부는 섭취에 주의
2) 섭취 시 가벼운 위 불쾌감 유발 가능
3) 혈당강하제, 항응고제, 항우울제와 병용 시 섭취에 주의","1) 어린이, 임산부, 수유부는 섭취에 주의 2) 섭취 시 가벼운 위 불쾌감 유발 가능 3) 혈당강하제, 항응고제, 항우울제와 병용 시 섭취에 주의",식품안전나라,191
2017-5,호로파종자 등 추출복합물,2017-10-10,(주)두한바이오,남성의 갱년기 건강에 도움을 줄 수 있음,남성의 갱년기 건강에 도움을 줄 수 있음,호로파종자 등 추출복합물로서 400 mg/일,호로파종자 등 추출복합물로서 400 mg/일,1) 땅콩 알레르기가 있는 사람은 섭취에 주의,1) 땅콩 알레르기가 있는 사람은 섭취에 주의,식품안전나라,575
2019-8,상황버섯등 추출복합물,2019-05-17,풀무원건강생활(주),혈관 건강 개선을 통해 혈행개선에 도움을 줄 수 있습니다.,혈관 건강 개선을 통해 혈행개선에 도움을 줄 수 있습니다.,,,,,식품안전나라,325
2019-12,피쉬 콜라겐펩타이드,2019-07-05,주영엔에스(주),자외선에 의한 피부손상으로부터 피부건강을 유지하는데 도움을 줄 수 있음,자외선에 의한 피부손상으로부터 피부건강을 유지하는데 도움을 줄 수 있음,"신청원료로서 3,270mg/일 (콜라겐펩타이드로서 3,000mg)","신청원료로서 3,270mg/일 (콜라겐펩타이드로서 3,000mg)",,,식품안전나라,555
2019-13,쑥부쟁이추출분말,2019-07-05,국립농업과학원본원동,-,,,,,,식품안전나라,366
2019-14,그린세라-F (인동덩굴꽃봉오리추출물),2019-07-05,주식회사 녹십자웰빙,,,,,,,식품안전나라,134
2019-25,로즈마리자몽추출복합물,2019-11-13,광동헬스바이오(주),자외선에 의한 피부손상으로부터 피부건강을 유지하는데 도움을 줄 수 있음,자외선에 의한 피부손상으로부터 피부건강을 유지하는데 도움을 줄 수 있음,100~250 mg/day,100~250 mg/day,"의약품(혈압강하제, 부정맥치료제, 고지혈증치료제, 항응고제 등)을 복용하시는 분은 섭취 전 의사와 상담","의약품(혈압강하제, 부정맥치료제, 고지혈증치료제, 항응고제 등)을 복용하시는 분은 섭취 전 의사와 상담",식품안전나라,209
2019-27,포도과피 효소발효추출물(KL-GEFE),2019-11-13,(주)키토라이프,안구건조 개선에 도움을 줄 수 있음,안구건조 개선에 도움을 줄 수 있음,,,,,식품안전나라,526
2008-68,Tonalin CLA FFA,2008-11-12,(주)네츄럴라이프,"“과체중인 성인의 체지방 감소에 도움을 줄 수 있습니다."" (기타기능 II)","""과체중인 성인의 체지방 감소에 도움을 줄 수 있습니다."" (기타기능 II)",공액리놀레산으로서 1.7~4.0 g/day,공액리놀레산으로서 1.7~4.0 g/day,"1) 위장장애가 발생할 수 있습니다.
2) 영유아, 임산부는 섭취를 삼가야 해야 합니다.
3) 식사조절, 운동을 병행하는 것이 바람직합니다.","1) 위장장애가 발생할 수 있습니다. 2) 영유아, 임산부는 섭취를 삼가야 해야 합니다. 3) 식사조절, 운동을 병행하는 것이 바람직합니다.",식품안전나라,84
2007-9,헤마토코쿠스 CO2 초임계 추출물,2007-07-09,주영엔에스(주),“헤마토코쿠스 CO2 초임계추출물의 섭취는 눈의 피로도 개선에 도움을 줄 수 있습니다.”(기타Ⅱ등급),"""헤마토코쿠스 CO2 초임계추출물의 섭취는 눈의 피로도 개선에 도움을 줄 수 있습니다.""(기타Ⅱ등급)",(Astaxanthin 으로서 6 mg/day),(Astaxanthin 으로서 6 mg/day),"- 제안된 섭취량 이상 섭취 시 일시적으로 피부가 황색으로 변할 수 있습니다.                                                                                                                          
 - 임산부와 수유기 여성은 섭취를 피하는 것이 좋습니다.                                                                                                                                                                                                                                                                                                                                         
 - β-carotene의 흡수를 저해할 수 있습니다.",- 제안된 섭취량 이상 섭취 시 일시적으로 피부가 황색으로 변할 수 있습니다. - 임산부와 수유기 여성은 섭취를 피하는 것이 좋습니다. - β-carotene의 흡수를 저해할 수 있습니다.,식품안전나라,571
2019-16,루테인지아잔틴복합추출물,2019-07-05,고려은단(주),-,,,,,,식품안전나라,215
2008-17,히알우론산나트륨,2008-03-24,씨제이제일제당(주),“피부 보습에 도움을 줄 수 있습니다.(기타Ⅱ)”,"""피부 보습에 도움을 줄 수 있습니다.(기타Ⅱ)""",히알우론산나트륨으로써 120mg,히알우론산나트륨으로써 120mg,"1) 임산부와 수유기 여성은 섭취를 피하는 것이 좋습니다.
2) 알레르기 및 특이체질, 질병치료 중인 사람은 섭취를 피하는 것이 좋습니다.","1) 임산부와 수유기 여성은 섭취를 피하는 것이 좋습니다. 2) 알레르기 및 특이체질, 질병치료 중인 사람은 섭취를 피하는 것이 좋습니다.",식품안전나라,607
2019-17,차즈기추출물,2019-08-14,코스맥스바이오(주),눈의 피로도 개선에 도움,눈의 피로도 개선에 도움,차즈기추출물의 일일섭취량은 500mg/일,차즈기추출물의 일일섭취량은 500mg/일,임산부 및 수유부는 섭취에 주의한다.,임산부 및 수유부는 섭취에 주의한다.,식품안전나라,472
2009-30,밀크씨슬추출물,2009-04-16,(주)디앤피천연물연구소,“간 건강에 도움을 줄 수 있으나 인체시험을 통한 확인이 필요함” (기타기능III),"""간 건강에 도움을 줄 수 있으나 인체시험을 통한 확인이 필요함"" (기타기능III)",Silymarin으로서 250~360mg,Silymarin으로서 250~360mg,"1) 알레르기 반응이 나타나는 경우에는 섭취를 중단하십시오
2) 설사, 위통, 복부팽만 등의 위장관계 장애가 나타나는 경우에는 섭취를 주의 하십시오","1) 알레르기 반응이 나타나는 경우에는 섭취를 중단하십시오 2) 설사, 위통, 복부팽만 등의 위장관계 장애가 나타나는 경우에는 섭취를 주의 하십시오",식품안전나라,259
2009-26,Novasoy,2009-04-02,(주)뉴트리션웨이브,“뼈 건강에 도움을 줄 수 있습니다.” (기타기능 II),"""뼈 건강에 도움을 줄 수 있습니다."" (기타기능 II)",이소플라본 비배당체로서 25mg/day,이소플라본 비배당체로서 25mg/day,"1) 섭취시 대상자는 폐경기 여성임.
2) 임산부와 수유 여성은 섭취를 삼가야 함.
3) 영유아, 어린이는 섭취를 삼가야 함.
4) 대두 이소플라본에 민감한 사람은 섭취를 삼가야 함.
5) 갑상선, 유방암, 자궁내막암, 방광암 환자 등은 섭취를 삼가야 함.","1) 섭취시 대상자는 폐경기 여성임. 2) 임산부와 수유 여성은 섭취를 삼가야 함. 3) 영유아, 어린이는 섭취를 삼가야 함. 4) 대두 이소플라본에 민감한 사람은 섭취를 삼가야 함. 5) 갑상선, 유방암, 자궁내막암, 방광암 환자 등은 섭취를 삼가야 함.",식품안전나라,79
2009-27,쏘이라이프(Soylife),2009-04-02,주영엔에스(주),“뼈 건강에 도움을 줄 수 있습니다.” (기타기능 II),"""뼈 건강에 도움을 줄 수 있습니다."" (기타기능 II)",이소플라본 비배당체로서 25mg/day,이소플라본 비배당체로서 25mg/day,"1) 섭취 대상자는 폐경기 여성임.
2) 임산부와 수유 여성은 섭취를 삼가야 함.
3) 영유아, 어린이는 섭취를 삼가야 함.
4) 대두 이소플라본에 민감한 사람은 섭취를 삼가야 함.
5) 갑상선, 유방암, 자궁내막암, 방광암 환자 등은 섭취를 삼가야 함.","1) 섭취 대상자는 폐경기 여성임. 2) 임산부와 수유 여성은 섭취를 삼가야 함. 3) 영유아, 어린이는 섭취를 삼가야 함. 4) 대두 이소플라본에 민감한 사람은 섭취를 삼가야 함. 5) 갑상선, 유방암, 자궁내막암, 방광암 환자 등은 섭취를 삼가야 함.",식품안전나라,360
2014-27,UREX 프로바이오틱스,2014-07-03,(주)빅솔반월공장,"유산균 증식을 통한 여성 질 건강에 도움을 줄 수 있음
 (생리활성기능 2등급)",유산균 증식을 통한 여성 질 건강에 도움을 줄 수 있음 (생리활성기능 2등급),신청원료로 9.7 mg/일 (프로바이오틱스로서 109 CFU/일,신청원료로 9.7 mg/일 (프로바이오틱스로서 109 CFU/일,1) 알레르기 체질이거나 특정질환이 있는 분은 섭취 전 의사와 상담,1) 알레르기 체질이거나 특정질환이 있는 분은 섭취 전 의사와 상담,식품안전나라,87
2009-93,밀크씨슬추출물,2009-12-07,(주)알피코프,“간 건강에 도움을 줄 수 있음” (기타기능II),"""간 건강에 도움을 줄 수 있음"" (기타기능II)",Silymarin으로서 130mg,Silymarin으로서 130mg,"1) 알레르기 반응이 나타나는 경우에는 섭취를 중단하십시오
2) 설사, 위통, 복부팽만 등의 위장관계 장애가 나타나는 경우에는 섭취를 주의 하십시오","1) 알레르기 반응이 나타나는 경우에는 섭취를 중단하십시오 2) 설사, 위통, 복부팽만 등의 위장관계 장애가 나타나는 경우에는 섭취를 주의 하십시오",식품안전나라,259
2010-48,소엽추출물,2010-11-01,(주)한국메디,"면역 과민반응 개선에 도움을 줄 수 있으나 
인체에서의 확인이 필요함(기타기능III)",면역 과민반응 개선에 도움을 줄 수 있으나 인체에서의 확인이 필요함(기타기능III),-,,,,식품안전나라,338
2005-15,피니톨,2005-08-04,아미코젠(주)문산제2공장,간 건강에 도움을 줄 수 있음,간 건강에 도움을 줄 수 있음,섭취량:300mg/g,섭취량:300mg/g,"영·유아, 임부나 수유부는 섭취에 주의, 알레르기 체질이거나 특정질환이 있는 분은 섭취 전 의사와 상담 필요합니다.","영·유아, 임부나 수유부는 섭취에 주의, 알레르기 체질이거나 특정질환이 있는 분은 섭취 전 의사와 상담 필요합니다.",식품안전나라,551
2011-37,타가토스,2011-10-25,씨제이제일제당(주),식후 혈당조절에 도움을 줄 수 있음(기타기능II),식후 혈당조절에 도움을 줄 수 있음(기타기능II),D-tagatose 로서 5~7.5 g/일,D-tagatose 로서 5~7.5 g/일,1) 과량 섭취 시 위장장애가 발생할 수 있음,1) 과량 섭취 시 위장장애가 발생할 수 있음,식품안전나라,509
2009-28,프로바이오틱스(드시모네),2009-04-16,주식회사 헥토헬스케어,"1) 유익한 유산균 증식, 유해균 억제, 배변활동 원활 2) 장 면역을 조절하여 장 건강에 도움을 줄 수 있음(기타기능II)","1) 유익한 유산균 증식, 유해균 억제, 배변활동 원활 2) 장 면역을 조절하여 장 건강에 도움을 줄 수 있음(기타기능II)",10^8 ~ 3x10^12,10^8 ~ 3x10^12,-,,식품안전나라,547
2009-23,밀크씨슬추출물,2009-04-16,(주)디앤피천연물연구소,“간 건강에 도움을 줄 수 있으나 인체시험을 통한 확인이 필요함” (기타기능III),"""간 건강에 도움을 줄 수 있으나 인체시험을 통한 확인이 필요함"" (기타기능III)",Silymarin으로서 250~360mg,Silymarin으로서 250~360mg,"1) 알레르기 반응이 나타나는 경우에는 섭취를 중단하십시오
2) 설사, 위통, 복부팽만 등의 위장관계 장애가 나타나는 경우에는 섭취를 주의 하십시오","1) 알레르기 반응이 나타나는 경우에는 섭취를 중단하십시오 2) 설사, 위통, 복부팽만 등의 위장관계 장애가 나타나는 경우에는 섭취를 주의 하십시오",식품안전나라,259
2019-29,대두추출물등 복합물(메노세라),2019-12-31,풀무원건강생활(주),,,,,,,식품안전나라,178
2005-18,Tonalin CLA FFA,2005-08-23,(주)상현화학,"“공액리놀레산(Conjugated Linoleic Acid)는 과체중인 성인의 체지방 감소에 도움을 줄 수 있습니다.”

(과체중인 성인을 대상으로 한 인체시험에서 CLA를 섭취한 경우 체지방(fat mass)감소에 도움을 줄 수 있음이 많은 자료에서 확인되었으나 한국인을 대상으로 한 자료가 없었음. 따라서 반드시 ‘---에 도움을 줄 수 있습니다’의 형식으로 표시하여야 함.)","""공액리놀레산(Conjugated Linoleic Acid)는 과체중인 성인의 체지방 감소에 도움을 줄 수 있습니다."" (과체중인 성인을 대상으로 한 인체시험에서 CLA를 섭취한 경우 체지방(fat mass)감소에 도움을 줄 수 있음이 많은 자료에서 확인되었으나 한국인을 대상으로 한 자료가 없었음. 따라서 반드시 '---에 도움을 줄 수 있습니다'의 형식으로 표시하여야 함.)","공액리놀레산(cis-9, trans-11 CLA, trans-10, cis-12 CLA, cis-9, cis-11 CLA, trans-9, trans-11 CLA 이성체의 합계량) 으로","공액리놀레산(cis-9, trans-11 CLA, trans-10, cis-12 CLA, cis-9, cis-11 CLA, trans-9, trans-11 CLA 이성체의 합계량) 으로",". 위장장애가 발생할 수 있습니다.
2. 영유아, 임산부는 섭취를 삼가야 합니다.
3. 식사조절, 운동을 병행하는 것이 바람직합니다.",". 위장장애가 발생할 수 있습니다. 2. 영유아, 임산부는 섭취를 삼가야 합니다. 3. 식사조절, 운동을 병행하는 것이 바람직합니다.",식품안전나라,84
2012-25,청국장균배양정제물(폴리감마글루탐산칼륨),2012-09-28,(주)모아라이프플러스,면역기능 증진에 도움을 줄 수 있음(생리활성기능 2등급),면역기능 증진에 도움을 줄 수 있음(생리활성기능 2등급),"폴리감마글루탐산칼륨으로서 1,000 mg/일","폴리감마글루탐산칼륨으로서 1,000 mg/일","1) 어린이, 임신 또는 수유중인 여성은 섭취에 주의","1) 어린이, 임신 또는 수유중인 여성은 섭취에 주의",식품안전나라,483
2015-16,유단백추출물,2015-04-30,주영엔에스(주),뼈 건강에 도움을 줄 수 있음(생리활성기능 2등급),뼈 건강에 도움을 줄 수 있음(생리활성기능 2등급),유단백추출물로서 40 mg,유단백추출물로서 40 mg,1) 우유에 알레르기를 나타내는 사람은 섭취 시 주의,1) 우유에 알레르기를 나타내는 사람은 섭취 시 주의,식품안전나라,420
2011-27,인삼가수분해농축액,2011-10-11,(주)일화,혈당 조절에 도움을 줄 수 있음(기타기능 II),혈당 조절에 도움을 줄 수 있음(기타기능 II),인삼가수분해농축액으로서 960 mg/일,인삼가수분해농축액으로서 960 mg/일,"1) 의약품(당뇨치료제, 혈액항응고제) 복용 시 섭취에 주의","1) 의약품(당뇨치료제, 혈액항응고제) 복용 시 섭취에 주의",식품안전나라,436
2011-8,녹차추출물,2011-02-24,주식회사 노바렉스,체지방 감소에 도움을 줄 수 있음(기타기능 II),체지방 감소에 도움을 줄 수 있음(기타기능 II),카테킨으로서 0.3～0.5 g/일,카테킨으로서 0.3～0.5 g/일,"카페인이 함유되어 있어 초조감, 불면 등을 나타낼 수 있음","카페인이 함유되어 있어 초조감, 불면 등을 나타낼 수 있음",식품안전나라,159
2011-15,호박씨추출물 등 복합물,2011-05-11,씨제이웰케어,방광의 배뇨기능 개선에 도움을 줄 수 있음(기타기능 II),방광의 배뇨기능 개선에 도움을 줄 수 있음(기타기능 II),"호박씨추출물 등 복합물로서 600~1,000 mg/일","호박씨추출물 등 복합물로서 600~1,000 mg/일","1) 영유아, 어린이, 임산부와 수유부는 섭취에 주의
2) 호박씨, 대두에 알레르기를 나타내는 사람은 섭취에 주의
3) 에스트로겐 호르몬에 민감한 사람은 섭취에 주의","1) 영유아, 어린이, 임산부와 수유부는 섭취에 주의 2) 호박씨, 대두에 알레르기를 나타내는 사람은 섭취에 주의 3) 에스트로겐 호르몬에 민감한 사람은 섭취에 주의",식품안전나라,579
2013-8,돌외잎주정추출분말(액티포닌®),2013-05-08,(주)티지 바이오텍,"체지방 감소에 도움을 줄 수 있음 
(생리활성기능 2등급)",체지방 감소에 도움을 줄 수 있음 (생리활성기능 2등급),돌외잎주정추출분말로서 450 mg/일,돌외잎주정추출분말로서 450 mg/일,1) 과량섭취시 위장장애(구토와 위장운동 증가)가 발생할 수 있음.,1) 과량섭취시 위장장애(구토와 위장운동 증가)가 발생할 수 있음.,식품안전나라,187
2015-19,L-아르기닌,2015-06-18,대상(주)군산공장,혈관이완을 통해 혈행 개선에 도움을 줄 수 있음(생리활성기능 2등급),혈관이완을 통해 혈행 개선에 도움을 줄 수 있음(생리활성기능 2등급),L-아르기닌으로서 6 g,L-아르기닌으로서 6 g,"1) 임산부 및 수유부는 섭취에 주의
2) 저단백질 식사를 하고 있을 경우 또는 천식, 심장계 질환이 있을 경우 의사와 상의하여 섭취할 것을 권장","1) 임산부 및 수유부는 섭취에 주의 2) 저단백질 식사를 하고 있을 경우 또는 천식, 심장계 질환이 있을 경우 의사와 상의하여 섭취할 것을 권장",식품안전나라,41
2015-18,밀배유추출물,2015-05-18,한국암웨이(주),피부 보습에 도움을 줄 수 있음(생리활성기능 2등급),피부 보습에 도움을 줄 수 있음(생리활성기능 2등급),밀배유추출물로서 30 mg/일,밀배유추출물로서 30 mg/일,"1) 임신, 수유부는 섭취를 권하지 않음
2) 밀 알레르기를 나타내는 사람은 섭취에 주의","1) 임신, 수유부는 섭취를 권하지 않음 2) 밀 알레르기를 나타내는 사람은 섭취에 주의",식품안전나라,254
2015-28,석류추출물,2015-11-04,주식회사 비엔지,갱년기 여성의 건강에 도움을 줄 수 있음(생리활성기능 2등급),갱년기 여성의 건강에 도움을 줄 수 있음(생리활성기능 2등급),석류추출물로서 1.5 g/일,석류추출물로서 1.5 g/일,"1) 임산부와 수유부는 섭취를 피하는 것이 좋습니다.
2) 항혈전제를 복용하시는 분은 의사와 상의하시기 바랍니다.
3) 에스트로겐 호로몬에 민감한 사람은 섭취에 주의하시기 바랍니다.",1) 임산부와 수유부는 섭취를 피하는 것이 좋습니다. 2) 항혈전제를 복용하시는 분은 의사와 상의하시기 바랍니다. 3) 에스트로겐 호로몬에 민감한 사람은 섭취에 주의하시기 바랍니다.,식품안전나라,332
2014-30,적포도발효농축액,2014-07-07,하이바이오(주),콜레스테롤 개선에 도움을 줄 수 있음(생리활성기능 2등급),콜레스테롤 개선에 도움을 줄 수 있음(생리활성기능 2등급),적포도발효농축액으로서 24mL/일,적포도발효농축액으로서 24mL/일,"1) 유아, 어린이, 임산부 등 철의 필요량이 증가하는 연령층은 섭취에 주의","1) 유아, 어린이, 임산부 등 철의 필요량이 증가하는 연령층은 섭취에 주의",식품안전나라,457
2016-2,EPA및DHA함유유지,2016-01-28,(주)서흥,건조한 눈을 개선하여 눈 건강에 도움을 줄 수 있음(생리활성기능 2등급),건조한 눈을 개선하여 눈 건강에 도움을 줄 수 있음(생리활성기능 2등급),EPA와 DHA의 합으로서 0.6~1 g/일,EPA와 DHA의 합으로서 0.6~1 g/일,-,,식품안전나라,25
2016-1,EPA 및 DHA 함유 유지,2016-01-28,주식회사 비티씨,건조한 눈을 개선하여 눈 건강에 도움을 줄 수 있음. (생리활성 기능 2등급),건조한 눈을 개선하여 눈 건강에 도움을 줄 수 있음. (생리활성 기능 2등급),DHA와 EPA의 합으로서 0.6 ～ 1 g/일,DHA와 EPA의 합으로서 0.6 ～ 1 g/일,,,식품안전나라,25
2009-12,BT-11원지추출분말,2009-02-27,(주)바이오스타줄기세포기술연구원,성인의 기억력 개선을 도움을 줄 수 있음(생리활성기능 2등급),성인의 기억력 개선을 도움을 줄 수 있음(생리활성기능 2등급),BT-11원자추출분말로서 300mg/일,BT-11원자추출분말로서 300mg/일,"1) 과다섭취 시 구토, 설사, 메스꺼움 등의 위장관 장애가 나타날 수 있으며 위장장애가 있는 분은 섭취에 주의
2) 임산부, 수유 여성, 어린이는 섭취에 주의","1) 과다섭취 시 구토, 설사, 메스꺼움 등의 위장관 장애가 나타날 수 있으며 위장장애가 있는 분은 섭취에 주의 2) 임산부, 수유 여성, 어린이는 섭취에 주의",식품안전나라,6
2013-22,들쭉열매추출물,2013-07-11,동아제약(주)달성공장,눈 건강에 도움을 줄 수 있으나 관련 인체적용시험이 미흡함(생리활성기능 3등급),눈 건강에 도움을 줄 수 있으나 관련 인체적용시험이 미흡함(생리활성기능 3등급),들쭉열매추출물로서 1 g/일,들쭉열매추출물로서 1 g/일,"1) 임산부, 수유부 섭취에 주의","1) 임산부, 수유부 섭취에 주의",식품안전나라,195
2016-4,EPA 및 DHA 함유 유지(고시형 원료),2016-03-21,콜마비앤에이치(주)푸디팜사업부문,기억력 개선에 도움을 줄 수 있음,기억력 개선에 도움을 줄 수 있음,EPA와 DHA의 합으로서 0.9~2 g/일,EPA와 DHA의 합으로서 0.9~2 g/일,-,,식품안전나라,26
2013-34,효모베타글루칸,2013-11-29,(주)내츄럴엔도텍,면역기능 증진에 도움을 줄 수 있음(생리활성기능 2등급),면역기능 증진에 도움을 줄 수 있음(생리활성기능 2등급),효모베타글루칸으로서 250 mg/일,효모베타글루칸으로서 250 mg/일,-,,식품안전나라,598
2013-17,Lactobacillus sakei Probio65,2013-07-03,(주)프로바이오닉,면역과민반응에 의한 피부상태 개선에 도움을 줄 수 있음(생리활성기능 2등급),면역과민반응에 의한 피부상태 개선에 도움을 줄 수 있음(생리활성기능 2등급),L.sakei Probio65로서 1.0×10^10 CFU/일 1.0×10^12 CFU/일,L.sakei Probio65로서 1.0×10^10 CFU/일 1.0×10^12 CFU/일,-,,식품안전나라,65
2012-14,Dimethylsulfone (MSM),2012-04-05,노니코리아,"관절 건강에 도움을 줄 수 있음
(생리활성기능2등급)",관절 건강에 도움을 줄 수 있음 (생리활성기능2등급),디메틸설폰(MSM) 으로서 1.5～2.0 g/일,디메틸설폰(MSM) 으로서 1.5～2.0 g/일,-,,식품안전나라,24
2011-22,유산균발효다시마추출물(동결건조물 및 분무건조물),2011-09-09,(주)마린바이오프로세스,알콜성 손상으로부터 간 보호 및 기억력 개선에 도움기억기억력 개선에 도움을 줄 수 있음,알콜성 손상으로부터 간 보호 및 기억력 개선에 도움기억기억력 개선에 도움을 줄 수 있음,1.5g/일,1.5g/일,"○ 섭취 시 주의사항 : 높은 iodine이 함유되어 있어서 결핵, 만성 기관지염 질환자 및 갑상선 기능항진증 환자의 경우 주의하시기 바랍니다.    ○ 근거내용 : 다시마의 경우, iodine의 함량이 높은 식품이므로, 현재 식약청에서는 한국인의 요오드 상한섭취량(UL)을 3.0mg/day로 설정하였다. 이에 조사된 해조류 내의 요오드 함량을 기준으로 하여 당사에서 개발한 유산균 발효물의 경우 일일 섭취량 1500mg을 기준으로 요오드 함량은 2.26mg으로 일일 요오드 섭취량으로 나타난다. 따라서 식약청이 정한 요오드 상한섭취량 및 평균 섭취량 이하로 조사되어 안전성을 확보하였으나, 만정적인 요오드의 과다섭취하면 혈청 갑상선자극호르몬이 상승되고, 혈중 T3와 T4가 저하되며, 갑상선 기능장애로 인해 갑상선 기능항진증과 갑상선 악성종양을 악화시킬 수 있다는 보고가 있어, 갑상선 기능 항진증 환자 및 결핵이나 만성기관지염 질환자의 경우 건강상의 위해를 고려하여 섭취 시 주의사항을 설정함.","○ 섭취 시 주의사항 : 높은 iodine이 함유되어 있어서 결핵, 만성 기관지염 질환자 및 갑상선 기능항진증 환자의 경우 주의하시기 바랍니다. ○ 근거내용 : 다시마의 경우, iodine의 함량이 높은 식품이므로, 현재 식약청에서는 한국인의 요오드 상한섭취량(UL)을 3.0mg/day로 설정하였다. 이에 조사된 해조류 내의 요오드 함량을 기준으로 하여 당사에서 개발한 유산균 발효물의 경우 일일 섭취량 1500mg을 기준으로 요오드 함량은 2.26mg으로 일일 요오드 섭취량으로 나타난다. 따라서 식약청이 정한 요오드 상한섭취량 및 평균 섭취량 이하로 조사되어 안전성을 확보하였으나, 만정적인 요오드의 과다섭취하면 혈청 갑상선자극호르몬이 상승되고, 혈중 T3와 T4가 저하되며, 갑상선 기능장애로 인해 갑상선 기능항진증과 갑상선 악성종양을 악화시킬 수 있다는 보고가 있어, 갑상선 기능 항진증 환자 및 결핵이나 만성기관지염 질환자의 경우 건강상의 위해를 고려하여 섭취 시 주의사항을 설정함.",식품안전나라,424
2014-21,홍경천추출물,2014-05-20,주식회사 나인무역,스트레스로 인한 피로개선에 도움을 줄 수 있음(생리활성기능 2등급),스트레스로 인한 피로개선에 도움을 줄 수 있음(생리활성기능 2등급),홍경천추출물로서 200~600 mg,홍경천추출물로서 200~600 mg,"1) 영유아, 임산부, 수유부는 섭취에 주의하시기 바랍니다.
2) 알레르기 체질이거나 특정질환이 있는 분은 섭취 전 의사와 상담하시기 바랍니다.","1) 영유아, 임산부, 수유부는 섭취에 주의하시기 바랍니다. 2) 알레르기 체질이거나 특정질환이 있는 분은 섭취 전 의사와 상담하시기 바랍니다.",식품안전나라,582
2014-14,상엽추출물,2014-04-24,(주)헬릭스미스,식후혈당 상승 억제에 도움을 줄 수 있음(생리활성기능 2등급),식후혈당 상승 억제에 도움을 줄 수 있음(생리활성기능 2등급),신청원료로서 6 g/일,신청원료로서 6 g/일,"1) 임산부, 수유부는 섭취에 주의","1) 임산부, 수유부는 섭취에 주의",식품안전나라,323
2008-57,크레아틴,2008-10-08,뉴트리펀코리아컨설팅,“근력 운동 시에 운동수행능력 향상에 도움을 줄 수 있습니다.”(기타기능 II),"""근력 운동 시에 운동수행능력 향상에 도움을 줄 수 있습니다.""(기타기능 II)",3g/일,3g/일,"1) 신장에 영향을 미치는 약물을 복용하거나 신장 이상의 위험이 있는 사람은 의사와 상담 후에 섭취하여야 합니다.
2) 어린이, 임산부, 수유부는 섭취를 삼가야 합니다.
3) 카페인은 크레아틴의 기능을 감소시킬 수 있습니다.
4) 크레아틴의 섭취는 탈수를 동반할 수 있으므로 충분한 물과 함께 섭취하여야 합니다.
5) 과다 섭취하지 마십시오.","1) 신장에 영향을 미치는 약물을 복용하거나 신장 이상의 위험이 있는 사람은 의사와 상담 후에 섭취하여야 합니다. 2) 어린이, 임산부, 수유부는 섭취를 삼가야 합니다. 3) 카페인은 크레아틴의 기능을 감소시킬 수 있습니다. 4) 크레아틴의 섭취는 탈수를 동반할 수 있으므로 충분한 물과 함께 섭취하여야 합니다. 5) 과다 섭취하지 마십시오.",식품안전나라,500
2008-60,가르시니아 캄보지아껍질 추출물-PE 60,2008-10-07,주영엔에스(주),“탄수화물에서 지방으로의 합성을 억제하여 체지방 감소에 도움을 줍니다(기타Ⅰ)”,"""탄수화물에서 지방으로의 합성을 억제하여 체지방 감소에 도움을 줍니다(기타Ⅰ)""",총 (-)-HCA로서 750~2.800 mg/day,총 (-)-HCA로서 750~2.800 mg/day,1) 임산부와 수유기 여성은 섭취를 피하는 것이 좋습니다.,1) 임산부와 수유기 여성은 섭취를 피하는 것이 좋습니다.,식품안전나라,100
2008-61,Geo-Fresh Organic 가르시니아 캄보지아 껍질추출물,2008-10-07,(주)대덕약업,“탄수화물에서 지방으로의 합성을 억제하여 체지방 감소에 도움을 줍니다(기타Ⅰ)”,"""탄수화물에서 지방으로의 합성을 억제하여 체지방 감소에 도움을 줍니다(기타Ⅰ)""",총 (-)-HCA로서 750~2.800 mg/day,총 (-)-HCA로서 750~2.800 mg/day,1) 임산부와 수유기 여성은 섭취를 피하는 것이 좋습니다.,1) 임산부와 수유기 여성은 섭취를 피하는 것이 좋습니다.,식품안전나라,31
2008-69,리프리놀-초록입홍합추출오일,2008-11-12,(주)한국파마링크,“관절건강에 도움이 될 수 있음(기타기능II)”,"""관절건강에 도움이 될 수 있음(기타기능II)""",리프리놀-초록입홍합추출오일로서 200mg,리프리놀-초록입홍합추출오일로서 200mg,1) 혈전용해제를 복용하시는 분은 의사와 상담하여 주시기 바랍니다.,1) 혈전용해제를 복용하시는 분은 의사와 상담하여 주시기 바랍니다.,식품안전나라,224
2010-10,Nopal추출물,2010-03-11,에이치엘바이오 주식회사,"“식후 혈당조절에 도움을 줄 수 있습니다” 
(기타기능II)","""식후 혈당조절에 도움을 줄 수 있습니다"" (기타기능II)",수용성 식이섬유로서 4.3g,수용성 식이섬유로서 4.3g,"어린이, 임산부 및 수유여성은 섭취에 주의","어린이, 임산부 및 수유여성은 섭취에 주의",식품안전나라,78
2010-44,쏘팔메토 열매 추출물,2010-10-04,(주)뉴트리바이오텍,전립선 건강의 유지에 도움을 줄 수 있음(기타기능II),전립선 건강의 유지에 도움을 줄 수 있음(기타기능II),로르산(Lauric acid) 으로서 70～115 mg/일,로르산(Lauric acid) 으로서 70～115 mg/일,1) 메스꺼움 등 소화계통의 불편함과 설사를 유발할 수 있음,1) 메스꺼움 등 소화계통의 불편함과 설사를 유발할 수 있음,식품안전나라,363
2013-5,핑거루트추출물(판두라틴),2013-04-15,(주)뉴트리,1) 자외선에 의한 피부손상으로부터 피부 건강을 유지하는데 도움을 줄 수 있음. 2) 체지방감소에 도움을 줄 수 있음. 3) 피부보습에 도움을 줄 수 있음. (생리활성기능 2등급),1) 자외선에 의한 피부손상으로부터 피부 건강을 유지하는데 도움을 줄 수 있음. 2) 체지방감소에 도움을 줄 수 있음. 3) 피부보습에 도움을 줄 수 있음. (생리활성기능 2등급),핑거루트추출분말로서 600mg/일,핑거루트추출분말로서 600mg/일,-,,식품안전나라,561
2012-19,L-카르니틴 타르트레이트,2012-06-12,(주)주피터인터내셔널,운동으로 인한 피로개선에 도움을 줄 수 있음.,운동으로 인한 피로개선에 도움을 줄 수 있음.,L-카르니틴으로서 1.36~2g/일,L-카르니틴으로서 1.36~2g/일,-,,식품안전나라,42
2014-5,Lactobacillus gasseri BNR17,2014-02-04,주식회사 바이오니아,체지방 감소에 도움을 줄 수 있음(생리활성기능 2등급),체지방 감소에 도움을 줄 수 있음(생리활성기능 2등급),Lactobacillus gasseri BNR17 로서 1×10^10 CFU/일,Lactobacillus gasseri BNR17 로서 1×10^10 CFU/일,1) 산성도가 낮은 음료나 뜨거운 물과 함께 복용하는 것을 피하는 것이 좋음,1) 산성도가 낮은 음료나 뜨거운 물과 함께 복용하는 것을 피하는 것이 좋음,식품안전나라,63
2014-57,발효식초석류복합물,2014-11-13,대상(주)오산공장,체지방 감소에 도움을 줄 수 있음(생리활성기능 2등급),체지방 감소에 도움을 줄 수 있음(생리활성기능 2등급),발효식초석류복합물로서 22 mL/일,발효식초석류복합물로서 22 mL/일,"1) 임산부와 수유부는 섭취에 주의
2) 공복에 섭취하거나 과다 섭취 시 속쓰림 등 위에 자극을 느낄 수 있음",1) 임산부와 수유부는 섭취에 주의 2) 공복에 섭취하거나 과다 섭취 시 속쓰림 등 위에 자극을 느낄 수 있음,식품안전나라,267
2011-2,흑효모배양액분말,2011-01-11,(주)글루칸,뼈 건강에 도움을 줄 수 있으나 관련 인체적용시험이 미흡함(기타기능 III),뼈 건강에 도움을 줄 수 있으나 관련 인체적용시험이 미흡함(기타기능 III),흑효모배양액분말로서 150 mg/일,흑효모배양액분말로서 150 mg/일,-,,식품안전나라,600
2011-6,밀전분유래 난소화성말토덱스트린,2011-02-16,로케뜨코리아(유),장내 유익균의 증식과 유해균의 억제에 도움을 줄 수 있음(생리활성기능 2등급),장내 유익균의 증식과 유해균의 억제에 도움을 줄 수 있음(생리활성기능 2등급),밀전분유래 난소화성말토덱스트린으로서 8~20g/일,밀전분유래 난소화성말토덱스트린으로서 8~20g/일,"1) 과량 섭취 시 설사, 복부팽만 등을 유발 할 수 있으므로 주의","1) 과량 섭취 시 설사, 복부팽만 등을 유발 할 수 있으므로 주의",식품안전나라,256
2014-42,오메가-3 지방산 함유유지,2014-08-28,주식회사 조향,"기억력 개선에 도움을 줄 수 있음
 (생리활성기능 2등급)",기억력 개선에 도움을 줄 수 있음 (생리활성기능 2등급),DHA와 EPA의 합으로서 0.9 ～ 2 g/일,DHA와 EPA의 합으로서 0.9 ～ 2 g/일,"「건강기능식품의 기준 및 규격」 제 3., 2., 2-16 오메가-3 지방산 함유 유지 적용","「건강기능식품의 기준 및 규격」 제 3., 2., 2-16 오메가-3 지방산 함유 유지 적용",식품안전나라,399
2010-63,은행잎 추출물,2010-12-31,(주)대덕약업,"성인의 기억력 개선에 도움을 줄 수 있음 (기타기능II)
혈행 개선에 도움을 줄 수 있음 (기타기능II)",성인의 기억력 개선에 도움을 줄 수 있음 (기타기능II) 혈행 개선에 도움을 줄 수 있음 (기타기능II),은행잎 추출물로서 120 mg/일,은행잎 추출물로서 120 mg/일,"① 어린이, 임산부와 수유부는 섭취에 주의하시기 
   바랍니다.
② 수술 전후에는 섭취에 주의하시기 바랍니다. 
③ 항응고제 복용시 섭취에 주의하시기 바랍니다. 
④ 질환자의 경우 섭취 전에 의사와 상담하여 주시기     바랍니다.","① 어린이, 임산부와 수유부는 섭취에 주의하시기 바랍니다. ② 수술 전후에는 섭취에 주의하시기 바랍니다. ③ 항응고제 복용시 섭취에 주의하시기 바랍니다. ④ 질환자의 경우 섭취 전에 의사와 상담하여 주시기 바랍니다.",식품안전나라,430
2009-53,가르시니아 캄보지아 껍질추출물 60HCA,2009-06-05,주식회사 비티씨,“탄수화물에서 지방으로의 합성을 억제하여 체지방 감소에 도움을 줍니다”(기타기능 I),"""탄수화물에서 지방으로의 합성을 억제하여 체지방 감소에 도움을 줍니다""(기타기능 I)","총 (-)-HCA로서 750~5,800mg/day","총 (-)-HCA로서 750~5,800mg/day",1) 임산부와 수유기 여성은 섭취를 피하는 것이 좋습니다.,1) 임산부와 수유기 여성은 섭취를 피하는 것이 좋습니다.,식품안전나라,95
2009-54,루테인복합물 SF20,2009-06-05,(주)에취제이시,“루테인은 노화로 인해 감소될 수 있는 황반색소밀도를 유지시켜 주어 눈건강에 도움을 줍니다.(기타 I등급)”,"""루테인은 노화로 인해 감소될 수 있는 황반색소밀도를 유지시켜 주어 눈건강에 도움을 줍니다.(기타 I등급)""",루테인으로써 10~20mg,루테인으로써 10~20mg,"1) 과다 섭취 시 일시적으로 피부가 황색으로 변할 수 있습니다.
2) 임산부는 섭취 전 의사와 상담이 필요합니다.
3) 식품에 알레르기가 있으신 분은 섭취 전 포장에 표시된 원료 명칭을 확인하시기 바랍니다.
4) 병원에서 치료 중이신 분, 다른 약품을 섭취 중이신 분, 임산부, 수유부는 섭취 전 의사와 상담하시기 바랍니다.","1) 과다 섭취 시 일시적으로 피부가 황색으로 변할 수 있습니다. 2) 임산부는 섭취 전 의사와 상담이 필요합니다. 3) 식품에 알레르기가 있으신 분은 섭취 전 포장에 표시된 원료 명칭을 확인하시기 바랍니다. 4) 병원에서 치료 중이신 분, 다른 약품을 섭취 중이신 분, 임산부, 수유부는 섭취 전 의사와 상담하시기 바랍니다.",식품안전나라,217
2009-55,쏘팔메토 열매 추출물,2009-06-05,(주)대덕약업,“전립선 건강의 유지에 도움을 줄 수 있습니다” (기타기능 II),"""전립선 건강의 유지에 도움을 줄 수 있습니다"" (기타기능 II)",쏘팔메토 열매추출물로서 320mg,쏘팔메토 열매추출물로서 320mg,"1) 임산부, 수유여성은 섭취에 주의
2) 메스꺼움이나 설사 등 소화계통의 불편함을 유발할 수 있음","1) 임산부, 수유여성은 섭취에 주의 2) 메스꺼움이나 설사 등 소화계통의 불편함을 유발할 수 있음",식품안전나라,363
2010-36,유단백가수분해물(락티움),2010-09-02,씨제이주식회사,스트레스로 인한 긴장 완화에 도움을 줄 수 있음 (기타기능 Ⅱ),스트레스로 인한 긴장 완화에 도움을 줄 수 있음 (기타기능 Ⅱ),유단백가수분해물(락티움) 150mg/일,유단백가수분해물(락티움) 150mg/일,1) 우유 및 유제품에 대하여 알레르기를 나타내는 사람은 섭취에 주의,1) 우유 및 유제품에 대하여 알레르기를 나타내는 사람은 섭취에 주의,식품안전나라,419
2010-5,가르시니아 캄보지아 껍질추출물,2010-02-02,(주)엘지생활건강,“탄수화물에서 지방으로의 합성을 억제하여 체지방 감소에 도움을 줍니다”(기타기능 I),"""탄수화물에서 지방으로의 합성을 억제하여 체지방 감소에 도움을 줍니다""(기타기능 I)","총 (-)-HCA로서 750~2,800 mg/day","총 (-)-HCA로서 750~2,800 mg/day","1) 임산부와 수유기 여성은 섭취를 피하는 것이 좋습니다.
2) 간장, 신장, 심장 기능에 이상이 있는 경우 섭취에 주의하시기 바랍니다.","1) 임산부와 수유기 여성은 섭취를 피하는 것이 좋습니다. 2) 간장, 신장, 심장 기능에 이상이 있는 경우 섭취에 주의하시기 바랍니다.",식품안전나라,93
2014-48,감마리놀렌산 함유 유지,2014-10-06,아사히고도(주)서울영업소,월경 전 변화에 의한 불편한 상태 개선에 도움을 줄 수 있음(생리활성기능 2등급),월경 전 변화에 의한 불편한 상태 개선에 도움을 줄 수 있음(생리활성기능 2등급),감마리놀렌산으로서 210 ～ 300 mg/일,감마리놀렌산으로서 210 ～ 300 mg/일,「건강기능식품 기능성 원료 및 기준․규격  인정에 관한 규정」 제10조제2항에 따라 「건강기능식품의 기준 및 규격」에 고시 예정임,「건강기능식품 기능성 원료 및 기준․규격 인정에 관한 규정」 제10조제2항에 따라 「건강기능식품의 기준 및 규격」에 고시 예정임,식품안전나라,109
2018-1,곰피추출물,2018-02-13,주식회사 네추럴웨이,간 건강에 도움을 줄 수 있음,간 건강에 도움을 줄 수 있음,곰피추출물로서 0.42g/일,곰피추출물로서 0.42g/일,임산부와 수유부는 섭취 시 주의,임산부와 수유부는 섭취 시 주의,식품안전나라,119
2010-51,녹차추출물/테아닌 복합물,2010-12-01,(주)엘지생활건강,"성인의 기억력 개선에 도움을 줄 수 있으나 
인체에서의 확인이 필요함(기타기능III)",성인의 기억력 개선에 도움을 줄 수 있으나 인체에서의 확인이 필요함(기타기능III),녹차추출물/테아닌 복합물로서 1680mg,녹차추출물/테아닌 복합물로서 1680mg,"1) 어린이, 임산부 및 수유부는 섭취를 피할 것
2) 수술 전후와 질환이 있거나 의약품 복용시 전문가와 상담할 것
3) 과량 섭취 시 위장장애, 어지러움 등의 증상이 나타날 수 있음
4) 카페인에 민감한 사람(초조감, 불면 등)의 경우 섭취에 주의할 것
5) 카페인을 함유한 식품의 섭취에 주의할 것
6) 식사 후 섭취할 것
7) 이상사례 발생 시 섭취를 중단하고 전문가와 상담할 것","1) 어린이, 임산부 및 수유부는 섭취를 피할 것 2) 수술 전후와 질환이 있거나 의약품 복용시 전문가와 상담할 것 3) 과량 섭취 시 위장장애, 어지러움 등의 증상이 나타날 수 있음 4) 카페인에 민감한 사람(초조감, 불면 등)의 경우 섭취에 주의할 것 5) 카페인을 함유한 식품의 섭취에 주의할 것 6) 식사 후 섭취할 것 7) 이상사례 발생 시 섭취를 중단하고 전문가와 상담할 것",식품안전나라,160
2014-34,파크랜크랜베리분말,2014-08-01,(주)뉴트렉스테크놀러지,요로의 유해균 흡착 억제로 요로건강에 도움을 줄 수 있음(생리활성기능 2등급),요로의 유해균 흡착 억제로 요로건강에 도움을 줄 수 있음(생리활성기능 2등급),파크랜 크랜베리 분말 로서 500~1000 mg,파크랜 크랜베리 분말 로서 500~1000 mg,1) 일일섭취량 준수하여 섭취,1) 일일섭취량 준수하여 섭취,식품안전나라,522
2014-35,파크랜크랜베리분말,2014-08-01,(주)서흥,요로의 유해균 흡착 억제로 요로건강에 도움을 줄 수 있음(생리활성기능 2등급),요로의 유해균 흡착 억제로 요로건강에 도움을 줄 수 있음(생리활성기능 2등급),파크랜 크랜베리 분말 로서 500~1000 mg,파크랜 크랜베리 분말 로서 500~1000 mg,1) 일일섭취량 준수하여 섭취,1) 일일섭취량 준수하여 섭취,식품안전나라,522
2015-10,콩․보리 발효복합물,2015-04-01,샘표식품 주식회사,피부 보습에 도움을 줄 수 있음(생리활성기능 2등급),피부 보습에 도움을 줄 수 있음(생리활성기능 2등급),콩.보리 발효복합물로서 3g/일,콩.보리 발효복합물로서 3g/일,"1) 영.유아, 어린이, 임산부 및 수유부는 섭취에 주의
2) 알레르기 체질이거나 특정질환이 있는 분은 섭취 전 의사와 상담
3) 에스트로겐 호로몬에 민감한 사람은 섭취에 주의","1) 영.유아, 어린이, 임산부 및 수유부는 섭취에 주의 2) 알레르기 체질이거나 특정질환이 있는 분은 섭취 전 의사와 상담 3) 에스트로겐 호로몬에 민감한 사람은 섭취에 주의",식품안전나라,497
2009-83,깻잎추출물(PF501),2009-10-30,(주)휴메딕스,체지방 감소에 도움을 줄 수 있음(생리활성기능 2등급),체지방 감소에 도움을 줄 수 있음(생리활성기능 2등급),깻잎추출물(PF501)로서 2.7g/일,깻잎추출물(PF501)로서 2.7g/일,"1) 유.소아, 임산부 및 수유부 여성은 섭취에 주의하여야 합니다.","1) 유.소아, 임산부 및 수유부 여성은 섭취에 주의하여야 합니다.",식품안전나라,144
2011-40,발효생성아미노산복합물,2011-12-06,(주)빅솔 반월공장,지구성 운동 시 피로개선에 도움을 줄 수 있음(생리활성기능 2등급),지구성 운동 시 피로개선에 도움을 줄 수 있음(생리활성기능 2등급),발효생성아미노산 복합물로서 4.7~5.0g/일,발효생성아미노산 복합물로서 4.7~5.0g/일,"1) 신장, 심혈관계 질환이 있거나 간기능이 저하된 분은 섭취에 주의
2) 임산부, 수유부는 섭취에 주의","1) 신장, 심혈관계 질환이 있거나 간기능이 저하된 분은 섭취에 주의 2) 임산부, 수유부는 섭취에 주의",식품안전나라,266
2017-23,,2010-05-25,(주)안지오랩,,,,,,,식품안전나라,
2010-35,HK표고버섯균사체,2010-07-15,(주)HK바이오텍,간 건강에 도움을 줄 수 있음(생리활성기능 2등급),간 건강에 도움을 줄 수 있음(생리활성기능 2등급),HK표고버섯균사체로서 350mg/일,HK표고버섯균사체로서 350mg/일,"1) 임산부, 수유부는 섭취에 주의","1) 임산부, 수유부는 섭취에 주의",식품안전나라,34
2010-47,전칠삼추출물 등 복합물,2010-10-26,(주)오스코텍,관절건강에 도움을 줄 수 있음(기타기능II),관절건강에 도움을 줄 수 있음(기타기능II),전칠삼추출물 등 복합물로서 800 mg/일,전칠삼추출물 등 복합물로서 800 mg/일,-,,식품안전나라,458
2009-61,폴리감마글루탐산,2009-07-20,(주)바이오리더스,체내 칼슘흡수 촉진에 도움을 줌,체내 칼슘흡수 촉진에 도움을 줌,폴리감마글루탐산으로서 60~70mg,폴리감마글루탐산으로서 60~70mg,-,,식품안전나라,532
2011-33,홍경천 추출물,2011-11-04,(주)프롬바이오,“스트레스로 인한 피로개선에 도움을 줄 수 있음”(생리활성기능 2등급),"""스트레스로 인한 피로개선에 도움을 줄 수 있음""(생리활성기능 2등급)",홍경천추출물로서 200～600 mg,홍경천추출물로서 200～600 mg,-,,식품안전나라,582
2010-49,녹차추출물,2010-11-01,(주)대덕약업,체지방 감소에 도움을 줄 수 있음(기타기능 II),체지방 감소에 도움을 줄 수 있음(기타기능 II),카테킨으로서 0.3～0.5g/일,카테킨으로서 0.3～0.5g/일,"1) 카페인이 함유되어 있어 초조감, 불면 등을 나타낼 수 있음","1) 카페인이 함유되어 있어 초조감, 불면 등을 나타낼 수 있음",식품안전나라,159
2010-54,폴리감마글루탐산,2010-12-08,(주)이롬,"“체내 칼슘흡수 촉진에 도움을 줌”
 (기타기능 II)","""체내 칼슘흡수 촉진에 도움을 줌"" (기타기능 II)",폴리감마글루탐산으로서 60~70 mg,폴리감마글루탐산으로서 60~70 mg,-,,식품안전나라,532
2010-4,스피루리나원말,2010-01-27,(주)이에스바이오텍,면역조절에 도움을 줄 수 있으나 인체시험을 통한 확인이 필요함 (기타기능Ⅲ),면역조절에 도움을 줄 수 있으나 인체시험을 통한 확인이 필요함 (기타기능Ⅲ),총 엽록소로서 67~72 mg/일,총 엽록소로서 67~72 mg/일,「건강기능식품의 기준 및 규격」 II.2.1.5 스피루리나,「건강기능식품의 기준 및 규격」 II.2.1.5 스피루리나,식품안전나라,348
2010-13,밀크씨슬추출물,2010-03-15,(주)백중인터내셔널,“간 건강에 도움을 줄 수 있음” (기타기능II),"""간 건강에 도움을 줄 수 있음"" (기타기능II)",Silymarin으로서 130mg,Silymarin으로서 130mg,"1) 알레르기 반응이 나타나는 경우에는 섭취를 중단하십시오
2) 설사, 위통, 복부팽만 등의 위장관계 장애가 나타나는 경우에는 섭취를 주의 하십시오","1) 알레르기 반응이 나타나는 경우에는 섭취를 중단하십시오 2) 설사, 위통, 복부팽만 등의 위장관계 장애가 나타나는 경우에는 섭취를 주의 하십시오",식품안전나라,259
2009-95,가르시니아 캄보지아 껍질추출물WS,2009-12-07,(주)렉스진바이오텍,“탄수화물에서 지방으로의 합성을 억제하여 체지방 감소에 도움을 줍니다”(기타기능 I),"""탄수화물에서 지방으로의 합성을 억제하여 체지방 감소에 도움을 줍니다""(기타기능 I)","총 (-)-HCA로서 750~2,800 mg/day","총 (-)-HCA로서 750~2,800 mg/day",1) 임산부와 수유기 여성은 섭취를 피하는 것이 좋습니다.,1) 임산부와 수유기 여성은 섭취를 피하는 것이 좋습니다.,식품안전나라,99
2009-62,폴리감마글루탐산,2009-07-20,풀무원건강생활(주),체내 칼슘흡수 촉진에 도움을 줌(기타기능III),체내 칼슘흡수 촉진에 도움을 줌(기타기능III),폴리감마글루탐산으로서 60~70mg,폴리감마글루탐산으로서 60~70mg,-,,식품안전나라,532
2011-23,유산균발효다시마추출물,2011-09-09,(주)에치와이,알콜성 손상으로부터 간을 보호하는데 도움을 줄 수 있음(기타기능 II),알콜성 손상으로부터 간을 보호하는데 도움을 줄 수 있음(기타기능 II),유산균 발효 다시마 추출물로서 1.5g/일,유산균 발효 다시마 추출물로서 1.5g/일,"1) 요오드 함량이 높은 식품(해조류, 어패류 등) 섭취 시 주의
2) 갑상선질환 등을 보유하고 있는 사람은 섭취 시 주의
3) 임산부 및 수유부는 섭취 시 주의","1) 요오드 함량이 높은 식품(해조류, 어패류 등) 섭취 시 주의 2) 갑상선질환 등을 보유하고 있는 사람은 섭취 시 주의 3) 임산부 및 수유부는 섭취 시 주의",식품안전나라,423
2015-2,프로바이오틱스 HY7714,2015-01-05,(주)한국야쿠르트 평택 프로바이오틱스 플랜트,자외선에 의한 피부손상으로부터 피부 건강 유지에 도움을 줄 수 있음(생리활성기능 2등급),자외선에 의한 피부손상으로부터 피부 건강 유지에 도움을 줄 수 있음(생리활성기능 2등급),1×10^10 CFU/일,1×10^10 CFU/일,알레르기 체질이거나 특정질환이 있는 분은 섭취 전 의사와 상담,알레르기 체질이거나 특정질환이 있는 분은 섭취 전 의사와 상담,식품안전나라,543
2013-2,마테열수추출물,2013-01-10,블루그린링크(주),"체지방 감소에 도움을 줄 수 있으나, 관련 인체적용시험이 미흡함(생리활성기능 3등급)","체지방 감소에 도움을 줄 수 있으나, 관련 인체적용시험이 미흡함(생리활성기능 3등급)",마테열수추출물로서 3g/일,마테열수추출물로서 3g/일,-,,식품안전나라,235
2009-3,마그나스표고균사체추출물분말,2009-01-30,주식회사 마그나스바이오푸드,"“간 건강에 도움을 줄 수 있습니다"" (기타기능 II)","""간 건강에 도움을 줄 수 있습니다"" (기타기능 II)",표고버섯균사체추출물분말로서,표고버섯균사체추출물분말로서,,,식품안전나라,225
2012-29,은행잎추출물,2012-10-23,(주)프롬바이오,"성인의 기억력 개선에 도움을 줄 수 있음, 
혈행 개선에 도움을 줄 수 있음 (생리활성기능 2등급)","성인의 기억력 개선에 도움을 줄 수 있음, 혈행 개선에 도움을 줄 수 있음 (생리활성기능 2등급)",은행잎 추출물로서 120 mg/일,은행잎 추출물로서 120 mg/일,"1) 임산부, 수유부, 어린이 및 수술전후 환자는 섭취에 주의, 의약품(항응고제) 복용 시 섭취에 주의","1) 임산부, 수유부, 어린이 및 수술전후 환자는 섭취에 주의, 의약품(항응고제) 복용 시 섭취에 주의",식품안전나라,430
2013-27,홍경천추출물,2013-08-28,동일티엔디(주),스트레스로 인한 피로개선에 도움을 줄 수 있음(생리활성기능 2등급),스트레스로 인한 피로개선에 도움을 줄 수 있음(생리활성기능 2등급),홍경천추출물로서 200～600 mg,홍경천추출물로서 200～600 mg,"- 영유아, 임산부, 수유부는 섭취에 주의하시기 바랍니다. 
- 알레르기 체질이거나 특정질환이 있는 분은 섭취 전 의사와 상담하시기 바랍니다.","- 영유아, 임산부, 수유부는 섭취에 주의하시기 바랍니다. - 알레르기 체질이거나 특정질환이 있는 분은 섭취 전 의사와 상담하시기 바랍니다.",식품안전나라,582
2018-10,키토올리고당,2018-10-05,(주)건풍바이오,콜레스테롤감소,콜레스테롤감소,1.2g~2.4g,1.2g~2.4g,,,식품안전나라,508
2018-11,루테인지아잔틴복합추출물,2018-10-05,주식회사 노바렉스,눈 건강에 도움,눈 건강에 도움,루테인과 지아잔틴 합으로 12-24  mg,루테인과 지아잔틴 합으로 12-24 mg,,,식품안전나라,215
2015-6,감태추출물,2015-01-07,(주)에스앤디,수면의 질 개선에 도움을 줄 수 있음(생리활성기능 2등급),수면의 질 개선에 도움을 줄 수 있음(생리활성기능 2등급),감태추출물로서 500 mg,감태추출물로서 500 mg,"1) 요오드 함량이 높은 식품(해조류, 어패류 등)섭취 시 주의
2) 갑상선질환, 위장관 질환 또는 위장관 장애 등을 보유하고 있는 사람은 섭취 시 주의
3) 임산부, 수유부 및 12세 이하 어린이는 섭취 시 주의","1) 요오드 함량이 높은 식품(해조류, 어패류 등)섭취 시 주의 2) 갑상선질환, 위장관 질환 또는 위장관 장애 등을 보유하고 있는 사람은 섭취 시 주의 3) 임산부, 수유부 및 12세 이하 어린이는 섭취 시 주의",식품안전나라,111
2014-12,히드록시프로필메틸셀룰로오스,2014-04-04,롯데정밀화학(주)인천공장,식후 혈당상승 억제에 도움을 줄 수 있음(생리활성기능 2등급),식후 혈당상승 억제에 도움을 줄 수 있음(생리활성기능 2등급),히드록시프로필메틸셀룰로오스로서 4~8 g/일,히드록시프로필메틸셀룰로오스로서 4~8 g/일,"1) 과량 복용 시 약한 완하 작용 및 변비 주의
2) 반드시 충분한 물과 함께 섭취할 것 (액상 제외)",1) 과량 복용 시 약한 완하 작용 및 변비 주의 2) 반드시 충분한 물과 함께 섭취할 것 (액상 제외),식품안전나라,602
2009-19,홍국쌀,2009-02-27,(주)에프앤피,콜레스테롤 개선,콜레스테롤 개선,총 모나콜린K로서 4~8mg,총 모나콜린K로서 4~8mg,-,,식품안전나라,585
2010-21,발효생성아미노산 복합물,2010-05-04,씨제이웰케어,지구성 운동 시 피로개선에 도움을 줄 수 있음(기타기능Ⅱ),지구성 운동 시 피로개선에 도움을 줄 수 있음(기타기능Ⅱ),‘발효생성아미노산 복합물’로서 4.7 ~5.0g/일,'발효생성아미노산 복합물'로서 4.7 ~5.0g/일,"1) 신장, 심혈관계 질환이 있거나 간기능이 저하된 분은 의사와 상담 후 섭취하십시오.
2) 임산부, 수유부는 의사와 상담 후 섭취하십시오.","1) 신장, 심혈관계 질환이 있거나 간기능이 저하된 분은 의사와 상담 후 섭취하십시오. 2) 임산부, 수유부는 의사와 상담 후 섭취하십시오.",식품안전나라,266
2011-14,구아바잎추출물,2011-04-15,(주)이롬,식후 혈당조절에 도움을 줄 수 있음(기타기능 II),식후 혈당조절에 도움을 줄 수 있음(기타기능 II),총폴리페놀로서 123.5 mg,총폴리페놀로서 123.5 mg,1) 구아바잎은 당뇨병의 치료 및 예방에 사용될 수 없으므로 당뇨병 치료가 필요한 경우에는 의사와 상담 하에 사용하여야 합니다.,1) 구아바잎은 당뇨병의 치료 및 예방에 사용될 수 없으므로 당뇨병 치료가 필요한 경우에는 의사와 상담 하에 사용하여야 합니다.,식품안전나라,128
2015-27,EPA 및 DHA 함유유지,2015-11-04,주식회사 노바렉스,건조한 눈을 개선아혀 눈 건강에 도움을 줄 수 있음(생리활성기능 2등급),건조한 눈을 개선아혀 눈 건강에 도움을 줄 수 있음(생리활성기능 2등급),EPA와 DHA의 합으로서 0.6~1 g/일,EPA와 DHA의 합으로서 0.6~1 g/일,-,,식품안전나라,25
2018-7,석류농축분말,2018-08-01,(주)에이치엘사이언스,피부 보습에 도움을 줄 수 있음.,피부 보습에 도움을 줄 수 있음.,석류농축분말 1g/일( 엘라그산 으로 1.15mg/g +- 20% (0.92 - 1.38 mg/g),석류농축분말 1g/일( 엘라그산 으로 1.15mg/g +- 20% (0.92 - 1.38 mg/g),특별한 부작용이나 이상반응 없음.,특별한 부작용이나 이상반응 없음.,식품안전나라,331
2018-9,오미자추출물,2018-08-06,(주)바이오포트코리아,"근력 개선에 도움을 줄 수 있음, 관절 및 연골 건강에 도움을 줄 수 있음","근력 개선에 도움을 줄 수 있음, 관절 및 연골 건강에 도움을 줄 수 있음","1,582 mg/일","1,582 mg/일","영유아, 어린이, 임산부 및 수유부는 섭취에 주의 / 수술 전,후 섭취에 주의 / 식사조절, 운동을 병행하는 것이 바람직함","영유아, 어린이, 임산부 및 수유부는 섭취에 주의 / 수술 전,후 섭취에 주의 / 식사조절, 운동을 병행하는 것이 바람직함",식품안전나라,403
2019-21,풋사과추출물 애플페논(Applephenon),2019-08-14,(주)유니젠,체지방 감소에 도움을 줄 수 있음,체지방 감소에 도움을 줄 수 있음,풋사과추출물 애플페논(applephenon)으로서 600mg/day,풋사과추출물 애플페논(applephenon)으로서 600mg/day,풋사과추출물 애플페논은 풋사과 원물의 약 250배 농축한 고농도 원료이기 때문에 사과에 알레르기가 있는 사람은 주의하여야 함,풋사과추출물 애플페논은 풋사과 원물의 약 250배 농축한 고농도 원료이기 때문에 사과에 알레르기가 있는 사람은 주의하여야 함,식품안전나라,539
2019-18,쇠비름주정추출분말(KDC16-2),2019-08-14,고려제약(주),장건강,장건강,480mg,480mg,다량 섭취시 구토,다량 섭취시 구토,식품안전나라,341
2019-20,저분자콜라겐펩타이드NS,2019-08-14,농심태경(주),-,,,,,,식품안전나라,455
2014-47,히알루론산나트륨(HA-LF-P),2014-10-06,주식회사 청우라이프사이언스,"피부 보습에 도움을 줄 수 있음
(생리활성기능 2등급)",피부 보습에 도움을 줄 수 있음 (생리활성기능 2등급),히알루론산나트륨으로서 120 mg/일,히알루론산나트륨으로서 120 mg/일,"1) 임산부, 수유부는 섭취에 주의
2) 알레르기 체질 및 특이체질, 질병치료 중인  사람은 섭취에 주의","1) 임산부, 수유부는 섭취에 주의 2) 알레르기 체질 및 특이체질, 질병치료 중인 사람은 섭취에 주의",식품안전나라,605
2014-26,CMO 함유 FAC(Fatty Acid Complex),2014-06-23,티케이엘(주),"관절 건강에 도움을 줄 수 있음
(생리활성기능2등급)",관절 건강에 도움을 줄 수 있음 (생리활성기능2등급),CMO 함유 FAC로서 893 mg/일(CMO로서 250 mg/일),CMO 함유 FAC로서 893 mg/일(CMO로서 250 mg/일),1) 임산부 및 수유부는 섭취 시 주의,1) 임산부 및 수유부는 섭취 시 주의,식품안전나라,20
2013-20,락토페린(우유정제단백질),2013-07-10,라이온코리아주식회사,"체지방 감소에 도움을 줄 수 있음
 (생리활성기능 2등급)",체지방 감소에 도움을 줄 수 있음 (생리활성기능 2등급),300 mg/일,300 mg/일,1) 우유및 유제품에 대하여 알레르기 나타내는 사람은 섭취에 주의,1) 우유및 유제품에 대하여 알레르기 나타내는 사람은 섭취에 주의,식품안전나라,202
2011-7,마카 젤라틴화 분말,2011-02-16,(주)이스터비엔에프,1)운동수행능력 향상에 도움을 줄 수 있으나 관련 인체적용시험이 미흡함(생리활성기능 3등급) 2)정자 운동성 개선에 도움을 줄 수 있음(생리활성기능 2등급) 3)갱년기 남성 건강에 도움을 줄 수 있으나 관련 인체적용시험이 미흡,1)운동수행능력 향상에 도움을 줄 수 있으나 관련 인체적용시험이 미흡함(생리활성기능 3등급) 2)정자 운동성 개선에 도움을 줄 수 있음(생리활성기능 2등급) 3)갱년기 남성 건강에 도움을 줄 수 있으나 관련 인체적용시험이 미흡,1) 운동수행능력 향상 : 마카 젤라틴화 분말로서 1.5~3.0g/일 2) 정자 운동성 개선 및 갱년기 남성 건강 : 마카 젤라틴화 분말로서 5.0g/일,1) 운동수행능력 향상 : 마카 젤라틴화 분말로서 1.5~3.0g/일 2) 정자 운동성 개선 및 갱년기 남성 건강 : 마카 젤라틴화 분말로서 5.0g/일,-,,식품안전나라,233
2018-12,L. rhamnosus IDCC 3201 열처리배양건조물(RHT®),2018-11-23,일동바이오사이언스(주),면역과민반응에 의한 피부상태 개선에 도움을 줄 수 있습니다.,면역과민반응에 의한 피부상태 개선에 도움을 줄 수 있습니다.,신청원료로서 400mg,신청원료로서 400mg,,,식품안전나라,48
2018-13,우슬 등 복합물(HL-Joint100),2018-11-23,(주)에이치엘사이언스,연골 및 관절 건강에 도움을 줄 수 있음.,연골 및 관절 건강에 도움을 줄 수 있음.,"석류등복합물로서 1,000mg/일","석류등복합물로서 1,000mg/일",없음.,없음.,식품안전나라,416
2006-25,올리브잎주정추출물 EFLA943,2010-04-23,씨제이웰케어,,,,,,,식품안전나라,410
2019-22,Lactobacillus acidophilus YT1,2019-09-16,(주)휴온스엔,갱년기 여성건강에 도움을 줄 수 있음,갱년기 여성건강에 도움을 줄 수 있음,"락토바실러스 애시도필러스 YT1 100,000,000 CFU/day 이상","락토바실러스 애시도필러스 YT1 100,000,000 CFU/day 이상",1) 임산부 및 수유부는 섭취에 주의2) 특정성분에 알레르기가 있으신 분은 사용된 원료를 확인하시고 섭취해야 함.,1) 임산부 및 수유부는 섭취에 주의2) 특정성분에 알레르기가 있으신 분은 사용된 원료를 확인하시고 섭취해야 함.,식품안전나라,61
2019-24,자몽추출물등 복합물(Sinetrol),2019-09-16,(주)알피바이오,체지방 감소에 도움,체지방 감소에 도움,자몽등복합추출물의 일일섭취량은 900mg/일,자몽등복합추출물의 일일섭취량은 900mg/일,"임산부 및 수유부는 섭취에 주의, 신청원료 원재료에 알레르기가 있는 자는 섭취 주의","임산부 및 수유부는 섭취에 주의, 신청원료 원재료에 알레르기가 있는 자는 섭취 주의",식품안전나라,440
2008-24,KANEKA Q10,2008-04-28,한국암웨이(주),“코엔자임Q10은 항산화에 도움을 줄 수 있습니다.” (기타Ⅱ등급),"""코엔자임Q10은 항산화에 도움을 줄 수 있습니다."" (기타Ⅱ등급)",90~100mg,90~100mg,-,,식품안전나라,35
2014-58,감마리놀렌산 함유 유지,2014-11-17,(주)대덕약업,면역과민반응에 의한 피부상태 개선에 도움을 줄 수 있음(생리활성기능 2등급),면역과민반응에 의한 피부상태 개선에 도움을 줄 수 있음(생리활성기능 2등급),감마리놀렌산으로서 160 ～ 300 mg/일,감마리놀렌산으로서 160 ～ 300 mg/일,"1) 영.유아, 어린이는 섭취 전 의사와 상담하여야 함","1) 영.유아, 어린이는 섭취 전 의사와 상담하여야 함",식품안전나라,109
2014-54,EPA 및 DHA 함유 유지,2014-10-16,주식회사 비티씨,기억력 개선에 도움을 줄 수 있음. (생리활성 기능 2등급),기억력 개선에 도움을 줄 수 있음. (생리활성 기능 2등급),DHA와 EPA의 합으로서 0.9 ～ 2 g/일,DHA와 EPA의 합으로서 0.9 ～ 2 g/일,「건강기능식품 기능성 원료 및 기준․규격  인정에 관한 규정」 제10조제2항에 따라 「건강기능식품의 기준 및 규격」에 고시 예정임,「건강기능식품 기능성 원료 및 기준․규격 인정에 관한 규정」 제10조제2항에 따라 「건강기능식품의 기준 및 규격」에 고시 예정임,식품안전나라,25
2014-52,감마리놀렌산 함유 유지,2014-10-16,(주)자연의힘,면역과민반응에 의한 피부상태 개선에 도움을 줄 수 있음(생리활성기능 2등급),면역과민반응에 의한 피부상태 개선에 도움을 줄 수 있음(생리활성기능 2등급),감마리놀렌산으로서 160 ～ 300 mg/일,감마리놀렌산으로서 160 ～ 300 mg/일,"1) 영.유아, 어린이는 섭취 전 의사와 상담하여야 함","1) 영.유아, 어린이는 섭취 전 의사와 상담하여야 함",식품안전나라,109
2014-49,감마리놀렌산 함유 유지,2014-10-06,(주)대덕약업,월경 전 변화에 의한 불편한 상태 개선에 도움을 줄 수 있음(생리활성기능 2등급),월경 전 변화에 의한 불편한 상태 개선에 도움을 줄 수 있음(생리활성기능 2등급),감마리놀렌산으로서 210 ~ 300 mg/일,감마리놀렌산으로서 210 ~ 300 mg/일,「건강기능식품 기능성 원료 및 기준․규격  인정에 관한 규정」 제10조제2항에 따라 「건강기능식품의 기준 및 규격」에 고시 예정임,「건강기능식품 기능성 원료 및 기준․규격 인정에 관한 규정」 제10조제2항에 따라 「건강기능식품의 기준 및 규격」에 고시 예정임,식품안전나라,109
2010-62,복분자추출분말,2010-12-24,(주)리즈바이오텍,,,,,,,식품안전나라,292
2021-12,구절초추출물(조인시스트),2021-09-29,주식회사 녹십자웰빙,,,,,,,식품안전나라,130
2022-37,천심련추출물(ParActin®),2022-11-24,주식회사 에이크롬,관절 및 연골건강에 도움을 줄 수 있음,관절 및 연골건강에 도움을 줄 수 있음,300 mg,300 mg,"˚ 영·유아, 어린이, 청소년, 임산부 및 수유부, 임신을 계획하고 있는 자는 섭취하지 말 것 ˚ 특정질환(알레르기 체질 등)이 있는 분은 섭취에 주의 ˚ 이상사례 발생 시 섭취를 중단하고 전문가와 상담할 것 ˚ 의약품을 복용하시는 분은 섭취 전 전문의와 상담할 것","˚ 영·유아, 어린이, 청소년, 임산부 및 수유부, 임신을 계획하고 있는 자는 섭취하지 말 것 ˚ 특정질환(알레르기 체질 등)이 있는 분은 섭취에 주의 ˚ 이상사례 발생 시 섭취를 중단하고 전문가와 상담할 것 ˚ 의약품을 복용하시는 분은 섭취 전 전문의와 상담할 것",식품안전나라,481
2023-33,저분자콜라겐펩타이드,2023-10-18,대한켐텍 주식회사,Ÿ 피부 보습에 도움을 줄 수 있음Ÿ 자외선에 의한 피부손상으로부터 피부건강을 유지하는 데 도움을 줄 수 있음,Ÿ 피부 보습에 도움을 줄 수 있음Ÿ 자외선에 의한 피부손상으로부터 피부건강을 유지하는 데 도움을 줄 수 있음,"저분자콜라겐펩타이드로서 2,000 mg/일","저분자콜라겐펩타이드로서 2,000 mg/일","영유아, 어린이, 임산부 및 수유부는 섭취에 주의 바람. 특이체질이거나 알레르기 체질인 경우 섭취에 주의 바람. 이상사례 발생 시 섭취를 중단하고 전문가와 상담하기 바람.","영유아, 어린이, 임산부 및 수유부는 섭취에 주의 바람. 특이체질이거나 알레르기 체질인 경우 섭취에 주의 바람. 이상사례 발생 시 섭취를 중단하고 전문가와 상담하기 바람.",식품안전나라,452
2023-35,난각막분말(DEMⓇ),2023-12-05,주식회사 노바웰스,자외선에 의한 피부손상으로부터 피부건강 유지하는데 도움을 줄 수 있음 / 피부 보습에 도움을 줄 수 있음,자외선에 의한 피부손상으로부터 피부건강 유지하는데 도움을 줄 수 있음 / 피부 보습에 도움을 줄 수 있음,난각막분말(OVOderm-AS)로써 600 mg/일,난각막분말(OVOderm-AS)로써 600 mg/일,신청서 참조,신청서 참조,식품안전나라,152
2015-21,EPA 및 DHA 함유 유지,2015-10-07,(주)바이텍,갱년기 여성의 건강에 도움을 줄 수 있음,갱년기 여성의 건강에 도움을 줄 수 있음,신청원료 제안 섭취량 : 6g/일(석류추출물),신청원료 제안 섭취량 : 6g/일(석류추출물),"⦁약물의 섭취자 또는 어떤 약(의약품, 건강보조식품)에 대한 알러지 반응이 있는자  ⦁임산부 또는 임신예정자, 또는 수유중인자 ⦁고혈압, 동맥경화, 심근경색 또는 다른 건강상의 이상이 있는 자는 석류의 섭취전에 의사와 상담할 것을 제안.","⦁약물의 섭취자 또는 어떤 약(의약품, 건강보조식품)에 대한 알러지 반응이 있는자 ⦁임산부 또는 임신예정자, 또는 수유중인자 ⦁고혈압, 동맥경화, 심근경색 또는 다른 건강상의 이상이 있는 자는 석류의 섭취전에 의사와 상담할 것을 제안.",식품안전나라,25
2015-29,EPA 및 DHA 함유 유지,2015-11-26,(주)자연의힘,건조한 눈을 개선하여 눈 건강에 도움을 줄 수 있음(생리활성기능 2등급),건조한 눈을 개선하여 눈 건강에 도움을 줄 수 있음(생리활성기능 2등급),EPA와 DHA의 합으로서 0.6~1 g/일,EPA와 DHA의 합으로서 0.6~1 g/일,-,,식품안전나라,25
2014-16,프로바이오틱스 ATP,2014-04-23,"(주)쎌바이오텍 1,2공장",면역과민반응에 의한 피부상태 개선에 도움을 줄 수 있으나 관련 인체적용시험이 미흡함(생리활성기능 3등급),면역과민반응에 의한 피부상태 개선에 도움을 줄 수 있으나 관련 인체적용시험이 미흡함(생리활성기능 3등급),2×10^9 CFU/일,2×10^9 CFU/일,"1) 질병을 치료 중이신 분, 알레르기, 특이체질이신 분은 의사, 약사 등 전문가와 상담 후 섭취
2) 알레르기체질은 성분을 확인 후 섭취","1) 질병을 치료 중이신 분, 알레르기, 특이체질이신 분은 의사, 약사 등 전문가와 상담 후 섭취 2) 알레르기체질은 성분을 확인 후 섭취",식품안전나라,542
2016-5,EPA 및 DHA 함유 유지,2016-06-15,코스맥스바이오,기억력 개선에 도움을 줄 수 있음,기억력 개선에 도움을 줄 수 있음,EPA와 DHA의 합으로서 0.9~2g/일,EPA와 DHA의 합으로서 0.9~2g/일,-,,식품안전나라,25
2020-8,수국잎열수추출물,2020-05-22,코스맥스바이오(주),자외선에 의한 피부 손상으로부터 피부 건강을 유지하는데 도움을 줄 수 있음,자외선에 의한 피부 손상으로부터 피부 건강을 유지하는데 도움을 줄 수 있음,수국잎열수추출물의 일일섭취량은 300 ~ 600 mg/일,수국잎열수추출물의 일일섭취량은 300 ~ 600 mg/일,해당사항 없음.,해당사항 없음.,식품안전나라,342
2021-14,참깨박추출물,2021-11-04,극동에치팜 주식회사 2공장,인지기능 개선에 도움을 줄 수 있음,인지기능 개선에 도움을 줄 수 있음,1.5 g/d,1.5 g/d,,,식품안전나라,473
2022-34,열처리녹차추출물,2022-11-30,(주)아모레퍼시픽,기억력 개선에 도움을 줄 수 있음,기억력 개선에 도움을 줄 수 있음,고온처리녹차추출물로서 900 mg/일,고온처리녹차추출물로서 900 mg/일,"∘ 어린이, 임산부 및 수유부는 섭취를 피할 것.∘ 간질환이 있거나 의약품 복용 시 전문가와 상담할 것∘ 카페인이 함유되어 있어 초조감, 불면 등을 나타낼 수 있음∘ 식사 후 섭취할 것∘ 카페인을 함유한 식품의 섭취에 주의할 것∘ 이상사례 발생 시 섭취를 중단하고 전문가와 상담할 것","∘ 어린이, 임산부 및 수유부는 섭취를 피할 것.∘ 간질환이 있거나 의약품 복용 시 전문가와 상담할 것∘ 카페인이 함유되어 있어 초조감, 불면 등을 나타낼 수 있음∘ 식사 후 섭취할 것∘ 카페인을 함유한 식품의 섭취에 주의할 것∘ 이상사례 발생 시 섭취를 중단하고 전문가와 상담할 것",식품안전나라,393
2022-39,크릴오일등복합물(FlexPro MDⓇ),2022-12-19,주식회사 노바렉스,관절건강에 도움을 줄 수 있음,관절건강에 도움을 줄 수 있음,462mg/일,462mg/일,,,식품안전나라,504
2022-40,비수리추출분말,2022-12-19,주식회사 네추럴웨이,갱년기 남성 건강에 도움을 줄 수 있음,갱년기 남성 건강에 도움을 줄 수 있음,"1,250 mg/일","1,250 mg/일","영유아, 어린이, 임산부 및 수유부는 섭취 시 주의 바랍니다.","영유아, 어린이, 임산부 및 수유부는 섭취 시 주의 바랍니다.",식품안전나라,297
2023-34,Bacillus coagulans SNZ 1969 프로바이오틱스,2023-10-19,㈜씨티씨바이오,배변활동 원활에 도움을 줄 수 있음,배변활동 원활에 도움을 줄 수 있음,"1,000,000,000 CFU/g 이상","1,000,000,000 CFU/g 이상",질환이 있거나 의약품 복용 시 전문가와 상담할 것. 알레르기 체질 등은 개인에 따라 과민반응이 나타날 수 있음. 어린이가 함부로 섭취하지 않도록 일일섭취량 방법을 지도할 것. 이상사례 발생 시 섭취를 중단하고 전문가와 상담할 것.,질환이 있거나 의약품 복용 시 전문가와 상담할 것. 알레르기 체질 등은 개인에 따라 과민반응이 나타날 수 있음. 어린이가 함부로 섭취하지 않도록 일일섭취량 방법을 지도할 것. 이상사례 발생 시 섭취를 중단하고 전문가와 상담할 것.,식품안전나라,8
2023-36,다이크로스타키스 글로메라타 추출물(Dyglomera®),2023-12-05,주식회사 뉴온,체지방 감소에 도움을 줄 수 있음,체지방 감소에 도움을 줄 수 있음,다이크로스타키스 글로메라타 추출물(Dyglomera®)로서 400mg/일,다이크로스타키스 글로메라타 추출물(Dyglomera®)로서 400mg/일,"영유아, 어린이, 임산부 및 수유부는 섭취에 주의 바람. 특이체질이거나 알레르기 체질인 경우 섭취에 주의 바람.","영유아, 어린이, 임산부 및 수유부는 섭취에 주의 바람. 특이체질이거나 알레르기 체질인 경우 섭취에 주의 바람.",식품안전나라,162
2016-11,창녕양파추출액,2016-08-23,천호식품(주),혈중 콜레스테롤 개선에 도움을 줄 수 있음,혈중 콜레스테롤 개선에 도움을 줄 수 있음,창녕양파추출액으로서 150 mL,창녕양파추출액으로서 150 mL,해당사항없음,해당사항없음,식품안전나라,478
2013-10,미역석류씨추출복합물(잔티젠),2013-05-30,주식회사 노바렉스,체지방 감소에 도움을 줄 수 있음(생리활성기능 2등급),체지방 감소에 도움을 줄 수 있음(생리활성기능 2등급),미역 등 복합 추출물(잔티젠)로서 600mg/일,미역 등 복합 추출물(잔티젠)로서 600mg/일,"1) 임산부, 수유부는 섭취에 주의
2) 석류에 알레르기가 있는 사람은 섭취에 주의
3) 에스트로겐 호로몬에 민감한 사람은 섭취에 주의","1) 임산부, 수유부는 섭취에 주의 2) 석류에 알레르기가 있는 사람은 섭취에 주의 3) 에스트로겐 호로몬에 민감한 사람은 섭취에 주의",식품안전나라,250
2012-18,실크단백질 효소가수분해물,2012-05-16,월드웨이(주),"혈당조절에 도움을 줄 수 있으나, 관련 인체적용시험이 미흡함(생리활성기능 3등급)","혈당조절에 도움을 줄 수 있으나, 관련 인체적용시험이 미흡함(생리활성기능 3등급)",실크단백질 효소가수분해물 으로서 6g/일,실크단백질 효소가수분해물 으로서 6g/일,"1) 간, 신장 기능 이상자는 섭취에 주의
2) 임산부, 어린이는 섭취에 주의","1) 간, 신장 기능 이상자는 섭취에 주의 2) 임산부, 어린이는 섭취에 주의",식품안전나라,356
2010-53,서목태(쥐눈이콩)펩타이드,2010-11-23,농심태경(주),1) 혈당 조절에 도움을 줄 수 있음(생리활성기능 2등급) 2) 혈압이 높은 사람에게 도움을 줄 수 있음(생리활성기능 2등급) 3) 체지방 감소에 도움을 줄 수 있음(생리활성기능 2등급),1) 혈당 조절에 도움을 줄 수 있음(생리활성기능 2등급) 2) 혈압이 높은 사람에게 도움을 줄 수 있음(생리활성기능 2등급) 3) 체지방 감소에 도움을 줄 수 있음(생리활성기능 2등급),서목태(쥐눈이콩)펩타이드로서 4.5g/일,서목태(쥐눈이콩)펩타이드로서 4.5g/일,-,,식품안전나라,329
2021-15,뽕나무가지주정추출분말,2021-11-04,농업회사법인(주)이비채,혈당조절에 도움을 줄 수 있음(산화스트레스로부터 췌장을 보호하여 인슐린 분비를 조절함으로써 인슐린 감수성을 개선시켜 식후 혈당을 조절하는데 도움),혈당조절에 도움을 줄 수 있음(산화스트레스로부터 췌장을 보호하여 인슐린 분비를 조절함으로써 인슐린 감수성을 개선시켜 식후 혈당을 조절하는데 도움),2 g (oxyresveratrol로서 29.90 ~ 44.86 mg/g),2 g (oxyresveratrol로서 29.90 ~ 44.86 mg/g),해당사항 없음,해당사항 없음,식품안전나라,312
2020-9,풋사과추출물 애플페논(Applephenon),2020-05-22,주식회사 비티씨 오송공장,체지방 감소에 도움,체지방 감소에 도움,신청원료로써 600 mg,신청원료로써 600 mg,,,식품안전나라,539
2021-17,루바브뿌리추출물,2021-11-04,콜마비앤에이치(주),갱년기 여성 건강에 도움을 줄 수 있음,갱년기 여성 건강에 도움을 줄 수 있음,루바브뿌리추출물로서 4mg/day,루바브뿌리추출물로서 4mg/day,"신청원료와 동일원료인 제2019-6호를 참고하여 1)영우아, 어린이, 임산부 및 수유부는 섭취에 주의 2)에스트로겐 호르몬에 민감함 사람은 섭취에 주의 3)메스꺼움 등 소화계통의 불편함과 설사를 유발할 수 있음 4)알레르기 체질이거나 특정 질환이 있는 사람은 섭취 전 전문가와 상담할 것","신청원료와 동일원료인 제2019-6호를 참고하여 1)영우아, 어린이, 임산부 및 수유부는 섭취에 주의 2)에스트로겐 호르몬에 민감함 사람은 섭취에 주의 3)메스꺼움 등 소화계통의 불편함과 설사를 유발할 수 있음 4)알레르기 체질이거나 특정 질환이 있는 사람은 섭취 전 전문가와 상담할 것",식품안전나라,212
2022-42,현삼추출물,2022-12-19,주식회사 뉴온,,,,,,,식품안전나라,574
2022-43,Lactiplantibacillus plantarum C29 프로바이오틱스와 발효대두분말의 복합물(DW2009),2022-12-19,동화약품(주),노화로 저하된 인지능력 개선에 도움을 줄 수 있음,노화로 저하된 인지능력 개선에 도움을 줄 수 있음,유산균C29-발효대두복합물(DW2009)로서 800 mg/일,유산균C29-발효대두복합물(DW2009)로서 800 mg/일,"영·유아, 어린이, 임산부, 수유부는 섭취 시 주의바랍니다.","영·유아, 어린이, 임산부, 수유부는 섭취 시 주의바랍니다.",식품안전나라,54
2023-37,루테인지아잔틴추출복합물,2023-12-05,한국암웨이(주),노화로 인해 감소될 수 있는 황반색소밀도를 유지하여 눈 건강에 도움을줄 수 있음,노화로 인해 감소될 수 있는 황반색소밀도를 유지하여 눈 건강에 도움을줄 수 있음,루테인 지아잔틴의 합으로서 12mg/일,루테인 지아잔틴의 합으로서 12mg/일,"영‧유아, 어린이, 임산부 및 수유부는 섭취에 주의/과다 섭취 시 일시적으로 피부가 황색으로 변할 수 있음/이상사례 발생 시 섭취를 중단하고 전문가와 상담할 것/흡연자는 섭취 시 전문가와 상담할 것","영‧유아, 어린이, 임산부 및 수유부는 섭취에 주의/과다 섭취 시 일시적으로 피부가 황색으로 변할 수 있음/이상사례 발생 시 섭취를 중단하고 전문가와 상담할 것/흡연자는 섭취 시 전문가와 상담할 것",식품안전나라,219
2023-39,발효굴추출물(FSO),2023-12-29,(주)마린바이오프로세스,근력 개선에 도움을 줄 수 있음,근력 개선에 도움을 줄 수 있음,1g,1g,,,식품안전나라,265
2021-18,로즈마리추출물등복합물(SunMax),2021-12-28,대한켐텍 주식회사,자외선에 의한 피부손상으로부터 피부건강 유지에 도움,자외선에 의한 피부손상으로부터 피부건강 유지에 도움,로즈마리추출물등복합물(SunMax)로서 225 mg/일,로즈마리추출물등복합물(SunMax)로서 225 mg/일,임산부 및 수유부는 섭취 시 주의한다.,임산부 및 수유부는 섭취 시 주의한다.,식품안전나라,210
2021-19,청호추출분말(리베라템),2021-12-30,(주)성균바이오텍,간 건강에 도움을 줄 수 있음,간 건강에 도움을 줄 수 있음,개똥쑥열수추출분말로서 686 mg/일,개똥쑥열수추출분말로서 686 mg/일,해당사항 없음.,해당사항 없음.,식품안전나라,484
2022-44,복분자동결건조분말,2022-12-19,한국식품산업클러스터진흥원,항산화에 도움을 줄 수 있음.,항산화에 도움을 줄 수 있음.,복분자동결건조분말로서 30g/일,복분자동결건조분말로서 30g/일,해당사항 없음,해당사항 없음,식품안전나라,291
2022-38,가다랑어 엘라스틴 펩타이드,2022-12-21,대한켐텍 주식회사,피부 보습에 도움을 줄 수 있음,피부 보습에 도움을 줄 수 있음,가다랑어 엘라스틴 펩타이드로서 100 mg/일,가다랑어 엘라스틴 펩타이드로서 100 mg/일,임산부 및 수유부인 자는 섭취를 주의 바랍니다. 특정한 식품에 알레르기가 있는 분은 섭취에 주의 바랍니다.,임산부 및 수유부인 자는 섭취를 주의 바랍니다. 특정한 식품에 알레르기가 있는 분은 섭취에 주의 바랍니다.,식품안전나라,92
2023-38,락토페린LF300(우유유래정제단백질),2023-12-29,주식회사 시나몬랩,면역력 증진에 도움을 줄 수 있음,면역력 증진에 도움을 줄 수 있음,락토페린으로서 300 mg/일,락토페린으로서 300 mg/일,"○ 섭취 시 주의사항 : - 임산부, 수유기 여성 및 어린이는 섭취에 주의 - 우유 알레르기 반응을 나타내는 사람은 섭취에 주의 ○ 근거내용 : - 임산부, 수유기 여성 및 어린이에 대해서는 임상적으로 안전성이 확인되지 않았음 - 신청원료의 알레르기 유발성에 관한 어떠한 정보도 없으나 우유에서 기원하였으므로 우유 알레르기 반응에 대해 주의사항으로 설정하였음","○ 섭취 시 주의사항 : - 임산부, 수유기 여성 및 어린이는 섭취에 주의 - 우유 알레르기 반응을 나타내는 사람은 섭취에 주의 ○ 근거내용 : - 임산부, 수유기 여성 및 어린이에 대해서는 임상적으로 안전성이 확인되지 않았음 - 신청원료의 알레르기 유발성에 관한 어떠한 정보도 없으나 우유에서 기원하였으므로 우유 알레르기 반응에 대해 주의사항으로 설정하였음",식품안전나라,203
2008-5,헤마토코쿠스 추출물,2008-02-05,씨제이제일제당(주),“헤마토코쿠스 추출물의 섭취는 눈의 피로도 개선에 도움을 줄 수 있습니다.”(기타Ⅱ등급),"""헤마토코쿠스 추출물의 섭취는 눈의 피로도 개선에 도움을 줄 수 있습니다.""(기타Ⅱ등급)",(Astaxanthin 으로서 6 mg/day),(Astaxanthin 으로서 6 mg/day),"1) 제안된 섭취량 이상 섭취 시 일시적으로 피부가 황색으로 변할 수 있습니다.                                                                                                                                                                              
2) 임산부와 수유기 여성은 섭취를 피하는 것이 좋습니다.
3) β-carotene의 흡수를 저해할 수 있습니다.",1) 제안된 섭취량 이상 섭취 시 일시적으로 피부가 황색으로 변할 수 있습니다. 2) 임산부와 수유기 여성은 섭취를 피하는 것이 좋습니다. 3) β-carotene의 흡수를 저해할 수 있습니다.,식품안전나라,572
2010-55,홍경천 추출물,2010-11-24,(주)세광에스티코퍼레이션,스트레스로 인한 피로 개선에 도움을 줄 수 있음(기타기능Ⅱ),스트레스로 인한 피로 개선에 도움을 줄 수 있음(기타기능Ⅱ),홍경천추출물로서 200～600 mg,홍경천추출물로서 200～600 mg,-,,식품안전나라,582
2010-38,창녕양파추출액,2010-09-06,(주)우포의아침,혈중 콜레스테롤 개선에 도움을 줄 수 있음 (기타기능 II),혈중 콜레스테롤 개선에 도움을 줄 수 있음 (기타기능 II),창녕양파추출액으로서 150ml,창녕양파추출액으로서 150ml,-,,식품안전나라,478
2020-10,베타글루칸 분말,2020-07-07,네이처런스(주),면역기능 증진에 도움,면역기능 증진에 도움,베타글루칸 분말로서 412 mg/일,베타글루칸 분말로서 412 mg/일,"임산부, 수유부 및 어린아이는 섭취시 주의하십시오","임산부, 수유부 및 어린아이는 섭취시 주의하십시오",식품안전나라,276
2021-20,청호추출분말(리베라템),2021-12-30,(주)지앤피바이오사이언스,간 건강에 도움을 줄 수 있음.,간 건강에 도움을 줄 수 있음.,개똥쑥열수추출분말로서 686 mg/일,개똥쑥열수추출분말로서 686 mg/일,해당사항 없음.,해당사항 없음.,식품안전나라,484
2021-21,루테인지아잔틴추출복합물,2021-12-30,주식회사 디에스엠퍼메니쉬코리아,노화로 인해 감소될 수 있는 황반색소밀도를 유지하여 눈 건강에 도움,노화로 인해 감소될 수 있는 황반색소밀도를 유지하여 눈 건강에 도움,,,,,식품안전나라,219
2023-2,Bifidobacterium breve B-3 프로바이오틱스,2023-02-15,대한켐텍 주식회사,체지방 감소에 도움을 줄 수 있음,체지방 감소에 도움을 줄 수 있음,Bifidobacterium breve B-3로서 5×109 CFU/일 이상,Bifidobacterium breve B-3로서 5×109 CFU/일 이상,"영·유아, 어린이, 임산부 및 수유부는 섭취 시 주의바랍니다.","영·유아, 어린이, 임산부 및 수유부는 섭취 시 주의바랍니다.",식품안전나라,10
2023-8,옥수수수염추출물등 복합물 (CL-5MoA),2023-03-27,주식회사 지큐바이오,체지방감소에 도움을 줄 수 있음,체지방감소에 도움을 줄 수 있음,1g/일,1g/일,"의약품(항당뇨제, 수면유도제, 갑상선호르몬제, 중추신경억제제)을 복용하시는 분은 섭취전 전문의와 상담할 것","의약품(항당뇨제, 수면유도제, 갑상선호르몬제, 중추신경억제제)을 복용하시는 분은 섭취전 전문의와 상담할 것",식품안전나라,407
2023-40,두충우슬추출복합물(KGC08EA),2023-12-29,(주)한국인삼공사,,,,,,,식품안전나라,194
2023-42,유크림농축분말,2023-12-29,매일유업(주)아산공장,,,,,,,식품안전나라,429
2021-24,병풀추출분말,2021-12-30,주식회사 제넨셀,"노화로 인해 감소될 수 있는 황반색소 밀도를 유지하여 눈 건강에 도움을 줄 수 있음 , 간 건강에 도움을 줄 수 있음","노화로 인해 감소될 수 있는 황반색소 밀도를 유지하여 눈 건강에 도움을 줄 수 있음 , 간 건강에 도움을 줄 수 있음",300mg/day,300mg/day,첨부자료,첨부자료,식품안전나라,278
2026-24,돼지뇌효소가수분해물,2026-08-26,유니메드제약(주),,,,,,,식품안전나라,193
2010-46,밀크씨슬 추출물(Milk Thistle Extract),2010-10-26,진용내츄럴,간 건강에 도움을 줄 수 있음(기타기능II),간 건강에 도움을 줄 수 있음(기타기능II),실리마린(Silymarin) 으로서 130 mg/일,실리마린(Silymarin) 으로서 130 mg/일,-,,식품안전나라,257
2011-1,빌베리주정추출물,2011-01-07,(주)삼오제약,눈의 피로 개선에 도움을 줄 수 있음 (기타기능II),눈의 피로 개선에 도움을 줄 수 있음 (기타기능II),빌베리 주정 추출물 240 mg/day,빌베리 주정 추출물 240 mg/day,-,,식품안전나라,311
2014-33,히알루론산나트륨,2014-07-22,(주)애니닥터헬스케어,"피부 보습에 도움을 줄 수 있음
(생리활성기능 2등급)",피부 보습에 도움을 줄 수 있음 (생리활성기능 2등급),히알루론산나트륨으로서 120 mg/일,히알루론산나트륨으로서 120 mg/일,"1) 임산부, 수유부는 섭취에 주의
2) 알레르기 체질 및 특이체질, 질병치료 중인  사람은 섭취에 주의","1) 임산부, 수유부는 섭취에 주의 2) 알레르기 체질 및 특이체질, 질병치료 중인 사람은 섭취에 주의",식품안전나라,604
2021-23,Lactiplantibacillus plantarum Q180,2021-12-30,(주)종근당바이오,,,,,,,식품안전나라,60
2022-2,타히보 추출물(TabetriⓇ),2022-02-03,코스맥스엔비티(주),,,,,,,식품안전나라,511
2022-7,사삼추출물,2022-02-07,(주)동일팜텍,체지방 감소에 도움,체지방 감소에 도움,사삼추출물로서 750mg/일,사삼추출물로서 750mg/일,"""영유아, 어린이, 임산부 및 수유부는 섭취 시 주의한다."" 등","""영유아, 어린이, 임산부 및 수유부는 섭취 시 주의한다."" 등",식품안전나라,314
2022-1,들쭉열매추출분말,2022-02-07,(주)씨에이치랩스,자외선에 의한 피부손상으로부터 피부건강 유지에 도움을 줄 수 있음,자외선에 의한 피부손상으로부터 피부건강 유지에 도움을 줄 수 있음,,,,,식품안전나라,196
2023-3,단삼주정추출분말,2023-02-15,(주) 운트바이오,갱년기 여성건강에 도움을 줄 수 있음,갱년기 여성건강에 도움을 줄 수 있음,"일일섭취량: 1일 2회, 1회 1 캡슐, 단삼주정추출분말로서 600mg","일일섭취량: 1일 2회, 1회 1 캡슐, 단삼주정추출분말로서 600mg",○ 과량으로 복용하지 않도록 주의○ 이상 사례 발생 시 섭취를 중단하고 전문가와 상담할 것,○ 과량으로 복용하지 않도록 주의○ 이상 사례 발생 시 섭취를 중단하고 전문가와 상담할 것,식품안전나라,164
2023-7,옥수수수염․레몬밤추출복합물(CL-5MoA),2023-03-27,주식회사뉴트라코어,체지방감소에 도움을 줄 수 있음,체지방감소에 도움을 줄 수 있음,1g/일,1g/일,"의약품(항당뇨제, 수면유도제, 갑상선호르몬제, 중추신경억제제)을 복용하시는 분은 섭취전 전문의와 상담할 것","의약품(항당뇨제, 수면유도제, 갑상선호르몬제, 중추신경억제제)을 복용하시는 분은 섭취전 전문의와 상담할 것",식품안전나라,406
2023-44,당귤농축분말(ROCH),2023-12-29,주식회사 비티씨 오송공장,"자외선에 의한 피부손상으로부터 피부건강을 유지하는데 도움을 줄 수 있음, 피부 보습에 도움을 줄 수 있음","자외선에 의한 피부손상으로부터 피부건강을 유지하는데 도움을 줄 수 있음, 피부 보습에 도움을 줄 수 있음",100 mg/일,100 mg/일,"① 영유아, 어린이, 임산부 및 수유부는 섭취에 주의할 것,② 특정질환 (알레르기 체질 등)이 있는 분은 섭취에 주의할 것, ③ 이상사례발생 시 섭취를 중단하고 전문가와 상담할 것","① 영유아, 어린이, 임산부 및 수유부는 섭취에 주의할 것,② 특정질환 (알레르기 체질 등)이 있는 분은 섭취에 주의할 것, ③ 이상사례발생 시 섭취를 중단하고 전문가와 상담할 것",식품안전나라,169
2015-14,아프리카망고 종자추출물(IGOB131),2015-04-09,(주)프롬바이오,체지방 감소에 도움을 줄 수 있음(생리활성기능 2등급),체지방 감소에 도움을 줄 수 있음(생리활성기능 2등급),와일드 망고 종자추출물(IGOB131)로서 300 mg/일,와일드 망고 종자추출물(IGOB131)로서 300 mg/일,1) 임산부 및 수유 여성은 섭취에 주의,1) 임산부 및 수유 여성은 섭취에 주의,식품안전나라,380
2016-15,EPA 및 DHA 함유유지,2016-08-23,(주)나암에스앤에이치,건조한 눈을 개선하여 눈 건강에 도움을 줄 수 있음,건조한 눈을 개선하여 눈 건강에 도움을 줄 수 있음,EPA와 DHA의 합으로서 0.6~1 g/일,EPA와 DHA의 합으로서 0.6~1 g/일,-,,식품안전나라,25
2009-73,보리 베타글루칸 추출물,2009-09-09,주식회사 노바렉스,혈중 콜레스테롤 개선에 도움을 줄 수 있음(생리활성기능 2등급),혈중 콜레스테롤 개선에 도움을 줄 수 있음(생리활성기능 2등급),베타글루칸으로서 3~8g,베타글루칸으로서 3~8g,-,,식품안전나라,279
2009-52,유단백가수분해물(락티움),2009-06-05,주식회사 노바렉스,유단백가수분해물은 스트레스로 인한 긴장을 완화하는데 도움을 줄 수 있습니다.,유단백가수분해물은 스트레스로 인한 긴장을 완화하는데 도움을 줄 수 있습니다.,유단백가수분해물(락티움)로서 150mg/일,유단백가수분해물(락티움)로서 150mg/일,"1) 임산부, 수유여성 및 12세 이하 어린이는 섭취에 주의하여야 합니다.
2) 우유 및 유제품에 대하여 알레르기를 나타내는 사람은 섭취에 주의하여야 합니다.","1) 임산부, 수유여성 및 12세 이하 어린이는 섭취에 주의하여야 합니다. 2) 우유 및 유제품에 대하여 알레르기를 나타내는 사람은 섭취에 주의하여야 합니다.",식품안전나라,419
2015-30,EPA 및 DHA 함유유지,2015-12-24,콜마비앤에이치(주)푸디팜사업부문,건조한 눈을 개선하여 눈 건강에 도움을 줄 수 있음(생리활성기능 2등급),건조한 눈을 개선하여 눈 건강에 도움을 줄 수 있음(생리활성기능 2등급),EPA와 DHA의 합으로서 0.6~1 g/일,EPA와 DHA의 합으로서 0.6~1 g/일,-,,식품안전나라,25
2022-4,황국(Aspergillus 발효물 MK01),2022-02-03,대상(주),혈중 콜레스테롤 개선에 도움을 줄 수 있음,혈중 콜레스테롤 개선에 도움을 줄 수 있음,신청원료로서 700 mg/일,신청원료로서 700 mg/일,(해당 사항 없음),(해당 사항 없음),식품안전나라,592
2022-8,발아발효콩추출물,2022-02-08,(주)휴바이오,갱년기 여성 건강에 도움을 줄 수 있음,갱년기 여성 건강에 도움을 줄 수 있음,발아발효콩추출물의 일일섭취량은 1g/일,발아발효콩추출물의 일일섭취량은 1g/일,-,,식품안전나라,264
2022-10,블랙라즈베리 추출물,2022-02-08,(재)고창식품산업연구원,혈압 조절에 도움을 줄 수 있음,혈압 조절에 도움을 줄 수 있음,2500mg,2500mg,임산부 및 수유부는 섭취 전 전문가와 상담하시기 바랍니다.,임산부 및 수유부는 섭취 전 전문가와 상담하시기 바랍니다.,식품안전나라,294
2023-6,양춘사추출물,2023-03-27,(주)일원바이오,체지방 감소에 도움을 줄 수 있음,체지방 감소에 도움을 줄 수 있음,,,,,식품안전나라,386
2023-9,다이크로스타키스 글로메라타 추출물(Dyglomera),2023-03-28,(주)케이지엠팜,체지방 감소에 도움을 줄 수 있음,체지방 감소에 도움을 줄 수 있음,Dichrostachys glomerata추출물(Dyglomera)로서 400mg/일,Dichrostachys glomerata추출물(Dyglomera)로서 400mg/일,"영유아, 어린이, 임산부 및 수유부는 섭취에 주의 바람. 특이 체질이거나 알레르기 체질인 경우 섭취에 주의 바람.","영유아, 어린이, 임산부 및 수유부는 섭취에 주의 바람. 특이 체질이거나 알레르기 체질인 경우 섭취에 주의 바람.",식품안전나라,162
2010-24,레몬 밤 추출물 혼합분말,2010-05-25,(주)안지오랩,체지방 감소에 도움을 줄 수 있음(생리활성기능 2등급),체지방 감소에 도움을 줄 수 있음(생리활성기능 2등급),레몬밤 추출물 혼합분말로서 1380 mg/일,레몬밤 추출물 혼합분말로서 1380 mg/일,"1) 알레르기 반응이 나타날 경우에는 섭취를 중단하시기 바랍니다.
2) 섭취 후 진정작용이 나타날 수 있습니다.
3) 어린이 및 임산부와 수유부 여성은 섭취에 주의하시기 바랍니다.",1) 알레르기 반응이 나타날 경우에는 섭취를 중단하시기 바랍니다. 2) 섭취 후 진정작용이 나타날 수 있습니다. 3) 어린이 및 임산부와 수유부 여성은 섭취에 주의하시기 바랍니다.,식품안전나라,204
2009-58,액상다래추출물,2009-06-05,(주)헬릭스미스,면역 과민반응 개선에 도움을 줄 수 있음(기타기능II),면역 과민반응 개선에 도움을 줄 수 있음(기타기능II),액상 다래추출물로서 2~2.5g/일,액상 다래추출물로서 2~2.5g/일,1) 임산부와 수유부는 섭취에 주의,1) 임산부와 수유부는 섭취에 주의,식품안전나라,385
2023-43,참나리추출분말,2023-12-29,(주)에치와이,관절 및 연골건강에 도움을 줄 수 있음,관절 및 연골건강에 도움을 줄 수 있음,참나리추출분말로서 1 g/일,참나리추출분말로서 1 g/일,,,식품안전나라,474
2024-3,에키네시아추출물,2024-02-06,주식회사 뉴온,면역기능 증진에 도움을 줄 수 있음,면역기능 증진에 도움을 줄 수 있음,에키네시아추출물로서 200mg/일,에키네시아추출물로서 200mg/일,임상부 및 수유부는 섭취에 주의한다.,임상부 및 수유부는 섭취에 주의한다.,식품안전나라,388
2024-1,황해쑥추출분말,2024-01-10,풍림무약(주),위점막을 보호하여 위건강에 도움을 줄 수 있음,위점막을 보호하여 위건강에 도움을 줄 수 있음,240mg,240mg,제출자료 참조,제출자료 참조,식품안전나라,596
2018-8,석류농축분말,2018-08-01,(주)에이치엘사이언스,자외선에 의한 피부손상으로부터 피부 건강을 유지하는데 도움을 줄 수 있음.,자외선에 의한 피부손상으로부터 피부 건강을 유지하는데 도움을 줄 수 있음.,1g/ 일 (엘라그산 함량 :1.2mg/일 ),1g/ 일 (엘라그산 함량 :1.2mg/일 ),이상반응 및 부작용 보고되지 않음.,이상반응 및 부작용 보고되지 않음.,식품안전나라,331
2019-31,돈태반 발효추출물,2019-12-31,(주)엘지생활건강,피로 개선에 도움을 줄 수 있음,피로 개선에 도움을 줄 수 있음,신청 원료로서 320 mg/일,신청 원료로서 320 mg/일,돼지고기에 알러지가 있는 분은 섭취시 주의가 필요합니다.,돼지고기에 알러지가 있는 분은 섭취시 주의가 필요합니다.,식품안전나라,184
2005-20,대두올리고당,2005-09-01,현대약품주식회사,"""장내 유익균의 증식과 유해균의 억제에 도움을 줄 수 있습니다."", ""배변활동을 원활히 하는데 도움을 줄 수 있습니다.""

◆ 인체시험에서 대두올리고당을 섭취할 경우 장내 유익균의 증식과 유해균을 억제하고, 배변활동을 원활히 하는데 도움을 줄 수 있음을 확인하였으나 자료의 수가 제한되어 있음. 따라서 반드시 ‘---에 도움을 줄 수 있습니다’의 형식으로 표시하여야 함","""장내 유익균의 증식과 유해균의 억제에 도움을 줄 수 있습니다."", ""배변활동을 원활히 하는데 도움을 줄 수 있습니다."" ◆ 인체시험에서 대두올리고당을 섭취할 경우 장내 유익균의 증식과 유해균을 억제하고, 배변활동을 원활히 하는데 도움을 줄 수 있음을 확인하였으나 자료의 수가 제한되어 있음. 따라서 반드시 '---에 도움을 줄 수 있습니다'의 형식으로 표시하여야 함",Stachyose와 raffinose를 합한 함량으로서,Stachyose와 raffinose를 합한 함량으로서,과량으로 섭취 시에는 설사를 유발할 수 있습니다.,과량으로 섭취 시에는 설사를 유발할 수 있습니다.,식품안전나라,174
2005-21,CLA-80HGR,2005-10-28,에프엔바이오(주),"“공액리놀레산(Conjugated Linoleic Acid)는 과체중인 성인의 체지방 감소에 도움을 줄 수 있습니다.”

(과체중인 성인을 대상으로 한 인체시험에서 CLA를 섭취한 경우 체지방(fat mass)감소에 도움을 줄 수 있음이 많은 자료에서 확인되었으나 한국인을 대상으로 한 자료가 없었음. 따라서 반드시 ‘---에 도움을 줄 수 있습니다’의 형식으로 표시하여야 함.)","""공액리놀레산(Conjugated Linoleic Acid)는 과체중인 성인의 체지방 감소에 도움을 줄 수 있습니다."" (과체중인 성인을 대상으로 한 인체시험에서 CLA를 섭취한 경우 체지방(fat mass)감소에 도움을 줄 수 있음이 많은 자료에서 확인되었으나 한국인을 대상으로 한 자료가 없었음. 따라서 반드시 '---에 도움을 줄 수 있습니다'의 형식으로 표시하여야 함.)","공액리놀레산 (cis-9, trans-11 CLA, trans-10, cis-12 CLA, cis-9, cis-11 CLA, trans-9, trans-11 CLA)으로 권장 섭취량 3.4 g/day 일일 첩취량","공액리놀레산 (cis-9, trans-11 CLA, trans-10, cis-12 CLA, cis-9, cis-11 CLA, trans-9, trans-11 CLA)으로 권장 섭취량 3.4 g/day 일일 첩취량","1. 위장장애가 발생할 수 있습니다.
2. 영유아, 임산부는 섭취를 삼가야 해야 합니다.
3. 식사조절, 운동을 병행하는 것이 바람직합니다.","1. 위장장애가 발생할 수 있습니다. 2. 영유아, 임산부는 섭취를 삼가야 해야 합니다. 3. 식사조절, 운동을 병행하는 것이 바람직합니다.",식품안전나라,17
2022-11,섬쑥부쟁이추출분말,2022-02-15,고려은단(주),인지능력 개선에 도움을 줄수 있음,인지능력 개선에 도움을 줄수 있음,섬쑥부쟁이추출물로써 960mg,섬쑥부쟁이추출물로써 960mg,첨부서류 참조,첨부서류 참조,식품안전나라,334
2022-13,레몬버베나추출물 등 복합물 (티에뜨레®),2022-02-25,(주)노바웰스,체지방 감소에 도움을 줄 수 있음,체지방 감소에 도움을 줄 수 있음,"레몬버베나추출물 등 복합물 (메타볼에이드, metabolaid)로써 500 mg/일","레몬버베나추출물 등 복합물 (메타볼에이드, metabolaid)로써 500 mg/일",신청서 참조,신청서 참조,식품안전나라,207
2022-16,Bacillus coagulans Unique IS-2 프로바이오틱스,2022-04-18,(주)뉴트리원,배변활동 원활에 도움을 줄 수 있음,배변활동 원활에 도움을 줄 수 있음,,,,,식품안전나라,9
2020-11,해국추출물,2020-07-24,(주)뉴트리,1,1,,,,,식품안전나라,565
2024-2,녹용효소분해추출물(HENKIVⓇ),2024-02-06,주식회사 유한건강생활,면역기능개선에 도움을 줄 수 있음,면역기능개선에 도움을 줄 수 있음,녹용효소분해추출물로서 480 mg/일,녹용효소분해추출물로서 480 mg/일,"영·유아, 어린이, 임산부 및 수유부, 특정질환(알레르기 체질 등)이 있는 분 섭취 주의, 이상사례 발생 시 섭취를 중단하고 전문가와 상담","영·유아, 어린이, 임산부 및 수유부, 특정질환(알레르기 체질 등)이 있는 분 섭취 주의, 이상사례 발생 시 섭취를 중단하고 전문가와 상담",식품안전나라,158
2005-22,CLA-80TAG (트리글리세리드형태),2005-10-28,에프엔바이오(주),"“공액리놀레산(Conjugated Linoleic Acid)는 과체중인 성인의 체지방 감소에 도움을 줄 수 있습니다.”

(과체중인 성인을 대상으로 한 인체시험에서 CLA를 섭취한 경우 체지방(fat mass)감소에 도움을 줄 수 있음이 많은 자료에서 확인되었으나 한국인을 대상으로 한 자료가 없었음. 따라서 반드시 ‘---에 도움을 줄 수 있습니다’의 형식으로 표시하여야 함.)","""공액리놀레산(Conjugated Linoleic Acid)는 과체중인 성인의 체지방 감소에 도움을 줄 수 있습니다."" (과체중인 성인을 대상으로 한 인체시험에서 CLA를 섭취한 경우 체지방(fat mass)감소에 도움을 줄 수 있음이 많은 자료에서 확인되었으나 한국인을 대상으로 한 자료가 없었음. 따라서 반드시 '---에 도움을 줄 수 있습니다'의 형식으로 표시하여야 함.)","공액리놀레산 (cis-9, trans-11 CLA, trans-10, cis-12 CLA, cis-9, cis-11 CLA, trans-9, trans-11 CLA)으로 (권장섭취량 3.4g/day) 일일섭취량","공액리놀레산 (cis-9, trans-11 CLA, trans-10, cis-12 CLA, cis-9, cis-11 CLA, trans-9, trans-11 CLA)으로 (권장섭취량 3.4g/day) 일일섭취량","1. 위장장애가 발생할 수 있습니다.
2. 영유아, 임산부는 섭취를 삼가야 해야 합니다.
3. 식사조절, 운동을 병행하는 것이 바람직합니다.","1. 위장장애가 발생할 수 있습니다. 2. 영유아, 임산부는 섭취를 삼가야 해야 합니다. 3. 식사조절, 운동을 병행하는 것이 바람직합니다.",식품안전나라,18
2005-23,씨제이 홍경천 등 복합추출물,2005-12-13,씨제이(주),"""씨제이홍경천등복합추출물은 혈당조절을 신경 쓰시는 분들의 공복혈당 조절에 도움을 줄 수 있으나 아직은 과학적 근거가 부족합니다.""
◆ 소수의 인체시험에서 여러 혈당조절 지표 중 공복혈당만이 유의적으로 감소되었으나 이를 설명할 수 있는 과학적 근거가 부족합니다. 따라서 반드시 ‘---에 도움을 줄 수 있으나 아직은 과학적 근거가 부족합니다’의 형식으로 표시하여야 함.","""씨제이홍경천등복합추출물은 혈당조절을 신경 쓰시는 분들의 공복혈당 조절에 도움을 줄 수 있으나 아직은 과학적 근거가 부족합니다."" ◆ 소수의 인체시험에서 여러 혈당조절 지표 중 공복혈당만이 유의적으로 감소되었으나 이를 설명할 수 있는 과학적 근거가 부족합니다. 따라서 반드시 '---에 도움을 줄 수 있으나 아직은 과학적 근거가 부족합니다'의 형식으로 표시하여야 함.",‘씨제이홍경천등복합추출물’로서,'씨제이홍경천등복합추출물'로서,"◆ 유?소아, 임산부, 수유부는 사용을 삼가는 것이 좋습니다.
◆ 혈당조절을 위한 의약품을 복용하시는 분은 의사와 상담하시기 바랍니다.","◆ 유?소아, 임산부, 수유부는 사용을 삼가는 것이 좋습니다. ◆ 혈당조절을 위한 의약품을 복용하시는 분은 의사와 상담하시기 바랍니다.",식품안전나라,368
2009-90,밀크씨슬추출물,2009-12-07,(주)유니젠,“간 건강에 도움을 줄 수 있음” (기타기능II),"""간 건강에 도움을 줄 수 있음"" (기타기능II)",Silymarin으로서 130mg,Silymarin으로서 130mg,"1) 알레르기 반응이 나타나는 경우에는 섭취를 중단하십시오
2) 설사, 위통, 복부팽만 등의 위장관계 장애가 나타나는 경우에는 섭취를 주의하십시오","1) 알레르기 반응이 나타나는 경우에는 섭취를 중단하십시오 2) 설사, 위통, 복부팽만 등의 위장관계 장애가 나타나는 경우에는 섭취를 주의하십시오",식품안전나라,259
2009-74,가르시니아 캄보지아 껍질추출물 HCActive Ca 65,2009-09-09,성원에프아이,“탄수화물에서 지방으로의 합성을 억제하여 체지방 감소에 도움을 줍니다”(기타기능 I),"""탄수화물에서 지방으로의 합성을 억제하여 체지방 감소에 도움을 줍니다""(기타기능 I)","총 (-)-HCA로서 750~2,800 mg/day","총 (-)-HCA로서 750~2,800 mg/day",1) 임산부와 수유기 여성은 섭취를 피하는 것이 좋습니다.,1) 임산부와 수유기 여성은 섭취를 피하는 것이 좋습니다.,식품안전나라,98
2023-10,저분자콜라겐펩타이드 AG,2023-03-28,아미코젠(주),1. 피부보습에 도움을 줄 수 있음. 2. 자외선에 의한 피부손상으로부터 피부건강을 유지하는데 도움을 줄 수 있음.,1. 피부보습에 도움을 줄 수 있음. 2. 자외선에 의한 피부손상으로부터 피부건강을 유지하는데 도움을 줄 수 있음.,저분자콜라겐펩타이드 AG 로서의 1.0g/일,저분자콜라겐펩타이드 AG 로서의 1.0g/일,"영·유아, 임산부 및 수유부는 섭취에 주의. 알레르기 체질이거나 특정 질환이 있는 분은 섭취 전, 반드시 의사와 상담이 필요함","영·유아, 임산부 및 수유부는 섭취에 주의. 알레르기 체질이거나 특정 질환이 있는 분은 섭취 전, 반드시 의사와 상담이 필요함",식품안전나라,453
2023-15,스피루리나추출물(SM70EE),2023-06-01,한국해양과학기술원,-,,,,,,식품안전나라,349
2009-72,아마인,2009-08-10,네이쳐스메디신(주),"콜레스테롤 감소에 도움을 줄 수 있음
(기타기능 Ⅱ)",콜레스테롤 감소에 도움을 줄 수 있음 (기타기능 Ⅱ),50g,50g,"1) 혈액응고와 관련된 질병이 있거나 혈액응고저해제를 섭취하는 경우는 반드시 의사나 약사와 상담 후에 섭취하여야 합니다.
2) 아마인의 섭취는 다른 약물의 흡수를 방해할 수 있으므로 약제를 섭취하는 경우에는 의사나 약사와 상담 후 섭취하여야 합니다.",1) 혈액응고와 관련된 질병이 있거나 혈액응고저해제를 섭취하는 경우는 반드시 의사나 약사와 상담 후에 섭취하여야 합니다. 2) 아마인의 섭취는 다른 약물의 흡수를 방해할 수 있으므로 약제를 섭취하는 경우에는 의사나 약사와 상담 후 섭취하여야 합니다.,식품안전나라,373
2022-14,유산균복합물(AB-LIFE®),2022-02-25,(주)서흥,혈중 콜레스테롤 개선에 도움을 줄 수 있음,혈중 콜레스테롤 개선에 도움을 줄 수 있음,1.2 X 10^9 CFU,1.2 X 10^9 CFU,산성도가 낮은 음료나 뜨거운 물과 함께 복용하는 것을 피하는 것이 좋습니다. 임신∙수유부는 제품 섭취 전에 의사와 상담하시길 권장합니다.,산성도가 낮은 음료나 뜨거운 물과 함께 복용하는 것을 피하는 것이 좋습니다. 임신∙수유부는 제품 섭취 전에 의사와 상담하시길 권장합니다.,식품안전나라,427
2022-12,가자추출물(AyuFlexⓇ),2022-02-25,주식회사 뉴온,관절 및 연골 건강에 도움을 줄 수 있음,관절 및 연골 건강에 도움을 줄 수 있음,가자추출물(Ayuflex®)로서 500mg/일,가자추출물(Ayuflex®)로서 500mg/일,임산부 및 수유부는 전문의와 상담 후 섭취하십시오.,임산부 및 수유부는 전문의와 상담 후 섭취하십시오.,식품안전나라,105
2022-22,레몬밤민들레추출복합물(LD100),2022-05-31,유한회사 파이토뉴트리메디,간건강에 도움을 줄수 있음,간건강에 도움을 줄수 있음,단델리온등 복합물 500mg/일,단델리온등 복합물 500mg/일,114 page 참조,114 page 참조,식품안전나라,205
2009-77,가르시니아 캄보지아 껍질추출물 60,2009-09-09,(주)진용,“탄수화물에서 지방으로의 합성을 억제하여 체지방 감소에 도움을 줍니다”(기타기능 I),"""탄수화물에서 지방으로의 합성을 억제하여 체지방 감소에 도움을 줍니다""(기타기능 I)","총 (-)-HCA로서 750~2,800 mg/day","총 (-)-HCA로서 750~2,800 mg/day",1) 임산부와 수유기 여성은 섭취를 피하는 것이 좋습니다.,1) 임산부와 수유기 여성은 섭취를 피하는 것이 좋습니다.,식품안전나라,94
2009-69,가르시니아 캄보지아 껍질추출물,2009-08-03,뉴트리펀코리아컨설팅,“탄수화물에서 지방으로의 합성을 억제하여 체지방 감소에 도움을 줍니다”(기타기능 I),"""탄수화물에서 지방으로의 합성을 억제하여 체지방 감소에 도움을 줍니다""(기타기능 I)","총 (-)-HCA로서 750~2,800 mg/day","총 (-)-HCA로서 750~2,800 mg/day",1) 임산부와 수유기 여성은 섭취를 피하는 것이 좋습니다.,1) 임산부와 수유기 여성은 섭취를 피하는 것이 좋습니다.,식품안전나라,93
2009-70,MSM,2009-08-03,(주)진용,“관절건강에 도움이 될 수 있습니다.”(기타기능 II),"""관절건강에 도움이 될 수 있습니다.""(기타기능 II)",MSM으로서 1.5 ~2 g/day,MSM으로서 1.5 ~2 g/day,1) 본 제품은 관절건강에 도움을 줄 수 있으나 치료의 목적으로 사용될 수 없습니다.,1) 본 제품은 관절건강에 도움을 줄 수 있으나 치료의 목적으로 사용될 수 없습니다.,식품안전나라,73
2009-89,밀크씨슬추출물,2009-12-07,한국암웨이(주),“간 건강에 도움을 줄 수 있음” (기타기능II),"""간 건강에 도움을 줄 수 있음"" (기타기능II)",Silymarin으로서 130mg,Silymarin으로서 130mg,"1) 알레르기 반응이 나타나는 경우에는 섭취를 중단하십시오
2) 설사, 위통, 복부팽만 등의 위장관계 장애가 나타나는 경우에는 섭취를 주의하십시오","1) 알레르기 반응이 나타나는 경우에는 섭취를 중단하십시오 2) 설사, 위통, 복부팽만 등의 위장관계 장애가 나타나는 경우에는 섭취를 주의하십시오",식품안전나라,259
2023-11,맥아구절초추출복합물,2023-05-10,주식회사 제넨셀,월경 전 변화에 의한 불편한 상태 개선에 도움을 줄 수 있음,월경 전 변화에 의한 불편한 상태 개선에 도움을 줄 수 있음,500 mg/일,500 mg/일,"임신 중에는 사용하지 말 것 - 명의별록, 동의보감 등 고서에 맥아에 대한 임산부의 복용 섭취 주의사항이 기재되어 있음","임신 중에는 사용하지 말 것 - 명의별록, 동의보감 등 고서에 맥아에 대한 임산부의 복용 섭취 주의사항이 기재되어 있음",식품안전나라,239
2022-21,Lactiplantibacillus plantarum HAC01 프로바이오틱스,2022-05-31,(주)에이투젠 부설연구소,식후 혈당 상승 억제에 도움을 줄 수 있음,식후 혈당 상승 억제에 도움을 줄 수 있음,,,,,식품안전나라,56
2022-20,weissella cibaria JW15 프로바이오틱스,2022-05-25,국립농업과학원,-,,,,,,식품안전나라,91
2022-17,보스웰리아추출물(SERRATRIN),2022-04-18,(주) 뉴트리,,,,,,,식품안전나라,286
2022-18,감잎주정추출분말,2022-04-18,환인제약(주),건조한 눈을 개선하여 눈 건강에 도움을 줄 수 있음.,건조한 눈을 개선하여 눈 건강에 도움을 줄 수 있음.,감잎주정추출분말 일일섭취량은 600mg/일,감잎주정추출분말 일일섭취량은 600mg/일,임산부와 수유부 및 특정한 식품에 알레르기가 있는 분은 섭취에 주의 바람.,임산부와 수유부 및 특정한 식품에 알레르기가 있는 분은 섭취에 주의 바람.,식품안전나라,110
2023-13,크릴오일 (superba boost),2023-05-10,에스씨사이언스,관절건강 개선에 도움을 줄 수 있음,관절건강 개선에 도움을 줄 수 있음,"크릴오일로써 1,000mg/day","크릴오일로써 1,000mg/day","1 영유아, 어린이, 임산부 및 수유부는 섭취에 주의 ○ 갑각류에 알레르기가 있는 사람은 섭취에 주의 ○ 의약품(항응고제, 항혈소판제 등) 복용시 전문가와 상담할 것 ○ 이상사례 발생 시 섭취를 중단하고 전문가와 상담할 것","1 영유아, 어린이, 임산부 및 수유부는 섭취에 주의 ○ 갑각류에 알레르기가 있는 사람은 섭취에 주의 ○ 의약품(항응고제, 항혈소판제 등) 복용시 전문가와 상담할 것 ○ 이상사례 발생 시 섭취를 중단하고 전문가와 상담할 것",식품안전나라,502
2023-14,저분자콜라겐펩타이드,2023-05-10,(주)뉴트리,"피부보습에 도움을 줄 수 있음, 자외선에 의한 피부손상으로부터 피부건강을 유지하는데 도움을 줄 수 있음, 관절 및 연골 건강에 도움을 줄 수 있음","피부보습에 도움을 줄 수 있음, 자외선에 의한 피부손상으로부터 피부건강을 유지하는데 도움을 줄 수 있음, 관절 및 연골 건강에 도움을 줄 수 있음",저분자콜라겐펩타이드로서 1000~4000 mg/일,저분자콜라겐펩타이드로서 1000~4000 mg/일,,,식품안전나라,452
2014-64,옻나무 추출분말,2014-12-11,농업회사법인 주식회사 생명의나무,"갱년기 남성의 건강에 도움을 줄 수 있음
(생리활성기능 2등급)",갱년기 남성의 건강에 도움을 줄 수 있음 (생리활성기능 2등급),옻나무 추출분말로서 1 g,옻나무 추출분말로서 1 g,"인체적용시험의 바이오마커 중 AMS 및 ADAM은 세부항목이 아닌 총점으로만 검토 후, 인정됨","인체적용시험의 바이오마커 중 AMS 및 ADAM은 세부항목이 아닌 총점으로만 검토 후, 인정됨",식품안전나라,411
2014-63,오메가-3 지방산 함유 유지,2014-12-09,(주)로하스피아,"기억력 개선에 도움을 줄 수 있음
 (생리활성기능 2등급)",기억력 개선에 도움을 줄 수 있음 (생리활성기능 2등급),DHA와 EPA의 합으로서 0.9 ～ 2 g/일,DHA와 EPA의 합으로서 0.9 ～ 2 g/일,「건강기능식품 기능성 원료 및 기준․규격  인정에 관한 규정」 제10조제2항에 따라 「건강기능식품의 기준 및 규격」에 고시 예정임,「건강기능식품 기능성 원료 및 기준․규격 인정에 관한 규정」 제10조제2항에 따라 「건강기능식품의 기준 및 규격」에 고시 예정임,식품안전나라,399
2010-25,AP 콜라겐 효소분해 펩타이드,2010-05-20,(주)아모레퍼시픽,,,,,,,식품안전나라,1
2010-56,은행잎추출물,2010-11-24,(주)렉스진바이오텍,1) 성인의 기억력 개선에 도움을 줄 수 있음 (기타기능II) 2) 혈행 개선에 도움을 줄 수 있음 (기타기능II),1) 성인의 기억력 개선에 도움을 줄 수 있음 (기타기능II) 2) 혈행 개선에 도움을 줄 수 있음 (기타기능II),은행잎 추출물로서 120 mg/일,은행잎 추출물로서 120 mg/일,"1) 어린이, 임산부와 수유부는 섭취에 주의
2) 수술 전후에는 섭취에 주의 
3) 항응고제 복용시 섭취에 주의 
4) 질환자의 경우 섭취 전에 의사와 상담하시기 바람","1) 어린이, 임산부와 수유부는 섭취에 주의 2) 수술 전후에는 섭취에 주의 3) 항응고제 복용시 섭취에 주의 4) 질환자의 경우 섭취 전에 의사와 상담하시기 바람",식품안전나라,430
2010-50,L-카르니틴 타르트레이트,2010-11-05,대상(주)건강사업본부,체지방 감소에 도움을 줄 수 있음 (기타기능 Ⅱ),체지방 감소에 도움을 줄 수 있음 (기타기능 Ⅱ),L-카르니틴으로서 2g,L-카르니틴으로서 2g,-,,식품안전나라,42
2020-1,콘드로이친 황산염,2020-02-27,주영엔에스(주),관절 및 연골건강에 도움을 줄 수 있음,관절 및 연골건강에 도움을 줄 수 있음,신청원료로서 1200mg/일,신청원료로서 1200mg/일,,,식품안전나라,494
2020-4,배초향 추출물 (Agatri®),2020-05-22,코스맥스엔비티(주),,,,,,,식품안전나라,272
2020-12,발효우슬등복합물,2020-07-30,주식회사 현대바이오랜드,관절 건강에 도움,관절 건강에 도움,발효우슬추출복합물로서 1g/일,발효우슬추출복합물로서 1g/일,해당사항없음,해당사항없음,식품안전나라,268
2022-5,저분자콜라겐펩타이드SH,2022-02-03,(주)서흥,피부 보습에 도움을 줄 수 있음,피부 보습에 도움을 줄 수 있음,젤텍저분자콜라겐 (GT Collagen)으로서 2 g/일,젤텍저분자콜라겐 (GT Collagen)으로서 2 g/일,,,식품안전나라,456
2022-23,레몬밤민들레추출복합물(LD100),2022-05-31,(주)한국씨엔에스팜,간기능 개선에 도움을 줄 수 있음.,간기능 개선에 도움을 줄 수 있음.,,,,,식품안전나라,205
2022-24,증숙생강추출분말(GGE03),2022-08-05,(주)에스디생명공학 건강식품사업부문,,,,,,,식품안전나라,462
2023-16,녹용당귀등 복합추출물,2023-07-07,광동제약주식회사,전립선 건강의 유지에 도움을 줄 수 있음,전립선 건강의 유지에 도움을 줄 수 있음,"녹용당귀등 복합추출물로서 500~1,000mg/일","녹용당귀등 복합추출물로서 500~1,000mg/일",특정질환(알레르기 체질 등)이 있는 분은 섭취에 주의할 것. 이상사례 발생 시 섭취를 중단하고 전문가와 상담할 것.,특정질환(알레르기 체질 등)이 있는 분은 섭취에 주의할 것. 이상사례 발생 시 섭취를 중단하고 전문가와 상담할 것.,식품안전나라,156
2023-17,와사비잎추출물(NCWL01),2023-07-07,주식회사뉴트라코어,체지방감소에 도움을 줄 수 있음,체지방감소에 도움을 줄 수 있음,250 mg/일,250 mg/일,"의약품(항응고제, 항혈소판제)을 복용하시는 분은 섭취 전 전문의와 상담할 것","의약품(항응고제, 항혈소판제)을 복용하시는 분은 섭취 전 전문의와 상담할 것",식품안전나라,412
2023-20,새싹보리추출물(Rexcliver®),2023-07-07,주식회사 노바렉스,알콜로 인해 증가된 산화적 스트레스로부터 간을 보호하는데 도움을 줄 수 있음,알콜로 인해 증가된 산화적 스트레스로부터 간을 보호하는데 도움을 줄 수 있음,,,,,식품안전나라,327
2020-13,Bimuno GOS powder,2020-10-28,(주)비티씨,장 내 유익균 증식 및 유해균 억제에 도움을 줄 수 있음.,장 내 유익균 증식 및 유해균 억제에 도움을 줄 수 있음.,3.5~7g,3.5~7g,없음.,없음.,식품안전나라,11
2014-62,감마리놀렌산 함유 유지,2014-12-09,지엠코퍼레이션,면역과민반응에 의한 피부상태 개선에 도움을 줄 수 있음(생리활성기능 2등급),면역과민반응에 의한 피부상태 개선에 도움을 줄 수 있음(생리활성기능 2등급),감마리놀렌산으로서 160 ～ 300 mg/일,감마리놀렌산으로서 160 ～ 300 mg/일,"1) 영 유아, 어린이는 섭취 전 의사와 상담하여야 함","1) 영 유아, 어린이는 섭취 전 의사와 상담하여야 함",식품안전나라,109
2014-53,감마리놀렌산 함유 유지,2014-10-16,아사히고도(주)서울영업소,면역과민반응에 의한 피부상태 개선에 도움을 줄 수 있음(생리활성기능 2등급),면역과민반응에 의한 피부상태 개선에 도움을 줄 수 있음(생리활성기능 2등급),감마리놀렌산으로서 160 ～ 300 mg/일,감마리놀렌산으로서 160 ～ 300 mg/일,"1) 영.유아, 어린이는 섭취 전 의사와 상담하여야 함","1) 영.유아, 어린이는 섭취 전 의사와 상담하여야 함",식품안전나라,109
2013-11,Lactiplantibacillus plantarum CJLP133 프로바이오틱스,2013-05-27,씨제이웰케어(주) 진안공장,,,,,,,식품안전나라,55
2020-14,미숙여주주정추출분말,2021-01-08,콜마비앤에이치(주),식후 혈당상승 억제에 도움을 줄 수 있음,식후 혈당상승 억제에 도움을 줄 수 있음,미숙여주주정추출분말로서 2.4 g/일,미숙여주주정추출분말로서 2.4 g/일,"섭취용량에 따라 어린이, 임산부 및 수유부는 사전에 의사와 상담이 필요","섭취용량에 따라 어린이, 임산부 및 수유부는 사전에 의사와 상담이 필요",식품안전나라,249
2021-3,사군자추출분말,2021-06-16,(주)휴온스엔,전립선 건강에 도움,전립선 건강에 도움,"사군자추출분말로써 1,000~2,000 mg/일","사군자추출분말로써 1,000~2,000 mg/일","1) 임산부 및 수유부, 어린이는 섭취에 주의. 2)사군자에 알레르기를 나타내는 사람은 섭취에 주의","1) 임산부 및 수유부, 어린이는 섭취에 주의. 2)사군자에 알레르기를 나타내는 사람은 섭취에 주의",식품안전나라,313
2022-26,산수유추출물등복합물(리베스틴®),2022-09-05,(주)나인비,체지방 감소에 도움을 줄 수 있음,체지방 감소에 도움을 줄 수 있음,"산수유복합추출물의 일일섭취량은 1,600mg/일","산수유복합추출물의 일일섭취량은 1,600mg/일","영·유아, 어린이, 임산부 및 수유부는 섭취 시 주의바랍니다.특정 질환(알레르기 체질 등)이 있는 분은 섭취에 주의바랍니다.이상사례 발생 시 섭취를 중단하고 전문가와 상담하시기 바랍니다.","영·유아, 어린이, 임산부 및 수유부는 섭취 시 주의바랍니다.특정 질환(알레르기 체질 등)이 있는 분은 섭취에 주의바랍니다.이상사례 발생 시 섭취를 중단하고 전문가와 상담하시기 바랍니다.",식품안전나라,319
2023-18,와사비잎 추출물(NCWL01),2023-07-07,(주) 엔에스쇼핑,체지방 감소에 도움을 줄 수 있음,체지방 감소에 도움을 줄 수 있음,250mg,250mg,"영·유아, 어린이, 임산부 및 수유부는 섭취에 주의할것, 특정질환(알레르기 체질 등)이 있는 분은 섭취에 주의할 것, 이상사례 발생 시 섭취를 중단하고 전문가와 상담할 것, 의약품(항응고제, 항혈소판제)을 복용하시는 분은 섭취 전 전문의와 상담할 것","영·유아, 어린이, 임산부 및 수유부는 섭취에 주의할것, 특정질환(알레르기 체질 등)이 있는 분은 섭취에 주의할 것, 이상사례 발생 시 섭취를 중단하고 전문가와 상담할 것, 의약품(항응고제, 항혈소판제)을 복용하시는 분은 섭취 전 전문의와 상담할 것",식품안전나라,412
2022-25,전호잎추출물,2022-09-06,(주)네츄럴큐어,관절건강에 도움,관절건강에 도움,500mg,500mg,임산부에 대한 특이적인 안전성 관련 정보는 없음.,임산부에 대한 특이적인 안전성 관련 정보는 없음.,식품안전나라,459
2022-27,아쉬아간다 추출물(ShodenⓇ),2022-09-06,코스맥스엔비티(주),,,,,,,식품안전나라,375
2021-1,실크단백질 산가수분해물(Sil-Q1),2021-03-10,월드웨이(주),면역력 증진,면역력 증진,실크단백질 산가수분해물(Sil-Q1)로서 9 g/일,실크단백질 산가수분해물(Sil-Q1)로서 9 g/일,"간, 신장 기능 이상자는 섭취에 주의, 임산부. 어린이는 섭취에 주의(근거: 유사원료인 ‘실크단백질 효소가수분해물’의 건강기능식품 개별인정형 원료의 주의사항)","간, 신장 기능 이상자는 섭취에 주의, 임산부. 어린이는 섭취에 주의(근거: 유사원료인 '실크단백질 효소가수분해물'의 건강기능식품 개별인정형 원료의 주의사항)",식품안전나라,355
2020-2,유단백가수분해물(락티움),2020-02-27,주식회사 노바렉스,수면의 질 개선에 도움,수면의 질 개선에 도움,,,,,식품안전나라,419
2020-5,배초향 추출물 (Agatri®),2020-05-22,코스맥스엔비티 주식회사,자외선에 의한 피부손상으로부터 피부 건강 유지하는데 도움을 줄 수 있음,자외선에 의한 피부손상으로부터 피부 건강 유지하는데 도움을 줄 수 있음,1g/일,1g/일,첨부자료 참고,첨부자료 참고,식품안전나라,272
2020-15,"밀 추출물(Ceratiq, 세라티크)",2021-01-14,주식회사 노바렉스,피부보습에 도움을 줄 수 있음,피부보습에 도움을 줄 수 있음,,,,,식품안전나라,253
2022-29,루테인지아잔틴추출복합물,2022-09-06,안국건강주식회사,노화로 인해 감소될 수 있는 황반색소밀도를 유지하여 눈 건강에 도움을 줄 수 있음,노화로 인해 감소될 수 있는 황반색소밀도를 유지하여 눈 건강에 도움을 줄 수 있음,루테인 지아잔틴 합으로서 12mg/일,루테인 지아잔틴 합으로서 12mg/일,"영.유아, 어린이, 임산부 및 수유보는 섭취에 주의, 과다 섭취 시 일시적으로 피부가 황색으로 변할 수 있음 등","영.유아, 어린이, 임산부 및 수유보는 섭취에 주의, 과다 섭취 시 일시적으로 피부가 황색으로 변할 수 있음 등",식품안전나라,219
2022-31,포도잎추출물(HP-01),2022-11-23,(유)한풍제약,혈소판 응집억제를 통한 혈행개선에 도움을 줌,혈소판 응집억제를 통한 혈행개선에 도움을 줌,1800 mg/일,1800 mg/일,"9. 섭취량, 섭취방법, 섭취시 주의사항 및 그 설정에 관한자료 참조","9. 섭취량, 섭취방법, 섭취시 주의사항 및 그 설정에 관한자료 참조",식품안전나라,529
2022-32,Lactobacillus plantarum TWK10 프로바이오틱스,2022-11-23,코스맥스엔비티(주),,,,,,,식품안전나라,64
2023-21,저분자유청단백가수분해물,2023-07-25,매일유업(주)아산공장,,,,,,,식품안전나라,450
2023-24,저분자 피쉬 콜라겐 펩타이드 (Naticol® BPMG),2023-08-01,코스맥스엔비티(주),,,,,,,식품안전나라,448
2009-16,구아바잎추출물 등 복합물(BENDU381),2009-02-27,주식회사 벤스랩,"과민반응에 의한 코 상태(코 가려움, 재채기, 콧물) 개선에 도움을 줄 수 있음(기타기능II)","과민반응에 의한 코 상태(코 가려움, 재채기, 콧물) 개선에 도움을 줄 수 있음(기타기능II)",구아바잎추출물 등 복합물로서 800mg/일,구아바잎추출물 등 복합물로서 800mg/일,-,,식품안전나라,129
2009-39,Nopal 추출물,2009-04-29,인성제약(주),식후 혈당조절에 도움을 줄 수 있습니다.(기타기능II),식후 혈당조절에 도움을 줄 수 있습니다.(기타기능II),수용성 식이섬유로서 4.3g,수용성 식이섬유로서 4.3g,"1) 어린이, 임산부 및 수유여성은 섭취에 주의","1) 어린이, 임산부 및 수유여성은 섭취에 주의",식품안전나라,78
2010-60,회화나무열매추출물,2012-12-28,씨제이제일제당(주),,,,,,,식품안전나라,597
2018-3,미강주정추출물,2018-03-26,(주)에스앤디,수면에 도움을 줄 수 있음,수면에 도움을 줄 수 있음,쌀겨주정추출물로서 1g/일,쌀겨주정추출물로서 1g/일,"1) 영.유아, 어린이, 임산부 및 수유부는 섭취에 주의
2) 의약품(항히스타민제 또는 중추신경계억제제)과 병용섭취 시 주의","1) 영.유아, 어린이, 임산부 및 수유부는 섭취에 주의 2) 의약품(항히스타민제 또는 중추신경계억제제)과 병용섭취 시 주의",식품안전나라,247
2018-4,루테인지아잔틴복합추출물,2018-04-17,대한켐텍 주식회사,노화로 인해 감소될 수 있는 황반색소밀도를 유지하여 눈 건강에 도움을 줄 수 있음,노화로 인해 감소될 수 있는 황반색소밀도를 유지하여 눈 건강에 도움을 줄 수 있음,루테인과 지아잔틴의 합으로서 10~20 mg/일,루테인과 지아잔틴의 합으로서 10~20 mg/일,"1) 영.유아, 어린이, 임산부 및 수유부는 섭취에 주의
2) 과다 섭취 시 일시적으로 피부가 황색으로 변할 수 있음","1) 영.유아, 어린이, 임산부 및 수유부는 섭취에 주의 2) 과다 섭취 시 일시적으로 피부가 황색으로 변할 수 있음",식품안전나라,215
2018-5,세리포리아 락세라타 균사체 배양물,2018-05-09,주식회사 마이코제닉스,,,,,,,식품안전나라,335
2012-10,홍경천추출물,2012-02-17,(주)한국야쿠르트 평택 프로바이오틱스 플랜트,스트레스로 인한 피로개선에 도움을 줄 수 있음(생리활성기능 2등급),스트레스로 인한 피로개선에 도움을 줄 수 있음(생리활성기능 2등급),홍경천추출물로서 200~600 mg,홍경천추출물로서 200~600 mg,-,,식품안전나라,582
2008-67,"홍삼, 사상자, 산수유 복합추추출물",2008-11-11,(주)한국인삼공사,햇볕 또는 자외선에 의한 피부손상으로부터 피부건강을 유지하는데 도움을 줄 수 있습니다.(기타기능II),햇볕 또는 자외선에 의한 피부손상으로부터 피부건강을 유지하는데 도움을 줄 수 있습니다.(기타기능II),복합추출물로서 3g/일,복합추출물로서 3g/일,"1) 홍삼, 사상자, 산수유에 특이한 이상반응을 나타내는 사람은 섭취에 주의
2) 임산부 및 수유기 여성은 섭취에 주의","1) 홍삼, 사상자, 산수유에 특이한 이상반응을 나타내는 사람은 섭취에 주의 2) 임산부 및 수유기 여성은 섭취에 주의",식품안전나라,587
2022-33,홍삼오일(KGC11o),2022-11-23,(주)한국인삼공사,전립선 건강에 도움을 줄 수 있음,전립선 건강에 도움을 줄 수 있음,"홍삼오일(KGC11o)로서 1,000 mg","홍삼오일(KGC11o)로서 1,000 mg",별첨 9 참조,별첨 9 참조,식품안전나라,589
2009-79,인삼가시오갈피 등 혼합추출물,2009-10-15,(주)뉴메드,“기억력 개선에 도움을 줄 수 있으나 인체시험을 통한 확인이 필요함”(기타기능Ⅲ),"""기억력 개선에 도움을 줄 수 있으나 인체시험을 통한 확인이 필요함""(기타기능Ⅲ)",“인삼가시오갈피 등 혼합추출물”로서 5.2 g/일,"""인삼가시오갈피 등 혼합추출물""로서 5.2 g/일","1) 과량 섭취 시 체질에 따라 소화기 증상이 발생할 수 있으므로 주의하시기 바랍니다.
2) 6세 미만 소아는 섭취 전 의사와 상담하여 주시기 바랍니다.",1) 과량 섭취 시 체질에 따라 소화기 증상이 발생할 수 있으므로 주의하시기 바랍니다. 2) 6세 미만 소아는 섭취 전 의사와 상담하여 주시기 바랍니다.,식품안전나라,437
2010-31,은행잎 추출물,2010-07-01,동우약품(주),1) 성인의 기억력 개선에 도움을 줄 수 있음 (기타기능II) 2) 혈행 개선에 도움을 줄 수 있음 (기타기능II),1) 성인의 기억력 개선에 도움을 줄 수 있음 (기타기능II) 2) 혈행 개선에 도움을 줄 수 있음 (기타기능II),은행잎 추출물로서 120 mg/일,은행잎 추출물로서 120 mg/일,"1) 어린이, 임산부와 수유부는 섭취에 주의하시기 바랍니다.
2) 수술 전후에는 섭취에 주의하시기 바랍니다. 
3) 항응고제 복용시 섭취에 주의하시기 바랍니다. 
4) 질환자의 경우 섭취 전에 의사와 상담하여 주시기 바랍니다.","1) 어린이, 임산부와 수유부는 섭취에 주의하시기 바랍니다. 2) 수술 전후에는 섭취에 주의하시기 바랍니다. 3) 항응고제 복용시 섭취에 주의하시기 바랍니다. 4) 질환자의 경우 섭취 전에 의사와 상담하여 주시기 바랍니다.",식품안전나라,430
2010-32,보리 베타글루칸 추출물(Barley β-glucan Extract),2010-07-08,(주)농심,“혈중 콜레스테롤 개선에 도움을 줄 수 있음” (기타기능II),"""혈중 콜레스테롤 개선에 도움을 줄 수 있음"" (기타기능II)",베타글루칸으로서 3~8 g,베타글루칸으로서 3~8 g,-,,식품안전나라,280
2005-19,Tonalin CLA TG,2005-08-23,상현화학,"“공액리놀레산(Conjugated Linoleic Acid)는 과체중인 성인의 체지방 감소에 도움을 줄 수 있습니다.”

(과체중인 성인을 대상으로 한 인체시험에서 CLA를 섭취한 경우 체지방(fat mass)감소에 도움을 줄 수 있음이 많은 자료에서 확인되었으나 한국인을 대상으로 한 자료가 없었음. 따라서 반드시 ‘---에 도움을 줄 수 있습니다’의 형식으로 표시하여야 함.)","""공액리놀레산(Conjugated Linoleic Acid)는 과체중인 성인의 체지방 감소에 도움을 줄 수 있습니다."" (과체중인 성인을 대상으로 한 인체시험에서 CLA를 섭취한 경우 체지방(fat mass)감소에 도움을 줄 수 있음이 많은 자료에서 확인되었으나 한국인을 대상으로 한 자료가 없었음. 따라서 반드시 '---에 도움을 줄 수 있습니다'의 형식으로 표시하여야 함.)","공액리놀레산(cis-9, trans-11 CLA, trans-10, cis-12 CLA, cis-9, cis-11 CLA 이성체의 합계 량) 으로","공액리놀레산(cis-9, trans-11 CLA, trans-10, cis-12 CLA, cis-9, cis-11 CLA 이성체의 합계 량) 으로","1. 위장장애가 발생할 수 있습니다.
2. 영유아, 임산부는 섭취를 삼가야 해야 합니다.
3. 식사조절, 운동을 병행하는 것이 바람직합니다.","1. 위장장애가 발생할 수 있습니다. 2. 영유아, 임산부는 섭취를 삼가야 해야 합니다. 3. 식사조절, 운동을 병행하는 것이 바람직합니다.",식품안전나라,85
2010-14,밀크씨슬추출물,2010-03-16,주영엔에스(주),“간 건강에 도움을 줄 수 있음” (기타기능II),"""간 건강에 도움을 줄 수 있음"" (기타기능II)",Silymarin으로서 130mg,Silymarin으로서 130mg,"1) 알레르기 반응이 나타나는 경우에는 섭취를 중단하십시오
2) 설사, 위통, 복부팽만 등의 위장관계 장애가 나타나는 경우에는 섭취를 주의 하십시오","1) 알레르기 반응이 나타나는 경우에는 섭취를 중단하십시오 2) 설사, 위통, 복부팽만 등의 위장관계 장애가 나타나는 경우에는 섭취를 주의 하십시오",식품안전나라,259
2023-1,에키네시아추출물,2023-02-15,주식회사 현준에프앤비,면역기능 증진에 도움을 줄 수 있음.,면역기능 증진에 도움을 줄 수 있음.,에키네시아추출물로서 200mg/일,에키네시아추출물로서 200mg/일,임산부 및 수유부는 섭취에 주의한다.,임산부 및 수유부는 섭취에 주의한다.,식품안전나라,388
2022-35,Weissella cibaria JW15 프로바이오틱스,2022-11-24,(주)휴온스엔,면역 기능 증진에 도움을 줄 수 있음,면역 기능 증진에 도움을 줄 수 있음,Weissella cibaria JW15로서 1×E+10 cfu/day 이상,Weissella cibaria JW15로서 1×E+10 cfu/day 이상,,,식품안전나라,91
2019-30,포도블루베리추출혼합분말,2019-12-31,㈜콜마비앤에이치,신청원료 섭취를 통한 단기 및 장기 기억력 강화,신청원료 섭취를 통한 단기 및 장기 기억력 강화,600 mg/일,600 mg/일,없음,없음,식품안전나라,527
2016-17,EPA 및 DHA 함유유지,2016-09-28,파이코일바이오텍코리아(주),기억력 개선에 도움을 줄 수 있음,기억력 개선에 도움을 줄 수 있음,EPA와 DHA의 합으로서 0.9~2g/일,EPA와 DHA의 합으로서 0.9~2g/일,-,,식품안전나라,25
2023-25,저분자 피쉬 콜라겐 펩타이드 (Naticol® BPMG),2023-08-01,(주)트라이콤바이오,"자외선에 의한 피부손상으로부터 피부건강을 유지하는데 도움을 줄 수 있음,  피부 보습에 도움을 줄 수 있음","자외선에 의한 피부손상으로부터 피부건강을 유지하는데 도움을 줄 수 있음, 피부 보습에 도움을 줄 수 있음",1.5 g,1.5 g,,,식품안전나라,448
2022-30,흰목이버섯효소분해추출물(Neu learn),2022-11-24,풀무원건강생활(주),,,,,,,식품안전나라,601
2009-91,밀크씨슬추출물,2009-12-07,씨제이제일제당(주),“간 건강에 도움을 줄 수 있음” (기타기능II),"""간 건강에 도움을 줄 수 있음"" (기타기능II)",Silymarin으로서 130mg,Silymarin으로서 130mg,"1) 알레르기 반응이 나타나는 경우에는 섭취를 중단하십시오
2) 설사, 위통, 복부팽만 등의 위장관계 장애가 나타나는 경우에는 섭취를 주의하십시오","1) 알레르기 반응이 나타나는 경우에는 섭취를 중단하십시오 2) 설사, 위통, 복부팽만 등의 위장관계 장애가 나타나는 경우에는 섭취를 주의하십시오",식품안전나라,259
2010-9,Lutein20%(Parry Xanmax 20%),2010-03-15,(주)리더스팩,“루테인은 노화로 인해 감소될 수 있는 황반색소밀도를 유지시켜 주어 눈건강에 도움을 줍니다.(기타 I등급)”,"""루테인은 노화로 인해 감소될 수 있는 황반색소밀도를 유지시켜 주어 눈건강에 도움을 줍니다.(기타 I등급)""",루테인으로써 10 ~ 20mg,루테인으로써 10 ~ 20mg,"1) 과다 섭취 시 일시적으로 피부가 황색으로 변할 수 있습니다.
2) 임산부는 섭취 전 의사와 상담이 필요합니다.",1) 과다 섭취 시 일시적으로 피부가 황색으로 변할 수 있습니다. 2) 임산부는 섭취 전 의사와 상담이 필요합니다.,식품안전나라,70
2023-26,CaHMB(Calcium β-Hydroxy-β-methylbutyrate),2023-09-14,㈜주피터인터내셔널,운동수행능력 향상에 도움을 줄 수 있음,운동수행능력 향상에 도움을 줄 수 있음,CaHMB로서 3 g/일,CaHMB로서 3 g/일,"① 영·유아, 어린이, 임산부 및 수유부는 섭취 시 주의바랍니다.② 특정 질환(알레르기 체질 등)이 있는 분은 섭취 시 주의바랍니다.③ 이상사례 발생 시 섭취를 중단하고 전문가와 상담하시기 바랍니다.","① 영·유아, 어린이, 임산부 및 수유부는 섭취 시 주의바랍니다.② 특정 질환(알레르기 체질 등)이 있는 분은 섭취 시 주의바랍니다.③ 이상사례 발생 시 섭취를 중단하고 전문가와 상담하시기 바랍니다.",식품안전나라,22
2021-5,B. breve IDCC 4401 열처리배양건조물(BBR®),2021-07-27,일동바이오사이언스(주),,,,,,,식품안전나라,5
2021-9,보스웰리아추출물등 복합물(Flexir),2021-09-03,주식회사 뉴온,관절 및 연골 건강에 도움,관절 및 연골 건강에 도움,보스웰리아추출물등 복합물(Flexir)로서 200~400mg/일,보스웰리아추출물등 복합물(Flexir)로서 200~400mg/일,임산부 및 수유부는 섭취 시 주의한다.,임산부 및 수유부는 섭취 시 주의한다.,식품안전나라,288
2023-28,풋사과추출물 애플페논(Applephenon),2023-09-19,주식회사 밸런스웨이,체지방 감소에 도움을 줄 수 있음,체지방 감소에 도움을 줄 수 있음,신청원료로서 600 mg/일,신청원료로서 600 mg/일,사과는 알레르기 반응과 연관된 식품으로 사과 알레르기 체질이신 분은 섭취 전 성분을 확인하는 것이 바람직 함,사과는 알레르기 반응과 연관된 식품으로 사과 알레르기 체질이신 분은 섭취 전 성분을 확인하는 것이 바람직 함,식품안전나라,539
2022-6,저분자콜라겐펩타이드GT,2022-02-03,(주)젤텍,피부 보습에 도움을 줄 수 있음,피부 보습에 도움을 줄 수 있음,젤텍저분자콜라겐 (GT Collagen)으로서 2 g/일,젤텍저분자콜라겐 (GT Collagen)으로서 2 g/일,○ 천연물 소재의 추출물 복용 시 있을 수 있는 경미한 소화불량이 있을 수 있음○ 특정질환(알레르기 체질 등)이 있는 분은 섭취에 주의,○ 천연물 소재의 추출물 복용 시 있을 수 있는 경미한 소화불량이 있을 수 있음○ 특정질환(알레르기 체질 등)이 있는 분은 섭취에 주의,식품안전나라,454
2023-29,유청단백지질추출물,2023-10-06,(주)홀리스틱바이오,"1, 피부 보습에 도움을 줄 수 있음 2. 자외선에 의한 피부손상으로부터 피부건강을 유지하는데 도움을 줄 수 있음","1, 피부 보습에 도움을 줄 수 있음 2. 자외선에 의한 피부손상으로부터 피부건강을 유지하는데 도움을 줄 수 있음",우유 유래 세라마이드로서 600mg/일,우유 유래 세라마이드로서 600mg/일,"1. 영유아, 어린이, 임산부 및 수유부는 섭취에 주의할 것 2. 특정질환(알레르기 체질 등)이 있는 분은 섭취에 주의할 것 3. 이상사례 발생 시 섭취를 중단하고 전문가와 상담할 것 4. 우유 및 유제품에 대하여 알레르기를 나타내는 사람은 섭취에 주의할 것","1. 영유아, 어린이, 임산부 및 수유부는 섭취에 주의할 것 2. 특정질환(알레르기 체질 등)이 있는 분은 섭취에 주의할 것 3. 이상사례 발생 시 섭취를 중단하고 전문가와 상담할 것 4. 우유 및 유제품에 대하여 알레르기를 나타내는 사람은 섭취에 주의할 것",식품안전나라,428
2021-11,쇠비름들깨혼합추출물,2021-09-29,(주)산엔들,면역력 증진,면역력 증진,쇠비름들깨혼합추출물로서 1.08 g/일,쇠비름들깨혼합추출물로서 1.08 g/일,"① 특이체질, 알레르기 체질의 경우 성분을 확인하시고 섭취하여 주시기 바랍니다. ② 어린이의 경우 섭취 시 목에 걸릴 우려가 있으니 보호자의 지도하에 섭취하십시오.","① 특이체질, 알레르기 체질의 경우 성분을 확인하시고 섭취하여 주시기 바랍니다. ② 어린이의 경우 섭취 시 목에 걸릴 우려가 있으니 보호자의 지도하에 섭취하십시오.",식품안전나라,340
2021-13,쑥부쟁이 추출 분말,2021-09-29,주식회사 휴럼,면역과민반응에 의한 코상태 개선,면역과민반응에 의한 코상태 개선,,,,,식품안전나라,366
2013-1,로즈힙분말,2013-01-10,(주)주안바이오테크,"관절 및 연골 건강에 도움을 줄 수 있음
(생리활성기능 2등급)",관절 및 연골 건강에 도움을 줄 수 있음 (생리활성기능 2등급),로즈힙분말로서 5g/일,로즈힙분말로서 5g/일,"(1) 알레르기 반응을 보이는 사람의 경우 섭취 전 성분 확인 필요함
(2) 임산부, 수유부, 어린이의 섭취는 전문의와 상담 후 섭취를 권장함","(1) 알레르기 반응을 보이는 사람의 경우 섭취 전 성분 확인 필요함 (2) 임산부, 수유부, 어린이의 섭취는 전문의와 상담 후 섭취를 권장함",식품안전나라,211
2012-28,씨폴리놀 감태주정추출물,2012-10-19,(주)헤파톨,식후 혈당 감소에 도움을 줄 수 있음,식후 혈당 감소에 도움을 줄 수 있음,씨폴리놀 감태주정추출물로서  360 mg/일,씨폴리놀 감태주정추출물로서 360 mg/일,"요오드 함량이 높은 식품(해조류, 어패류 등) 섭취 시 주의
갑상선질환 등을 보유하고 있는 사람은 섭취 시 주의
임산부, 수유부 및 12세 이하 어린이는 섭취 시 주의","요오드 함량이 높은 식품(해조류, 어패류 등) 섭취 시 주의 갑상선질환 등을 보유하고 있는 사람은 섭취 시 주의 임산부, 수유부 및 12세 이하 어린이는 섭취 시 주의",식품안전나라,370
2013-12,유비퀴놀(Ubiquinol),2013-06-05,(주)주피터인터내셔널,항산화에 도움을 줄 수 있으나 관련 인체적용시험이 미흡함(생리활성기능 2등급),항산화에 도움을 줄 수 있으나 관련 인체적용시험이 미흡함(생리활성기능 2등급),유비퀴놀(Ubiquinol)로서 90~100mg,유비퀴놀(Ubiquinol)로서 90~100mg,"1) 임산부, 수유부 섭취에 주의","1) 임산부, 수유부 섭취에 주의",식품안전나라,421
2023-31,삼백초추출물(LHF618),2023-10-18,주식회사 위랩,면역과민반응에 의한 코 상태 개선에 도움을 줄 수 있음,면역과민반응에 의한 코 상태 개선에 도움을 줄 수 있음,삼백초추출물(LHF618)로서 450mg/일,삼백초추출물(LHF618)로서 450mg/일,임산부 및 수유부는 섭취에 주의한다.,임산부 및 수유부는 섭취에 주의한다.,식품안전나라,321
2023-30,유청단백지질추출물,2023-10-06,크로다코리아(주),① 피부 보습에 도움을 줄 수 있음 ② 자외선에 의한 피부손상으로부터 피부건강을 유지하는데 도움을 줄 수 있음,① 피부 보습에 도움을 줄 수 있음 ② 자외선에 의한 피부손상으로부터 피부건강을 유지하는데 도움을 줄 수 있음,우유 유래 세라마이드로서 600mg/일,우유 유래 세라마이드로서 600mg/일,"① 영유아, 어린이, 임산부 및 수유부는 섭취에 주의할 것  ② 특정질환(알레르기 체질 등)이 있는 분은 섭취에 주의할 것 ③ 이상사례 발생 시 섭취를 중단하고 전문가와 상담할 것 ④ 우유 및 유제품에 대하여 알레르기를 나타내는 사람은 섭취에 주의할 것","① 영유아, 어린이, 임산부 및 수유부는 섭취에 주의할 것 ② 특정질환(알레르기 체질 등)이 있는 분은 섭취에 주의할 것 ③ 이상사례 발생 시 섭취를 중단하고 전문가와 상담할 것 ④ 우유 및 유제품에 대하여 알레르기를 나타내는 사람은 섭취에 주의할 것",식품안전나라,428
2021-2,복분자 추출물(RE-20),2021-03-11,(주)비엔텍,혈중 콜레스테롤 개선,혈중 콜레스테롤 개선,미숙과복분자 추출물(RE-20)으로서 600mg/day,미숙과복분자 추출물(RE-20)으로서 600mg/day,,,식품안전나라,290
2019-28,L.plantarum IM76과 B.longum IM55복합물(NVP1703),2019-11-13,(주)엔비피헬스케어,"과민반응에 의한 코 상태(콧물, 코막힘 등) 개선에 도움.","과민반응에 의한 코 상태(콧물, 코막힘 등) 개선에 도움.",프로바이오틱스NVP1703으로서 1×10^10 CFU/일,프로바이오틱스NVP1703으로서 1×10^10 CFU/일,임산부 및 수유부는 섭취 시 주의한다.,임산부 및 수유부는 섭취 시 주의한다.,식품안전나라,49
2020-3,작약추출물등복합물(HT074),2020-03-09,(주)뉴메드,위점막을 보호하고 상복부 불쾌감을 개선하여 위 건강에 도움을 줄 수 있음,위점막을 보호하고 상복부 불쾌감을 개선하여 위 건강에 도움을 줄 수 있음,,,,,식품안전나라,445
2020-7,수국잎열수추출물(리세린지®),2020-05-22,코스맥스바이오(주),체지방 감소에 도움을 줄 수 있음,체지방 감소에 도움을 줄 수 있음,수국잎열수추출물(WHS)로서 600 mg/일,수국잎열수추출물(WHS)로서 600 mg/일,해당사항 없음.,해당사항 없음.,식품안전나라,343
2024-9,난각막가수분해물(NEM®),2024-04-19,주식회사 성동,관절 및 연골 건강 개선에 도움을 줄 수 있음,관절 및 연골 건강 개선에 도움을 줄 수 있음,"신청원료로서 500 mg/day, 1일 1회, 1회 1캡슐","신청원료로서 500 mg/day, 1일 1회, 1회 1캡슐","○ 영유아, 임산부, 수유부는 섭취에 주의하시기 바랍니다.○ 계란에 대한 특이체질 및 알레르기가 있는 사람은 섭취에 주의하시기 바랍니다.○ 이상사례 발생 시 섭취를 중단하고 전문가와 상담하시기 바랍니다.○ 질환이 있거나 의약품 복용시 전문가와 상담하시기 바랍니다.","○ 영유아, 임산부, 수유부는 섭취에 주의하시기 바랍니다.○ 계란에 대한 특이체질 및 알레르기가 있는 사람은 섭취에 주의하시기 바랍니다.○ 이상사례 발생 시 섭취를 중단하고 전문가와 상담하시기 바랍니다.○ 질환이 있거나 의약품 복용시 전문가와 상담하시기 바랍니다.",식품안전나라,151
2011-11,L-테아닌,2011-03-08,(주)대덕약업,스트레스로 인한 긴장을 완화시키는데 도움을 줄 수 있음 (기타기능 II),스트레스로 인한 긴장을 완화시키는데 도움을 줄 수 있음 (기타기능 II),L-테아닌 으로서 200～250 mg/일,L-테아닌 으로서 200～250 mg/일,"1) L-테아닌은 카페인과 길항작용이 있으므로 섭취 시 카페인 함유음료(커피, 홍차, 녹차 등) 섭취를 삼가","1) L-테아닌은 카페인과 길항작용이 있으므로 섭취 시 카페인 함유음료(커피, 홍차, 녹차 등) 섭취를 삼가",식품안전나라,43
2024-4,풋사과 농축분말(APPLOZINⓇ),2024-03-11,(주)한국씨엔에스팜,피부 보습에 도움을 줄 수 있음,피부 보습에 도움을 줄 수 있음,풋사과 농축분말로서 1 g/일,풋사과 농축분말로서 1 g/일,"영 유아, 어린이, 임산부 및 수유부는 섭취에 주의할 것. 특정질환(알레르기 체질 등)이 있는 분은 섭취에 주의할 것. 이상사ꃄ 발생 시 섭취를 중단하고 전문가와 상담할 것.","영 유아, 어린이, 임산부 및 수유부는 섭취에 주의할 것. 특정질환(알레르기 체질 등)이 있는 분은 섭취에 주의할 것. 이상사ꃄ 발생 시 섭취를 중단하고 전문가와 상담할 것.",식품안전나라,537
2021-6,풋사과추출물 애플페논(Applephenon),2021-07-27,콜마비앤에이치(주),체지방 감소에 도움을 줄 수 있음,체지방 감소에 도움을 줄 수 있음,신청원료로서 600 mg/일,신청원료로서 600 mg/일,본 원료는 사과 원물 약 250배를 고농축한 원료이기 때문에 사과에 알레르기가 있으신 분은 주의하여 섭취하여야 함,본 원료는 사과 원물 약 250배를 고농축한 원료이기 때문에 사과에 알레르기가 있으신 분은 주의하여 섭취하여야 함,식품안전나라,539
2008-72,대두이소플라본 추출물 분말,2008-12-11,(주)진용,“뼈 건강에 도움을 줄 수 있습니다.” (기타기능 II),"""뼈 건강에 도움을 줄 수 있습니다."" (기타기능 II)",이소플라본 비배당체로서 25~27mg/day,이소플라본 비배당체로서 25~27mg/day,"1) 섭취 대상자는 폐경기 여성임.
2) 임산부와 수유 여성은 섭취를 삼가야 함.
3) 영유아, 어린이는 섭취를 삼가야 함.
4) 대두 이소플라본에 민감한 사람은 섭취를 삼가야 함.
5) 갑상선, 유방암, 자궁내막암, 방광암 환자 등은 섭취를 삼가야 함.","1) 섭취 대상자는 폐경기 여성임. 2) 임산부와 수유 여성은 섭취를 삼가야 함. 3) 영유아, 어린이는 섭취를 삼가야 함. 4) 대두 이소플라본에 민감한 사람은 섭취를 삼가야 함. 5) 갑상선, 유방암, 자궁내막암, 방광암 환자 등은 섭취를 삼가야 함.",식품안전나라,176
2008-74,쏘우팔메토열매추출물(SAW PALMETTO EXTRACT OIL),2008-12-11,휴벨,“쏘팔메토 열매추출물은 전립선 건강의 유지에 도움을 줄 수 있습니다” (기타기능II),"""쏘팔메토 열매추출물은 전립선 건강의 유지에 도움을 줄 수 있습니다"" (기타기능II)",쏘팔메토 열매추출물로서 320mg,쏘팔메토 열매추출물로서 320mg,"1) 병원치료 중인 분, 다른 약물을 복용하는 분, 임산부, 수유여성은 섭취에 주의
2) 식품에 알레르기가 있으신 분은 제품표시사항을 확인하시기 바람","1) 병원치료 중인 분, 다른 약물을 복용하는 분, 임산부, 수유여성은 섭취에 주의 2) 식품에 알레르기가 있으신 분은 제품표시사항을 확인하시기 바람",식품안전나라,359
2008-75,액상 프락토올리고당,2008-12-08,씨제이제일제당(주),건강기능식품공전 II.4.8 프락토올리고당,건강기능식품공전 II.4.8 프락토올리고당,건강기능식품공전 II.4.8 프락토올리고당,건강기능식품공전 II.4.8 프락토올리고당,1) 건강기능식품공전 II.4.8 프락토올리고당,1) 건강기능식품공전 II.4.8 프락토올리고당,식품안전나라,384
,풋사과농축분말(APPLOZIN),2024-03-11,(주)한국씨엔에스팜,자외선에 의한 피부손상으로부터 피부건강 유지에 도움을 줄 수 있음.,자외선에 의한 피부손상으로부터 피부건강 유지에 도움을 줄 수 있음.,풋사과 농축분말로서 1 g/일,풋사과 농축분말로서 1 g/일,"영 유아, 어린이, 임산부 및 수유부는 섭취에 주의할 것. 특정질환(알레르기 체질 등)이 있는 분은 섭취에 주의할 것. 이상사ꃄ 발생 시 섭취를 중단하고 전문가와 상담할 것.","영 유아, 어린이, 임산부 및 수유부는 섭취에 주의할 것. 특정질환(알레르기 체질 등)이 있는 분은 섭취에 주의할 것. 이상사ꃄ 발생 시 섭취를 중단하고 전문가와 상담할 것.",식품안전나라,538
2024-10,목천료추출분말,2024-04-19,(주)지앤피바이오사이언스,① 자외선에 의한 피부손상으로부터 피부건강 유지에 도움을 줄 수 있음. ② 피부보습에 도움을 줄 수 있음.,① 자외선에 의한 피부손상으로부터 피부건강 유지에 도움을 줄 수 있음. ② 피부보습에 도움을 줄 수 있음.,개다래(실버바인)추출분말로서 686 mg/일,개다래(실버바인)추출분말로서 686 mg/일,"① 영·유아, 어린이, 임산부 및 수유부는 섭취 시 주의바랍니다.② 특정 질환(알레르기 체질 등)이 있는 분은 섭취 시 주의바랍니다.③ 이상사례 발생 시 섭취를 중단하고 전문가와 상담하시기 바랍니다.","① 영·유아, 어린이, 임산부 및 수유부는 섭취 시 주의바랍니다.② 특정 질환(알레르기 체질 등)이 있는 분은 섭취 시 주의바랍니다.③ 이상사례 발생 시 섭취를 중단하고 전문가와 상담하시기 바랍니다.",식품안전나라,242
2008-79,쏘팔메토 열매 추출물 등 복합물,2008-12-16,한국암웨이(주),“전립선 건강의 유지에 도움을 줄 수 있습니다” (기타기능 II),"""전립선 건강의 유지에 도움을 줄 수 있습니다"" (기타기능 II)",복합물로서 (쏘팔메토 추출물로서 320 mg   및 네틀 추출물로서 240 mg),복합물로서 (쏘팔메토 추출물로서 320 mg 및 네틀 추출물로서 240 mg),"1) 메스꺼움이나 설사 등 소화계통의 불편함을 유발할 수 있음
2) 어린이, 임산부, 수유기 여성은 섭취에 주의할 것","1) 메스꺼움이나 설사 등 소화계통의 불편함을 유발할 수 있음 2) 어린이, 임산부, 수유기 여성은 섭취에 주의할 것",식품안전나라,364
2008-81,로즈힙 분말,2008-12-30,(주)디에스엠뉴트리션코리아,"""로즈힙분말은 관절 및 연골건강에 도움을 줄 수 있습니다.”","""로즈힙분말은 관절 및 연골건강에 도움을 줄 수 있습니다.""",로즈힙분말로서 5g,로즈힙분말로서 5g,-,,식품안전나라,211
2009-57,가르시니아 캄보지아 추출물,2009-06-05,(주)동원에프앤비,"“탄수화물에서 지방으로의 합성을 억제하여 체지방 감소에 도움을 줍니다"" (기타기능 I)","""탄수화물에서 지방으로의 합성을 억제하여 체지방 감소에 도움을 줍니다"" (기타기능 I)","총 (-)-HCA로서 750~2,800mg/day","총 (-)-HCA로서 750~2,800mg/day",1) 임산부와 수유기 여성은 섭취를 피하는 것이 좋습니다.,1) 임산부와 수유기 여성은 섭취를 피하는 것이 좋습니다.,식품안전나라,101
2009-59,쏘팔메토 열매 추출물,2009-06-05,주영엔에스(주),“전립선 건강의 유지에 도움을 줄 수 있습니다” (기타기능 II),"""전립선 건강의 유지에 도움을 줄 수 있습니다"" (기타기능 II)",팔메토 열매추출물로서 320mg,팔메토 열매추출물로서 320mg,"1) 임산부, 수유여성은 섭취에 주의하시기 바랍니다.
2) 메스꺼움이나 설사 등 소화계통의 불편함을 유발할 수 있음","1) 임산부, 수유여성은 섭취에 주의하시기 바랍니다. 2) 메스꺼움이나 설사 등 소화계통의 불편함을 유발할 수 있음",식품안전나라,363
2014-18,감마리놀렌산 함유 유지,2014-05-14,(주)자연의힘,월경 전 변화에 의한 불편한 상태 개선에 도움을 줄 수 있음(생리활성기능 2등급),월경 전 변화에 의한 불편한 상태 개선에 도움을 줄 수 있음(생리활성기능 2등급),감마리놀렌산으로서 210 ～ 300 mg/일,감마리놀렌산으로서 210 ～ 300 mg/일,,,식품안전나라,109
2024-11,목천료추출분말,2024-04-19,이연제약(주),① 자외선에 의한 피부손상으로부터 피부건강 유지에 도움을 줄 수 있음 ② 피부보습에 도움을 줄 수 있음,① 자외선에 의한 피부손상으로부터 피부건강 유지에 도움을 줄 수 있음 ② 피부보습에 도움을 줄 수 있음,개다래(실버바인)추출분말로서 686 mg/일,개다래(실버바인)추출분말로서 686 mg/일,"① 영·유아, 어린이, 임산부 및 수유부는 섭취 시 주의바랍니다. ② 특정 질환(알레르기 체질 등)이 있는 분은 섭취 시 주의바랍니다. ③ 이상사례 발생 시 섭취를 중단하고 전문가와 상담하시기 바랍니다.","① 영·유아, 어린이, 임산부 및 수유부는 섭취 시 주의바랍니다. ② 특정 질환(알레르기 체질 등)이 있는 분은 섭취 시 주의바랍니다. ③ 이상사례 발생 시 섭취를 중단하고 전문가와 상담하시기 바랍니다.",식품안전나라,242
2024-5,Lactiplantibacillus plantarum PBS067 등 프로바이오틱스 복합물(PBS),2024-03-11,(주)씨에이치랩스,피부보습에 도움을 줄 수 있음/ 자외선에 의한 피부손상으로부터 피부건강을 유지하는데 도움을 줄 수 있음,피부보습에 도움을 줄 수 있음/ 자외선에 의한 피부손상으로부터 피부건강을 유지하는데 도움을 줄 수 있음,100억 CFU/일,100억 CFU/일,"특정질환(알레르기 체질, 단장증후군 등)이 있는 분은 섭취에 주의할 것","특정질환(알레르기 체질, 단장증후군 등)이 있는 분은 섭취에 주의할 것",식품안전나라,59
2013-16,동충하초 주정추출물,2013-07-03,동아제약(주)달성공장,"면역기능 증진에 도움을 줄 수 있음
   (생리활성기능 2등급)",면역기능 증진에 도움을 줄 수 있음 (생리활성기능 2등급),동충하초 주정추출물로서 1.5 g/일,동충하초 주정추출물로서 1.5 g/일,-,,식품안전나라,192
2015-1,프로바이오틱스 HY7714,2015-01-05,(주)에치와이 평택공장,피부 보습에 도움을 줄 수 있음(생리활성기능 2등급) 자외선에 의한 피부손상으로부터 피부 건강 유지에 도움을 줄 수 있음(생리활성기능 2등급),피부 보습에 도움을 줄 수 있음(생리활성기능 2등급) 자외선에 의한 피부손상으로부터 피부 건강 유지에 도움을 줄 수 있음(생리활성기능 2등급),1×10^10 CFU/일,1×10^10 CFU/일,1) 알레르기 체질이거나 특정질환이 있는 분은 섭취전 의사와 상담,1) 알레르기 체질이거나 특정질환이 있는 분은 섭취전 의사와 상담,식품안전나라,543
2014-13,계피추출분말,2014-04-24,성원에프아이,혈당조절에 도움을 줄 수 있으나 관련 인체적용시험이 미흡함(생리활성기능 3등급),혈당조절에 도움을 줄 수 있으나 관련 인체적용시험이 미흡함(생리활성기능 3등급),신청원료로서 336 mg/일,신청원료로서 336 mg/일,"1) 임산부 및 수유부는 섭취에 주의
2) 계피에 알레르기를 가진 사람은 섭취 주의",1) 임산부 및 수유부는 섭취에 주의 2) 계피에 알레르기를 가진 사람은 섭취 주의,식품안전나라,114
2009-18,다래추출물,2009-03-17,(주)헬릭스미스,면역 과민반응 개선에 도움을 줄 수 있음(기타기능II),면역 과민반응 개선에 도움을 줄 수 있음(기타기능II),다래추출물로서 2g,다래추출물로서 2g,1) 임산부 및 수유기 여성은 섭취 전 의사와 상담하여야 함,1) 임산부 및 수유기 여성은 섭취 전 의사와 상담하여야 함,식품안전나라,161
2019-15,호로파종자추출물(TestofenⓇ),2019-07-05,주식회사 비티씨 오송공장,서류 제출 예정.,서류 제출 예정.,,,,,식품안전나라,578
2022-45,Bacillus coagulans Unique IS-2 프로바이오틱스,2022-12-19,(주)제이와이글로벌푸드,배변활동 원활에 도움을 줄 수 있음,배변활동 원활에 도움을 줄 수 있음,Bacillus coagulans Unique IS-2  생균으로써 20억 CFU이상,Bacillus coagulans Unique IS-2 생균으로써 20억 CFU이상,,,식품안전나라,9
2014-23,보스웰리아 추출물(Boswellia serrata R. extract),2014-06-04,(주)프롬바이오,"관절 및 연골건강에 도움을 줄 수 있음
(생리활성기능 2등급)",관절 및 연골건강에 도움을 줄 수 있음 (생리활성기능 2등급),보스웰리아 추출물로서 1000 mg/일,보스웰리아 추출물로서 1000 mg/일,1) 임산부 및 수유부는 섭취에 주의,1) 임산부 및 수유부는 섭취에 주의,식품안전나라,283
2024-6,백편두추출분말(NOVAponinⓇ),2024-03-11,주식회사 노바웰스,,,,,,,식품안전나라,275
2023-4,CJ저분자콜라겐펩타이드,2023-02-15,씨제이웰케어,① 피부보습에 도움을 줄 수 있음 ② 자외선에 의한 피부손상으로부터 피부건강을 유지하는데 도움을 줄 수 있음,① 피부보습에 도움을 줄 수 있음 ② 자외선에 의한 피부손상으로부터 피부건강을 유지하는데 도움을 줄 수 있음,CJ저분자콜라겐펩타이드로서 2.0g/일,CJ저분자콜라겐펩타이드로서 2.0g/일,,,식품안전나라,15
2021-10,인삼,2021-09-03,(재)금산국제인삼약초연구소,.,,,,,,식품안전나라,435
2012-35,유단백가수분해물(락티움),2012-12-27,대상주식회사,스트레스로 인한 긴장 완화에 도움을 줄 수 있음(생리활성기능 2등급),스트레스로 인한 긴장 완화에 도움을 줄 수 있음(생리활성기능 2등급),유단백가수분해물(락티움)로서 150 mg/일,유단백가수분해물(락티움)로서 150 mg/일,"1) 임산부, 수유여성 및 어린이는 섭취에 주의
2) 우유 및 유제품에 대하여 알레르기를 나타내는 사람은 섭취에 주의","1) 임산부, 수유여성 및 어린이는 섭취에 주의 2) 우유 및 유제품에 대하여 알레르기를 나타내는 사람은 섭취에 주의",식품안전나라,419
2014-32,식물스타놀 에스테르,2014-07-17,기문물산(주),높은 혈중 콜레스테롤 수치 개선에 도움을 줄 수 있음(생리활성기능 2등급),높은 혈중 콜레스테롤 수치 개선에 도움을 줄 수 있음(생리활성기능 2등급),식물스타놀 에스테르 로서 2.5~3.4 g/일,식물스타놀 에스테르 로서 2.5~3.4 g/일,1) 식물스타놀 에스테르는 지용성 비타민의 흡수를 저해할 수 있습니다.,1) 식물스타놀 에스테르는 지용성 비타민의 흡수를 저해할 수 있습니다.,식품안전나라,351
2011-28,가시오갈피 등 복합추출물,2011-10-13,(주)뉴메드,관절 건강에 도움을 줄 수 있음(기타기능 II),관절 건강에 도움을 줄 수 있음(기타기능 II),가시오갈피 등 복합추출물로서 1.5g/일,가시오갈피 등 복합추출물로서 1.5g/일,-,,식품안전나라,104
2024-22,나한과박추출분말(DKB131),2024-10-14,동국제약(주),관절 및 연골건강에 도움을 줄 수 있음,관절 및 연골건강에 도움을 줄 수 있음,나한과추출분말로서 1.5 g/일,나한과추출분말로서 1.5 g/일,"영유아, 어린이, 임산부 및 수유부는 섭취에 주의한다.","영유아, 어린이, 임산부 및 수유부는 섭취에 주의한다.",식품안전나라,150
2024-23,배초향·고지베리·무화과복합추출물,2024-10-14,코스맥스엔비티(주),,,,,,,식품안전나라,271
2024-7,흑차추출물,2024-03-11,(주)아모레퍼시픽,혈중 중성지방 개선에 도움을 줄 수 있음,혈중 중성지방 개선에 도움을 줄 수 있음,흑차추출물로서 1 g/일,흑차추출물로서 1 g/일,"○ 영·유아, 어린이, 임산부 및 수유부는 섭취에 주의할 것○ 특정질환(알레르기 체질 등)이 있는 분은 섭취에 주의할 것○ 이상사례 발생 시 섭취를 중단하고 전문가와 상담할 것 ○ 카페인이 함유되어 있어 초조감 불면 등을 나타낼 수 있음○ 카페인을 함유한 식품의 섭취에 주의할 것○ 식사 후 섭취할 것","○ 영·유아, 어린이, 임산부 및 수유부는 섭취에 주의할 것○ 특정질환(알레르기 체질 등)이 있는 분은 섭취에 주의할 것○ 이상사례 발생 시 섭취를 중단하고 전문가와 상담할 것 ○ 카페인이 함유되어 있어 초조감 불면 등을 나타낼 수 있음○ 카페인을 함유한 식품의 섭취에 주의할 것○ 식사 후 섭취할 것",식품안전나라,599
2024-12,타마린드강황주정추출복합물(TamaFlexⓇ),2024-04-19,콜마비앤에이치(주),관절 및 연골건강에 도움을 줄 수 있음,관절 및 연골건강에 도움을 줄 수 있음,250mg/day,250mg/day,"① 영유아, 어린이, 임산부 및 수유부는 섭취에 주의할 것, ② 특정질환(알레르기 체질 등)이 있는 분은 섭취에 주의할 것, ③ 이상사례 발생 시 섭취를 중단하고 전문가와 상담할 것","① 영유아, 어린이, 임산부 및 수유부는 섭취에 주의할 것, ② 특정질환(알레르기 체질 등)이 있는 분은 섭취에 주의할 것, ③ 이상사례 발생 시 섭취를 중단하고 전문가와 상담할 것",식품안전나라,510
2019-11,오가피열매50%주정추출물건조엑스,2019-07-05,대화제약(주),혈압조절에 도움을 줌,혈압조절에 도움을 줌,신청원료로서 2.0g,신청원료로서 2.0g,"영⋅유아, 임산부, 수유부 및 알레르기 체질이거나 특정질환이 있는 사람은 섭취에 주의함 (판매되고 있는 오가피 함유 추출물 제품의 주의사항을 토대로 설정함)","영⋅유아, 임산부, 수유부 및 알레르기 체질이거나 특정질환이 있는 사람은 섭취에 주의함 (판매되고 있는 오가피 함유 추출물 제품의 주의사항을 토대로 설정함)",식품안전나라,398
2022-9,블랙라즈베리 추출물,2022-02-08,한국식품산업클러스터진흥원,혈압개선에 도움,혈압개선에 도움,,,,,식품안전나라,294
2021-16,꾸지뽕잎추출물,2021-11-04,(주)에치와이,위 불편감 개선에 도움을 줄 수 있음,위 불편감 개선에 도움을 줄 수 있음,꾸지뽕잎추출물로서 100mg/일,꾸지뽕잎추출물로서 100mg/일,임산부와 수유부는 섭취에 주의한다,임산부와 수유부는 섭취에 주의한다,식품안전나라,145
2023-5,강황추출물,2023-03-27,(주)아리바이오,근력개선에 도움을 줄 수 있음,근력개선에 도움을 줄 수 있음,"지표성분으로써 100mg/ 일, 신청원료로써 250mh/일","지표성분으로써 100mg/ 일, 신청원료로써 250mh/일","∎ 영유아, 임산부, 수유부 및 특정질환(담낭질환, 출혈질환)이 있는 분은 섭취에 주의하시기 바랍니다.∎ 강황에 대한 특이체질 및 알러지 체질의 경우 성분을 확인하고 섭취하시기 바랍니다.∎ 제안된 섭취량 이상 섭취시 소화불량, 위장장애, 메스꺼움, 위산 역류 등이 있을 수 있습니다.⇒ 신청원료의 인체적용시험 대상자에 영유아, 임산부, 수유부 및 특정질환자 등은 포함되지 않았으므로, 섭취 시 주의사항으로 설정⇒ 강황뿌리줄기에 대한 독성학적 보고나 이상 반응은 보고되지 않았으나 강황은 항응고작용과 담즙분비를 촉진작용을 하여 섭취시 주의사항으로 설정","∎ 영유아, 임산부, 수유부 및 특정질환(담낭질환, 출혈질환)이 있는 분은 섭취에 주의하시기 바랍니다.∎ 강황에 대한 특이체질 및 알러지 체질의 경우 성분을 확인하고 섭취하시기 바랍니다.∎ 제안된 섭취량 이상 섭취시 소화불량, 위장장애, 메스꺼움, 위산 역류 등이 있을 수 있습니다.⇒ 신청원료의 인체적용시험 대상자에 영유아, 임산부, 수유부 및 특정질환자 등은 포함되지 않았으므로, 섭취 시 주의사항으로 설정⇒ 강황뿌리줄기에 대한 독성학적 보고나 이상 반응은 보고되지 않았으나 강황은 항응고작용과 담즙분비를 촉진작용을 하여 섭취시 주의사항으로 설정",식품안전나라,113
2021-22,굴가수분해물,2021-12-30,경상대학교 산학협력단,.,,,,,,식품안전나라,131
2022-3,천심련 추출물 (ParActin®),2022-02-03,광동헬스바이오(주),관절건강에 도움을 줄 수 있음,관절건강에 도움을 줄 수 있음,300 mg,300 mg,"○영유아, 어린이, 임산부 및 수유부는 섭취를 금함. ○ 특정질환(알레르기 체질 등)이 있는 분은 원료를 확인한 후 섭취할 것","○영유아, 어린이, 임산부 및 수유부는 섭취를 금함. ○ 특정질환(알레르기 체질 등)이 있는 분은 원료를 확인한 후 섭취할 것",식품안전나라,481
2022-15,유산균복합물(AB-LIFE®),2022-02-25,오펠라헬스케어코리아 주식회사,혈중 콜레스테롤 개선에 도움을 줄 수 있음,혈중 콜레스테롤 개선에 도움을 줄 수 있음,"1,200,000,000 CFU / day","1,200,000,000 CFU / day",산성도가 낮은 음료나 뜨거운 물과 함께 복용하는 것을 피하는 것이 좋습니다. 임신·수유부는 제품 섭취전 의사와 상담하십시오,산성도가 낮은 음료나 뜨거운 물과 함께 복용하는 것을 피하는 것이 좋습니다. 임신·수유부는 제품 섭취전 의사와 상담하십시오,식품안전나라,427
2023-12,맥아구절초추출복합물,2023-05-10,동국제약(주),월경 전 변화에 의한 불편한 상태 개선에 도움을 줄 수 있음,월경 전 변화에 의한 불편한 상태 개선에 도움을 줄 수 있음,맥아구절초추출물로서 500 mg/일,맥아구절초추출물로서 500 mg/일,임신 중에는 사용하지 말 것,임신 중에는 사용하지 말 것,식품안전나라,239
2022-19,L-글루탐산발효 가바분말,2022-04-18,(주)아모레퍼시픽,수면의 질 개선에 도움을 줄 수 있음,수면의 질 개선에 도움을 줄 수 있음,발효 가바 분말로서 375 mg/일(GABA로서 75 mg/일),발효 가바 분말로서 375 mg/일(GABA로서 75 mg/일),"○ 영유아, 어린이, 임산부 및 수유부는 섭취에 주의○ 특정질환(알레르기 체질 등)이 있는 분은 섭취에 주의○ 의약품(혈압약, 항우울제 등) 복용 시 섭취에 주의할 것 ○ 이상사례 발생 시 섭취를 중단하고 전문가와 상담할 것","○ 영유아, 어린이, 임산부 및 수유부는 섭취에 주의○ 특정질환(알레르기 체질 등)이 있는 분은 섭취에 주의○ 의약품(혈압약, 항우울제 등) 복용 시 섭취에 주의할 것 ○ 이상사례 발생 시 섭취를 중단하고 전문가와 상담할 것",식품안전나라,40
2022-28,루바브뿌리추출물,2022-09-06,(주)오나트라,갱년기 여성 건강에 도움을 줄 수 있음.,갱년기 여성 건강에 도움을 줄 수 있음.,루바브뿌리로써 4mg/일,루바브뿌리로써 4mg/일,"영.유아, 어린이, 임산부 및 수유부는 섭취에 주의 바람. 에스트로겐 호르몬에 민감한 사람은 섭취에 주의 바람. 특정 질환(알레르기 체질 등)이 있는 사람은 섭취에 주의 바람. 이상사례 발생 시 섭취를 중단하고 전문가와 상담할 것. 천연물 소재 추출물 복용 시 발생할 수 있는 경미한 소화불량이 있을 수 있음.","영.유아, 어린이, 임산부 및 수유부는 섭취에 주의 바람. 에스트로겐 호르몬에 민감한 사람은 섭취에 주의 바람. 특정 질환(알레르기 체질 등)이 있는 사람은 섭취에 주의 바람. 이상사례 발생 시 섭취를 중단하고 전문가와 상담할 것. 천연물 소재 추출물 복용 시 발생할 수 있는 경미한 소화불량이 있을 수 있음.",식품안전나라,212
2022-36,해국추출물,2022-11-24,주식회사 노바웰스,체지방 감소에 도움을 줄 수 있음,체지방 감소에 도움을 줄 수 있음,해국추출물로써 700mg/일,해국추출물로써 700mg/일,신청서 참조,신청서 참조,식품안전나라,565
2024-16,기장밀추출복합물(KeranatTM),2024-05-23,주식회사 노바렉스,모발의 건강 상태 유지에 도움을 줄 수 있음,모발의 건강 상태 유지에 도움을 줄 수 있음,300 mg,300 mg,"영유아, 어린이, 임산부 및 수유부는 섭취에 주의할 것 / 특정질환(알레르지 체질 등)이 있는 분은 섭취에 주의할 것 / 이상사례 발생 시 섭취를 중단하고 전문가와 상담할 것","영유아, 어린이, 임산부 및 수유부는 섭취에 주의할 것 / 특정질환(알레르지 체질 등)이 있는 분은 섭취에 주의할 것 / 이상사례 발생 시 섭취를 중단하고 전문가와 상담할 것",식품안전나라,141
2023-19,L. plantarum LC27과 B. longum LC67의 프로바이오틱스 복합물(NVP-1702),2023-07-07,주식회사 엔비피헬스케어,알콜성 간 손상으로부터 간 건강에 도움을 줄 수 있음,알콜성 간 손상으로부터 간 건강에 도움을 줄 수 있음,신청원료 “프로바이오틱스 NVP-1702”로서 1.0×10^10 CFU/일,"신청원료 ""프로바이오틱스 NVP-1702""로서 1.0×10^10 CFU/일","영·유아, 어린이, 임산부 및 수유부는 섭취 시 주의할 것.","영·유아, 어린이, 임산부 및 수유부는 섭취 시 주의할 것.",식품안전나라,47
2025-1,프로바이오틱스(Lactiplantibacillus plantarum KC3)·익모초추출복합물(CKDB-315),2025-02-10,(주)종근당바이오,호흡기(기관∙기관지) 건강에 도움을 줄 수 있음,호흡기(기관∙기관지) 건강에 도움을 줄 수 있음,980 mg/일,980 mg/일,"(가) 질환이 있거나 의약품 복용 시 전문가와 상담할 것, (나) 특정 질환(단장 증후군, 알레르기 체질 등)이 있는 분은 섭취에 주의할 것, (다) 어린이가 함부로 섭취하지 않도록 일일섭취량 방법을 지도할 것, (라) 이상사례 발생 시 섭취를 중단하고 전문가와 상담할 것, (마) 영·유아, 어린이, 임산부 및 수유부는 섭취를 피할 것","(가) 질환이 있거나 의약품 복용 시 전문가와 상담할 것, (나) 특정 질환(단장 증후군, 알레르기 체질 등)이 있는 분은 섭취에 주의할 것, (다) 어린이가 함부로 섭취하지 않도록 일일섭취량 방법을 지도할 것, (라) 이상사례 발생 시 섭취를 중단하고 전문가와 상담할 것, (마) 영·유아, 어린이, 임산부 및 수유부는 섭취를 피할 것",식품안전나라,545
2023-32,당조고추건조분말,2023-10-18,한국식품산업클러스터진흥원,식후 혈당 사승 억제에 도움을 줄 수 있음,식후 혈당 사승 억제에 도움을 줄 수 있음,7g,7g,"영유아, 어린이, 임산부 및 수유부는 섭취에 주의할 것, 특정질환(알레르기 체질 등)이 있는 분은 섭취에 주의할 것, 이상사례 발생 시 섭취를 중단하고 전문가와 상담할 것","영유아, 어린이, 임산부 및 수유부는 섭취에 주의할 것, 특정질환(알레르기 체질 등)이 있는 분은 섭취에 주의할 것, 이상사례 발생 시 섭취를 중단하고 전문가와 상담할 것",식품안전나라,170
2008-46,L-테아닌,2008-09-09,(주)엘지생활건강,“스트레스로 인한 긴장을 완화시키는데 도움을 줄 수 있음” (기타기능 II),"""스트레스로 인한 긴장을 완화시키는데 도움을 줄 수 있음"" (기타기능 II)",L-테아닌 으로서 200~250mg/일,L-테아닌 으로서 200~250mg/일,"1) L-테아닌은 카페인과 길항작용이 있으므로 섭취 시 카페인 함유음료(커피, 홍차, 녹차 등)의 섭취를 삼가시기 바랍니다.
2) 임산부, 수유부 및 어린이, 기타 질병을 가지고 있는 사람은 섭취 전 의사와 상담하시기 바랍니다.
3) 수술 전 후에는 섭취에 주의하시기 바랍니다.
4) 과량 섭취 시 위장장애, 어지러움 등의 증상이 나타날 수 있습니다.","1) L-테아닌은 카페인과 길항작용이 있으므로 섭취 시 카페인 함유음료(커피, 홍차, 녹차 등)의 섭취를 삼가시기 바랍니다. 2) 임산부, 수유부 및 어린이, 기타 질병을 가지고 있는 사람은 섭취 전 의사와 상담하시기 바랍니다. 3) 수술 전 후에는 섭취에 주의하시기 바랍니다. 4) 과량 섭취 시 위장장애, 어지러움 등의 증상이 나타날 수 있습니다.",식품안전나라,43
2008-62,TEAVIGO (고순도 녹차 EGCG 90%),2008-10-13,(주)디에스엠뉴트리션코리아,항산화 작용,항산화 작용,EGCG로서 300~330mg,EGCG로서 300~330mg,"1) 임산부, 수유기 여성 및 어린이는 섭취에 주의하여야 함","1) 임산부, 수유기 여성 및 어린이는 섭취에 주의하여야 함",식품안전나라,83
2009-1,L-글루타민산 유래 GABA 함유 분말,2009-01-28,롯데쇼핑주식회사,“혈압이 높은 사람에게 도움을 줄 수 있습니다. (기타기능Ⅱ)”,"""혈압이 높은 사람에게 도움을 줄 수 있습니다. (기타기능Ⅱ)""",GABA로서 20mg/일,GABA로서 20mg/일,"1) 임산부와 수유기 여성, 어린이는 섭취에 주의","1) 임산부와 수유기 여성, 어린이는 섭취에 주의",식품안전나라,39
2009-7,Tonalin CLA FFA,2009-01-29,코그니스코리아(주),"“과체중인 성인의 체지방 감소에 도움을 줄 수 있습니다."" (기타기능 II)","""과체중인 성인의 체지방 감소에 도움을 줄 수 있습니다."" (기타기능 II)",공액리놀레산으로서 1.7~4.0 g/day,공액리놀레산으로서 1.7~4.0 g/day,"1) 위장장애가 발생할 수 있습니다.
2) 영유아, 임산부는 섭취를 삼가야 해야 합니다.
3) 식사조절, 운동을 병행하는 것이 바람직합니다.","1) 위장장애가 발생할 수 있습니다. 2) 영유아, 임산부는 섭취를 삼가야 해야 합니다. 3) 식사조절, 운동을 병행하는 것이 바람직합니다.",식품안전나라,84
2010-59,지초추출물,2010-12-16,(주)뉴트렉스테크놀러지,피부보습에 도움을 줄 수 있음(기타기능Ⅱ),피부보습에 도움을 줄 수 있음(기타기능Ⅱ),지초추출물로서 2200 mg/일,지초추출물로서 2200 mg/일,-,,식품안전나라,466
2007-20,Dimethylsulfone(MSM),2007-12-06,희망상회,관절 건강에 도움을 줄 수 있음(기타기능II),관절 건강에 도움을 줄 수 있음(기타기능II),메틸설포닐메탄(Methylsulfonylmethane; MSM) 으로서 1500～2000mg/일,메틸설포닐메탄(Methylsulfonylmethane; MSM) 으로서 1500～2000mg/일,-,,식품안전나라,24
2024-14,파비플로라생강뿌리추출물,2024-05-23,대한켐텍 주식회사,체지방 감소에 도움을 줄 수 있음,체지방 감소에 도움을 줄 수 있음,신청원료 “파비플로라추출물”로서 100 mg/일,"신청원료 ""파비플로라추출물""로서 100 mg/일","영·유아, 어린이, 임산부 및 수유부는 섭취 시 주의할 것","영·유아, 어린이, 임산부 및 수유부는 섭취 시 주의할 것",식품안전나라,520
2024-15,보스웰리아추출물,2024-05-23,대한켐텍 주식회사,관절 및 연골 건강에 도움을 줄 수 있음,관절 및 연골 건강에 도움을 줄 수 있음,신청원료 “보스웰리아추출물(BOSMAX)”로서 500 mg/일,"신청원료 ""보스웰리아추출물(BOSMAX)""로서 500 mg/일","영·유아, 어린이, 임산부 및 수유부는 섭취 시 주의할 것","영·유아, 어린이, 임산부 및 수유부는 섭취 시 주의할 것",식품안전나라,284
2010-61,녹차추출물,2010-12-16,(주)더써머스,체지방 감소에 도움을 줄 수 있음(기타기능 II),체지방 감소에 도움을 줄 수 있음(기타기능 II),카테킨으로서 0.3～0.5 g/일,카테킨으로서 0.3～0.5 g/일,"카페인이 함유되어 있어 초조감, 불면 등을 나타낼 수 있음","카페인이 함유되어 있어 초조감, 불면 등을 나타낼 수 있음",식품안전나라,159
2013-21,키토산,2013-07-10,(주)유유제약,"체지방 감소에 도움을 줄 수 있음
 (생리활성기능 2등급)",체지방 감소에 도움을 줄 수 있음 (생리활성기능 2등급),3.0 ∼ 4.5 g/일,3.0 ∼ 4.5 g/일,1) 알레르기가 있는 사람은 섭취 시 주의,1) 알레르기가 있는 사람은 섭취 시 주의,식품안전나라,506
2013-33,잔나비걸상버섯균사체,2013-11-22,동일티엔디(주),"혈당 조절에 도움을 줄 수 있음
 (생리활성기능 2등급)",혈당 조절에 도움을 줄 수 있음 (생리활성기능 2등급),"1,500 mg/일","1,500 mg/일",,,식품안전나라,446
2024-18,팔밋올레산 함유 명태(알래스카폴락)유래 정제어유,2024-06-28,(주)바이텍 익산지점,피부 보습에 도움을 줄 수 있음/자외선에 의한 피부손상으로부터 피부건강을 유지해 줌,피부 보습에 도움을 줄 수 있음/자외선에 의한 피부손상으로부터 피부건강을 유지해 줌,팔밋올레산 함유 알래스카폴락 정제어유(7-MEGATM) 1g/day,팔밋올레산 함유 알래스카폴락 정제어유(7-MEGATM) 1g/day,"○ 영·유아, 어린이, 임산부 및 수유부는 섭취에 주의할 것○ 신청원료와 같은 정제어유에 과민반응이 있는 분은 섭취에 주의할 것○ 이상사례 발생 시 섭취를 중단하고 전문가와 상담할 것","○ 영·유아, 어린이, 임산부 및 수유부는 섭취에 주의할 것○ 신청원료와 같은 정제어유에 과민반응이 있는 분은 섭취에 주의할 것○ 이상사례 발생 시 섭취를 중단하고 전문가와 상담할 것",식품안전나라,524
2024-20,홍삼,2024-08-26,(주)한국인삼공사,혈당 조절에 도움을 줄 수 있음,혈당 조절에 도움을 줄 수 있음,"진세노사이드 Rg1, Rb1 및 Rg3의 합계로서 22~80mg","진세노사이드 Rg1, Rb1 및 Rg3의 합계로서 22~80mg",,,식품안전나라,586
2014-36,오메가-3 지방산 함유 유지,2014-08-11,(주)빅솔반월공장,"기억력 개선에 도움을 줄 수 있음
 (생리활성기능 2등급)",기억력 개선에 도움을 줄 수 있음 (생리활성기능 2등급),DHA와 EPA의 합으로서 0.9 ～ 2 g/일,DHA와 EPA의 합으로서 0.9 ～ 2 g/일,「건강기능식품 기능성 원료 및 기준?규격  인정에 관한 규정」 제10조제2항에 따라 「건강기능식품의 기준 및 규격」에 고시 예정임,「건강기능식품 기능성 원료 및 기준?규격 인정에 관한 규정」 제10조제2항에 따라 「건강기능식품의 기준 및 규격」에 고시 예정임,식품안전나라,399
2019-19,댕댕이나무열매(허니베리)추출분말,2019-08-14,주식회사 아리너스,비알콜성 간기능 손상으로부터 간보호,비알콜성 간기능 손상으로부터 간보호,1960mg/day,1960mg/day,,,식품안전나라,180
2015-23,까마귀쪽나무 열매 주정추출물,2015-11-04,주식회사 휴럼,관절건강에 도움을 줄 수 있음(생리활성기능 2등급),관절건강에 도움을 줄 수 있음(생리활성기능 2등급),까마귀쪽나무 열매 주정 추출몰로서 200 mg/일,까마귀쪽나무 열매 주정 추출몰로서 200 mg/일,-,,식품안전나라,143
2014-1,헛개나무과병추출분말,2014-01-07,(주)뉴메드,알콜성 손상으로부터 간을 보호하는데 도움을 줄 수 있음(생리활성기능 2등급),알콜성 손상으로부터 간을 보호하는데 도움을 줄 수 있음(생리활성기능 2등급),"헛개나무과병추출물로서 2,460 mg/일","헛개나무과병추출물로서 2,460 mg/일","1) 임산부, 수유부 섭취에 주의","1) 임산부, 수유부 섭취에 주의",식품안전나라,570
2014-9,올리브잎주정추출물,2014-02-25,(주)메디뉴트라,,,,,,,식품안전나라,409
2017-6,Lactobacillus gasseri BNR17,2017-12-29,(주)에이스바이옴,,,,,,,식품안전나라,63
2023-41,발효굴추출물(FSO),2023-12-29,(주)엘지생활건강,근력 성장에 도움을 줄 수 있음,근력 성장에 도움을 줄 수 있음,"캡슐 제형의 제품기준 1일 1,000mg 섭취","캡슐 제형의 제품기준 1일 1,000mg 섭취",,,식품안전나라,265
2007-7,KANEKA Q10,2007-06-08,(주)주피터인터내셔널,"“코엔자임Q10은 항산화에 도움을 줄 수 있습니다.”
 (기타Ⅱ등급)","""코엔자임Q10은 항산화에 도움을 줄 수 있습니다."" (기타Ⅱ등급)",.,,,,식품안전나라,35
2009-31,쏘팔메토 (Saw Palmetto) 열매 추출물,2009-04-08,(주)네츄럴라이프,“쏘팔메토 열매 추출물은 전립선 건강의 유지에 도움을 줄 수 있습니다” (기타기능II),"""쏘팔메토 열매 추출물은 전립선 건강의 유지에 도움을 줄 수 있습니다"" (기타기능II)",쏘팔메토 열매 추출물로서 320mg,쏘팔메토 열매 추출물로서 320mg,"1) 어린이, 임산부 및 수유여성은 섭취에 주의
2) 매쓰꺼움이나 설사 등 소화계통의 불편함을 유발할 수 있음","1) 어린이, 임산부 및 수유여성은 섭취에 주의 2) 매쓰꺼움이나 설사 등 소화계통의 불편함을 유발할 수 있음",식품안전나라,361
2007-1,Free Lutein 복합물(Lutein 20% FS),2007-04-25,(주)디에스엠뉴트리션코리아,루테인은 노화로 인해 감소될 수 있는 황반색소밀도를 유지시켜 주어 눈건강에 도움을 줍니다.”(기타Ⅰ등급),"루테인은 노화로 인해 감소될 수 있는 황반색소밀도를 유지시켜 주어 눈건강에 도움을 줍니다.""(기타Ⅰ등급)",Lutein으로써,Lutein으로써,"-임산부는 섭취 전 의사와 상담이 필요합니다.
 -과다 섭취 시 일시적으로 피부가 황색으로 변할 수 있습니다",-임산부는 섭취 전 의사와 상담이 필요합니다. -과다 섭취 시 일시적으로 피부가 황색으로 변할 수 있습니다,식품안전나라,30
2007-2,FloraGLO Lutein(20% liquid in safflower oil),2007-04-25,(주)로하스피아,"“루테인은 노화로 인해 감소될 수 있는 황반색소밀도를 
 유지시켜 주어 눈건강에 도움을 줍니다.”(기타Ⅰ등급)","""루테인은 노화로 인해 감소될 수 있는 황반색소밀도를 유지시켜 주어 눈건강에 도움을 줍니다.""(기타Ⅰ등급)",Lutein으로써,Lutein으로써,"-임산부는 섭취 전 의사와 상담이 필요합니다.
-과다 섭취 시 일시적으로 피부가 황색으로 변할 수 있습니다.",-임산부는 섭취 전 의사와 상담이 필요합니다. -과다 섭취 시 일시적으로 피부가 황색으로 변할 수 있습니다.,식품안전나라,29
2008-50,토마토추출물,2008-10-02,씨제이제일제당(주),“항산화에 도움을 줄 수 있음” (기타기능 II),"""항산화에 도움을 줄 수 있음"" (기타기능 II)",(all-trans)-lycopene 으로서 5.7~1.5mg/일,(all-trans)-lycopene 으로서 5.7~1.5mg/일,"1) 알레르기 체질이신 분은 개인에 따라 과민반응을 나타낼 수 있습니다.
2) 라이코펜이 함유된 식품을 과량 섭취 시 피부색이 오렌지색으로 변할 수 있습니다.",1) 알레르기 체질이신 분은 개인에 따라 과민반응을 나타낼 수 있습니다. 2) 라이코펜이 함유된 식품을 과량 섭취 시 피부색이 오렌지색으로 변할 수 있습니다.,식품안전나라,517
2008-78,표고버섯균사체 AHCC,2008-12-08,(주)케이씨에프코리아,“면역기능 증진에 도움을 줄 수 있습니다” (기타기능II),"""면역기능 증진에 도움을 줄 수 있습니다"" (기타기능II)",표고버섯균사체 AHCC로서 1.85~3.6g/일,표고버섯균사체 AHCC로서 1.85~3.6g/일,-,,식품안전나라,535
2024-17,루바브뿌리추출물(ERr731Ⓡ),2024-06-28,주식회사 시나몬랩,갱년기 여성 건강에 도움을 줄 수 있음,갱년기 여성 건강에 도움을 줄 수 있음,루바브뿌리추출물(ERr731Ⓡ)로서 4 mg/일,루바브뿌리추출물(ERr731Ⓡ)로서 4 mg/일,"1. 영·유아, 어린이, 임산부 및 수유부는 섭취 시 주의. 2. 에스트로겐 호르몬에 민감한 사람은 섭취에 주의. 3. 메스꺼움 등 소화계통의 불편함과 설사를 유발할 수 있음. 4. 알레르기 체질이거나 특정 질환이 있는 사람은 섭취 전 전문가와 상담할 것. 5. 이상사례 발생 시 섭취를 중단하고 전문가와 상담할 것.","1. 영·유아, 어린이, 임산부 및 수유부는 섭취 시 주의. 2. 에스트로겐 호르몬에 민감한 사람은 섭취에 주의. 3. 메스꺼움 등 소화계통의 불편함과 설사를 유발할 수 있음. 4. 알레르기 체질이거나 특정 질환이 있는 사람은 섭취 전 전문가와 상담할 것. 5. 이상사례 발생 시 섭취를 중단하고 전문가와 상담할 것.",식품안전나라,213
2010-6,카제인가수분해물,2010-02-05,(주)부국유통,혈압이 높은 사람에게 도움을 줄 수 있습니다.(기타기능 II),혈압이 높은 사람에게 도움을 줄 수 있습니다.(기타기능 II),VPP(Val-Pro-Pro) 및 IPP(Ile-Pro-Pro)의 합으로서 1.8 ~ 3.6 mg/day,VPP(Val-Pro-Pro) 및 IPP(Ile-Pro-Pro)의 합으로서 1.8 ~ 3.6 mg/day,-,,식품안전나라,487
2010-17,밀크씨슬추출물,2010-04-05,(주)더써머스,“간 건강에 도움을 줄 수 있음” (기타기능II),"""간 건강에 도움을 줄 수 있음"" (기타기능II)",Silymarin으로서 130mg,Silymarin으로서 130mg,"1) 알레르기 반응이 나타나는 경우에는 섭취를 중단하십시오
2) 설사, 위통, 복부팽만 등의 위장관계 장애가 나타나는 경우에는 섭취를 주의 하십시오","1) 알레르기 반응이 나타나는 경우에는 섭취를 중단하십시오 2) 설사, 위통, 복부팽만 등의 위장관계 장애가 나타나는 경우에는 섭취를 주의 하십시오",식품안전나라,259
2024-21,황해쑥추출분말,2024-08-26,동아제약(주),위점막을 보호하여 위건강에 도움을 줄 수 있음,위점막을 보호하여 위건강에 도움을 줄 수 있음,황해쑥추출분말로서 240 mg/일,황해쑥추출분말로서 240 mg/일,"○ 영·유아, 어린이, 임산부 및 수유부는 섭취를 피할 것 ○ 특정질환(알레르기 체질 등)이 있는 분은 섭취에 주의 ○ 이상사례 발생 시 섭취를 중단하고 전문가와 상담할 것 ○ 위염치료제 등 의약품을 복용하시는 분은 섭취 전 전문가와 상담할 것","○ 영·유아, 어린이, 임산부 및 수유부는 섭취를 피할 것 ○ 특정질환(알레르기 체질 등)이 있는 분은 섭취에 주의 ○ 이상사례 발생 시 섭취를 중단하고 전문가와 상담할 것 ○ 위염치료제 등 의약품을 복용하시는 분은 섭취 전 전문가와 상담할 것",식품안전나라,596
2011-34,홍경천 추출물,2011-11-04,주영엔에스(주),“스트레스로 인한 피로개선에 도움을 줄 수 있음”(생리활성기능 2등급),"""스트레스로 인한 피로개선에 도움을 줄 수 있음""(생리활성기능 2등급)",홍경천추출물로서 200～600 mg,홍경천추출물로서 200～600 mg,-,,식품안전나라,582
2011-42,콜레우스 포스콜리 추출물,2011-12-28,주영엔에스(주),체지방 감소에 도움을 줄 수 있음(생리활성기능 2등급),체지방 감소에 도움을 줄 수 있음(생리활성기능 2등급),콜레우스 포스콜리 추출물로서 500 mg/일,콜레우스 포스콜리 추출물로서 500 mg/일,"1) 임산부, 수유여성, 어린이는 섭취에 주의","1) 임산부, 수유여성, 어린이는 섭취에 주의",식품안전나라,496
2024-19,천마추출물,2024-07-03,(주)일원바이오,인지기능 개선에 도움을 줌,인지기능 개선에 도움을 줌,500mg,500mg,첨부파일 참조,첨부파일 참조,식품안전나라,480
2024-24,배초향·고지베리·무화과복합추출물,2024-10-14,코스맥스엔비티(주),"항당화를 통한 피부 건강 개선에 도움을 줄 수 있음, 피부 보습에 도움을 줄 수 있음, 자외선에 의한 피부 손상으로부터 피부 건강을 유지하는데 도움을 줄 수 있음.","항당화를 통한 피부 건강 개선에 도움을 줄 수 있음, 피부 보습에 도움을 줄 수 있음, 자외선에 의한 피부 손상으로부터 피부 건강을 유지하는데 도움을 줄 수 있음.",500mg/일,500mg/일,"영유아, 어린이, 임산부 및 수유부는 섭취 주의","영유아, 어린이, 임산부 및 수유부는 섭취 주의",식품안전나라,271
2024-25,마리골드꽃추출물(지아잔틴함유),2024-10-14,(주)엘지생활건강,,,,,,,식품안전나라,232
2021-4,발효율피추출분말,2021-07-27,주식회사 현대바이오랜드 안산,체지방 감소에 도움,체지방 감소에 도움,발효율피추출분말로서 1 g/일,발효율피추출분말로서 1 g/일,해당없음,해당없음,식품안전나라,270
2021-7,모로오렌지추출분말(Morosil®),2021-09-03,광동헬스바이오(주),체지방 감소에 도움을 줄 수 있음,체지방 감소에 도움을 줄 수 있음,400 mg/일,400 mg/일,없음,없음,식품안전나라,240
2012-30,솔잎증류농축액,2012-11-06,파인생명공학,"건강한 혈당의 유지에 도움을 줄 수 있음
(생리활성기능2등급)",건강한 혈당의 유지에 도움을 줄 수 있음 (생리활성기능2등급),"솔잎 증류 농축액으로서 1,350 mg/일","솔잎 증류 농축액으로서 1,350 mg/일","1) 기관지 천식, 해소 기침이나 기도에 심한 염증이 있는 사람은 섭취에 주의","1) 기관지 천식, 해소 기침이나 기도에 심한 염증이 있는 사람은 섭취에 주의",식품안전나라,339
2012-33,아쉬아간다 추출물,2012-12-05,(주)에치와이,스트레스로 인한 긴장 완화에 도움을 줄 수 있음 (생리활성기능 2등급),스트레스로 인한 긴장 완화에 도움을 줄 수 있음 (생리활성기능 2등급),아쉬아간다 추출물로서 125∼180 mg/일,아쉬아간다 추출물로서 125∼180 mg/일,"1) 임산부, 수유부, 어린이는 섭취에 주의","1) 임산부, 수유부, 어린이는 섭취에 주의",식품안전나라,374
2014-51,구기자추출물,2014-10-08,(주)바이오믹스,기억력 개선에 도움을 줄 수 있음(생리활성기능 2등급),기억력 개선에 도움을 줄 수 있음(생리활성기능 2등급),"구기자추출물로서 1,425 mg","구기자추출물로서 1,425 mg","1) 영유아 및 임산부, 수유부는 의사와 상담 후 섭취","1) 영유아 및 임산부, 수유부는 의사와 상담 후 섭취",식품안전나라,123
2011-3,당귀등추출복합물,2011-01-11,(주)현대바이오랜드 안산,노인의 기억력 개선에 도움을 줄 수 있음(생리활성기능 2등급),노인의 기억력 개선에 도움을 줄 수 있음(생리활성기능 2등급),당귀등추출복합물로서 800mg/일,당귀등추출복합물로서 800mg/일,1) 항응고제와 병용 시 주의,1) 항응고제와 병용 시 주의,식품안전나라,168
2008-14,소나무껍질추출물등복합물,2008-02-20,(주)서흥,햇볕 또는 자외선에 의한 피부손상으로부터 피부건강을 유지하는데 도움을 줄 수 있음(기타기능II),햇볕 또는 자외선에 의한 피부손상으로부터 피부건강을 유지하는데 도움을 줄 수 있음(기타기능II),"소나무껍질추출물등복합물로서 1,130mg","소나무껍질추출물등복합물로서 1,130mg","1) 임산부, 수유부 및 어린이는 섭취를 피해야 함
2) '달맞이꽃종자유'에 과민증이 있는 사람을 섭취를 삼가야 함
3) 과량 섭취시 위장자애 등의 부작용이 있을 수 있음
4) 기타 질병을 보유하고 있는 사람 및 수술 전후 환자는 섭취를 삼가야 하며 섭취 시 의사와 상담해야 함","1) 임산부, 수유부 및 어린이는 섭취를 피해야 함 2) '달맞이꽃종자유'에 과민증이 있는 사람을 섭취를 삼가야 함 3) 과량 섭취시 위장자애 등의 부작용이 있을 수 있음 4) 기타 질병을 보유하고 있는 사람 및 수술 전후 환자는 섭취를 삼가야 하며 섭취 시 의사와 상담해야 함",식품안전나라,337
2019-23,피쉬 콜라겐펩타이드,2019-09-16,주영엔에스(주),피부보습에 도움을 줄 수 있음,피부보습에 도움을 줄 수 있음,"신청원료로서 3,270mg/일 (콜라겐펩타이드로서 3,000mg/일)","신청원료로서 3,270mg/일 (콜라겐펩타이드로서 3,000mg/일)",,,식품안전나라,555
2023-22,저분자유청단백가수분해물,2023-07-25,㈜네오크레마 익산공장,근력 개선에 도움을 줄 수 있음,근력 개선에 도움을 줄 수 있음,"저분자유청단백가수분해물로서 6,000 mg/일","저분자유청단백가수분해물로서 6,000 mg/일",우유 및 유제품에 대하여 알레르기를 나타내는 사람은 섭취에 주의,우유 및 유제품에 대하여 알레르기를 나타내는 사람은 섭취에 주의,식품안전나라,450
2023-23,참당귀·녹용·황기 복합추출물,2023-08-01,광동제약주식회사,피로 개선에 도움을 줄 수 있음,피로 개선에 도움을 줄 수 있음,"녹용황기등 복합추출물로서 500~1,000 mg/일","녹용황기등 복합추출물로서 500~1,000 mg/일","영·유아, 어린이, 임산부 및 수유부는 섭취 시 주의할 것","영·유아, 어린이, 임산부 및 수유부는 섭취 시 주의할 것",식품안전나라,475
2023-27,새싹인삼추출분말,2023-09-14,(주)비티씨 익산공장,기억력 개선에 도움을 줄 수 있음,기억력 개선에 도움을 줄 수 있음,,,,,식품안전나라,328
2008-15,쏘팔메토 열매추출물,2008-03-13,(주)삼오제약,“쏘팔메토 열매추출물은 전립선 건강의 유지에 도움을 줄 수 있습니다.”,"""쏘팔메토 열매추출물은 전립선 건강의 유지에 도움을 줄 수 있습니다.""",쏘팔메토 열매추출물로서 320mg,쏘팔메토 열매추출물로서 320mg,"1) 임산부, 수유여성은 섭취에 주의
2) 매스꺼움이나 설사 등 소화계통의 불편함을 유발할 수 있음","1) 임산부, 수유여성은 섭취에 주의 2) 매스꺼움이나 설사 등 소화계통의 불편함을 유발할 수 있음",식품안전나라,363
2007-14,동우코엔자임Q10,2007-09-13,동우약품(주),"""코엔자임 Q10은 항산화에 도움을 줄 수 있습니다.” (기타기능Ⅱ)","""코엔자임 Q10은 항산화에 도움을 줄 수 있습니다."" (기타기능Ⅱ)",.,,,,식품안전나라,190
2007-17,Methyl Slufonyl Methane(MSM),2007-10-18,(주)엠에스엠월드와이드,"""Dimethylsulfone(MSM)은 관절건강에 도움이 될 수 있습니다.” (기타기능II)","""Dimethylsulfone(MSM)은 관절건강에 도움이 될 수 있습니다."" (기타기능II)",.,,본 제품은 관절건강에 도움을 줄 수 있으나 치료의 목적으로 사용될 수 없습니다.,본 제품은 관절건강에 도움을 줄 수 있으나 치료의 목적으로 사용될 수 없습니다.,식품안전나라,74
2004-1,,2004-07-02,원니스바이오,,,,,,,식품안전나라,
2018-6,그린커피빈주정추출물,2018-07-03,대한켐텍 주식회사,체지방 감소에 도움을 줄 수 있음,체지방 감소에 도움을 줄 수 있음,,,,,식품안전나라,135
2007-10,콩발효추출물,2010-04-23,씨제이웰케어,,,,,,,식품안전나라,498
2017-4,EPA 및 DHA 함유 유지,2017-09-29,리즈 파마,건조한 눈을 개선하여 눈 건강에 도움을 줄 수 있음,건조한 눈을 개선하여 눈 건강에 도움을 줄 수 있음,EPA와 DHA의 합으로서 0.6~2.24 g/일,EPA와 DHA의 합으로서 0.6~2.24 g/일,-,,식품안전나라,25
2021-8,갈락토올리고당분말(네오고스-P70),2021-09-03,(주)네오크레마 익산공장,자외선에 의한 피부손상으로부터 피부건강을 유지하는데 도움을 줄 수 있음,자외선에 의한 피부손상으로부터 피부건강을 유지하는데 도움을 줄 수 있음,"신청원료로써 2,000mg","신청원료로써 2,000mg",,,식품안전나라,107
2020-6,MS-10 엉겅퀴등복합추출물,2020-05-22,(주)파미니티,갱년기 여성 건강,갱년기 여성 건강,300-500 mg/일,300-500 mg/일,없음.,없음.,식품안전나라,72
2019-1,옻나무 추출분말,2019-02-08,(주)씨앤엘바이오,갱년기 남성의 건강에 도움을 줄 수 있음,갱년기 남성의 건강에 도움을 줄 수 있음,1 g,1 g,"영,유아, 임산부, 수유부는 섭취에 주의하시기 바랍니다. 옻나무 및 관련 식품에 알레르기 체질이거나 특정질환이 있는 분은 섭취 전 의사와 상담바랍니다.","영,유아, 임산부, 수유부는 섭취에 주의하시기 바랍니다. 옻나무 및 관련 식품에 알레르기 체질이거나 특정질환이 있는 분은 섭취 전 의사와 상담바랍니다.",식품안전나라,411
2009-45,쏘팔메토 열매 추출물,2009-04-29,케이에스텍,“전립선 건강의 유지에 도움을 줄 수 있습니다” (기타기능II),"""전립선 건강의 유지에 도움을 줄 수 있습니다"" (기타기능II)",쏘팔메토 열매 추출물로서 320mg,쏘팔메토 열매 추출물로서 320mg,"1) 어린이, 임산부 및 수유여성은 섭취를 삼가
2) 메스꺼움이나 설사 등 소화계통의 불편함을 유발할 수 있음","1) 어린이, 임산부 및 수유여성은 섭취를 삼가 2) 메스꺼움이나 설사 등 소화계통의 불편함을 유발할 수 있음",식품안전나라,363
2022-41,크릴오일(FJH-KO),2022-12-19,주식회사 프롬바이오 익산공장,관절 및 연골 건강에 도움을 줄 수 있음,관절 및 연골 건강에 도움을 줄 수 있음,크릴오일(FJH-KO)로써 1.5 g,크릴오일(FJH-KO)로써 1.5 g,"18세 미만, 임산부 및 수유부는 섭취 시 전문의와 상담 필요, 항응고제 또는 항혈소판제와 섭취 시 주의","18세 미만, 임산부 및 수유부는 섭취 시 전문의와 상담 필요, 항응고제 또는 항혈소판제와 섭취 시 주의",식품안전나라,503
2008-43,미쯔비시 코엔자임Q10,2008-08-26,삼성물산(주),"""코엔자임 Q10은 혈압이 높은 사람에게 도움을 줄 수 있습니다."" (기타기능II)","""코엔자임 Q10은 혈압이 높은 사람에게 도움을 줄 수 있습니다."" (기타기능II)",90~100mg,90~100mg,"1) 영유아, 임산부는 섭취를 삼가야 합니다.","1) 영유아, 임산부는 섭취를 삼가야 합니다.",식품안전나라,251
2010-3,루테인지아잔틴복합추출물20%,2010-02-01,주식회사 노바렉스,"노화로 인해 감소될 수 있는 황반색소밀도를 유지시켜 주어 눈건강에 도움을 줌
(기타 I등급)",노화로 인해 감소될 수 있는 황반색소밀도를 유지시켜 주어 눈건강에 도움을 줌 (기타 I등급),루테인과 지아잔틴의 합으로서 10~20mg,루테인과 지아잔틴의 합으로서 10~20mg,"1) 임산부는 섭취 전 의사와 상담이 필요합니다.
2) 과다 섭취 시 일시적으로 피부가 황색으로 변할 수 있습니다.",1) 임산부는 섭취 전 의사와 상담이 필요합니다. 2) 과다 섭취 시 일시적으로 피부가 황색으로 변할 수 있습니다.,식품안전나라,216
2009-94,Ca-PGA,2009-12-07,한정(주),"“체내 칼슘흡수 촉진에 도움을 줌”
 (기타기능 II)","""체내 칼슘흡수 촉진에 도움을 줌"" (기타기능 II)",폴리감마글루탐산으로서 60~70 mg,폴리감마글루탐산으로서 60~70 mg,-,,식품안전나라,21
2010-15,밀크씨슬추출물,2010-04-05,(주)렉스진바이오텍,“간 건강에 도움을 줄 수 있음” (기타기능II),"""간 건강에 도움을 줄 수 있음"" (기타기능II)",Silymarin으로서 130mg,Silymarin으로서 130mg,"① 알레르기 반응이 나타나는 경우에는 섭취를 중단하십시오
② 설사, 위통, 복부팽만 등의 위장관계 장애가 나타나는 경우에는 섭취를 주의 하십시오","① 알레르기 반응이 나타나는 경우에는 섭취를 중단하십시오 ② 설사, 위통, 복부팽만 등의 위장관계 장애가 나타나는 경우에는 섭취를 주의 하십시오",식품안전나라,259
2008-28,대두이소플라본추출물,2008-06-02,씨제이제일제당(주),"“뼈 건강에 도움을 줄 수 있습니다."" (기타기능 II)","""뼈 건강에 도움을 줄 수 있습니다."" (기타기능 II)",이소플라본 비배당체로서 25~27mg,이소플라본 비배당체로서 25~27mg,"1) 섭취 대상자는 폐경기 여성임.
2) 임산부와 수유 여성은 섭취를 삼가야 함.
3) 영유아, 어린이는 섭취를 삼가야 함.
4) 대두 이소플라본에 민감한 사람은 섭취를 삼가야 함.
5) 갑상선, 유방암, 자궁내막암, 방광암 환자 등은 섭취를 삼가야 함.","1) 섭취 대상자는 폐경기 여성임. 2) 임산부와 수유 여성은 섭취를 삼가야 함. 3) 영유아, 어린이는 섭취를 삼가야 함. 4) 대두 이소플라본에 민감한 사람은 섭취를 삼가야 함. 5) 갑상선, 유방암, 자궁내막암, 방광암 환자 등은 섭취를 삼가야 함.",식품안전나라,177
2008-29,피토쏘야(Phyto soya),2008-06-03,한국유니온제약(주),"“뼈 건강에 도움을 줄 수 있습니다."" (기타기능 II)","""뼈 건강에 도움을 줄 수 있습니다."" (기타기능 II)",이소플라본 비배당체로서 25~26mg,이소플라본 비배당체로서 25~26mg,"1) 섭취 대상자는 폐경기 여성임.
2) 임산부와 수유 여성은 섭취를 삼가야 함.
3) 영유아, 어린이는 섭취를 삼가야 함.
4) 대두 이소플라본에 민감한 사람은 섭취를 삼가야 함.
5) 갑상선, 유방암, 자궁내막암, 방광암 환자 등은 섭취를 삼가야 함.","1) 섭취 대상자는 폐경기 여성임. 2) 임산부와 수유 여성은 섭취를 삼가야 함. 3) 영유아, 어린이는 섭취를 삼가야 함. 4) 대두 이소플라본에 민감한 사람은 섭취를 삼가야 함. 5) 갑상선, 유방암, 자궁내막암, 방광암 환자 등은 섭취를 삼가야 함.",식품안전나라,559
2008-33,Tonalin CLA TG,2008-06-20,상현화학,"“과체중인 성인의 체지방 감소에 도움을 줄 수 있습니다."" (기타기능 II)","""과체중인 성인의 체지방 감소에 도움을 줄 수 있습니다."" (기타기능 II)",공액리놀레산으로서 1.7~4.0 g/day,공액리놀레산으로서 1.7~4.0 g/day,"1) 위장장애가 발생할 수 있습니다.
2) 영유아, 임산부는 섭취를 삼가야 해야 합니다.
3) 식사조절, 운동을 병행하는 것이 바람직합니다.","1) 위장장애가 발생할 수 있습니다. 2) 영유아, 임산부는 섭취를 삼가야 해야 합니다. 3) 식사조절, 운동을 병행하는 것이 바람직합니다.",식품안전나라,85
2010-68,은행잎추출물,2010-12-31,주영엔에스(주),"성인의 기억력 개선에 도움을 줄 수 있음 (기타기능II)
혈행 개선에 도움을 줄 수 있음 (기타기능II)",성인의 기억력 개선에 도움을 줄 수 있음 (기타기능II) 혈행 개선에 도움을 줄 수 있음 (기타기능II),은행잎 추출물로서 120 mg/일,은행잎 추출물로서 120 mg/일,"① 어린이, 임산부와 수유부는 섭취에 주의하시기 
   바랍니다.
② 수술 전후에는 섭취에 주의하시기 바랍니다. 
③ 항응고제 복용시 섭취에 주의하시기 바랍니다. 
④ 질환자의 경우 섭취 전에 의사와 상담하여 주시기     바랍니다.","① 어린이, 임산부와 수유부는 섭취에 주의하시기 바랍니다. ② 수술 전후에는 섭취에 주의하시기 바랍니다. ③ 항응고제 복용시 섭취에 주의하시기 바랍니다. ④ 질환자의 경우 섭취 전에 의사와 상담하여 주시기 바랍니다.",식품안전나라,430
2011-12,곤약감자추출분말,2011-04-08,(주)대덕약업,피부보습에 도움을 줄 수 있음 (기타기능 II),피부보습에 도움을 줄 수 있음 (기타기능 II),glucosyl ceramide로서 1.2~1.8mg/일,glucosyl ceramide로서 1.2~1.8mg/일,1) 임산부와 수유기 여성은 섭취를 피하는 것이 좋습니다,1) 임산부와 수유기 여성은 섭취를 피하는 것이 좋습니다,식품안전나라,117
2013-24,키토산,2013-08-20,주영엔에스(주),"체지방 감소에 도움을 줄 수 있음
 (생리활성기능 2등급)",체지방 감소에 도움을 줄 수 있음 (생리활성기능 2등급),3000 ∼ 4500 mg/일,3000 ∼ 4500 mg/일,1) 게 또는 새우에 알레르기가 있는 사람은 섭취에 주의 (게 또는 새우를 원재료로 사용한 경우에 한함),1) 게 또는 새우에 알레르기가 있는 사람은 섭취에 주의 (게 또는 새우를 원재료로 사용한 경우에 한함),식품안전나라,506
2014-11,감마리놀렌산 함유 유지,2014-03-27,주영엔에스(주),"면역과민반응에 의한 피부상태 개선에 도움을 줄 수 있음
 (생리활성기능 2등급)",면역과민반응에 의한 피부상태 개선에 도움을 줄 수 있음 (생리활성기능 2등급),160 ∼ 300 mg/일,160 ∼ 300 mg/일,"영 유아, 어린이는 섭취 전 의사와 상담하여야 함","영 유아, 어린이는 섭취 전 의사와 상담하여야 함",식품안전나라,109
2006-1,피크노제놀-프랑스해안송껍질추출물,2006-02-13,(주)주피터인터내셔널,"""인체에 유해한 활성산소를 제거하는데 도움을 줄 수 있습니다."" “혈액의 흐름을 방해할 수 있는 혈소판응집을 억제하는데 도움을 줄 수 있습니다.”◆ 인체시험에서 “피크노제놀-프랑스해안송껍질추출물 <PYCNOGENOL>”의 항산화 기능과 혈소판응집 기능이 확인되었으나 자료의 수가 제한되어 있습니다. 따라서 “~도움을 줄 수 있다.”의 형식으로 표시하여야 합니다.","""인체에 유해한 활성산소를 제거하는데 도움을 줄 수 있습니다."" ""혈액의 흐름을 방해할 수 있는 혈소판응집을 억제하는데 도움을 줄 수 있습니다.""◆ 인체시험에서 ""피크노제놀-프랑스해안송껍질추출물 <PYCNOGENOL>""의 항산화 기능과 혈소판응집 기능이 확인되었으나 자료의 수가 제한되어 있습니다. 따라서 ""~도움을 줄 수 있다.""의 형식으로 표시하여야 합니다.",피크노제놀로서 60-300mg,피크노제놀로서 60-300mg,"◆ 임산부와 12세 이하의 어린이는 섭취 전 의사와의 상담이 필요합니다.
◆ 수술 전후에는 섭취에 주의하시기 바랍니다.",◆ 임산부와 12세 이하의 어린이는 섭취 전 의사와의 상담이 필요합니다. ◆ 수술 전후에는 섭취에 주의하시기 바랍니다.,식품안전나라,558
2006-4,폴리코사놀 - 사탕수수 왁스 알코올,2006-04-03,(주)레이델코리아,"“폴리코사놀은 높은 혈중 콜레스테롤 수치의 개선에 도움이 됩니다.”
(충분한 인체시험에서 혈액 중의 총 콜레스테롤과 저밀도지단백(low density lipidprotein : LDL)수치를 감소시키고 고밀도지단백(High density lipidprotein : HDL) 수치를 증가시키는데 도움이 됨을 확인하였습니다)","""폴리코사놀은 높은 혈중 콜레스테롤 수치의 개선에 도움이 됩니다."" (충분한 인체시험에서 혈액 중의 총 콜레스테롤과 저밀도지단백(low density lipidprotein : LDL)수치를 감소시키고 고밀도지단백(High density lipidprotein : HDL) 수치를 증가시키는데 도움이 됨을 확인하였습니다)",policosanol,policosanol,"- 일일 섭취량보다 과다하게 섭취하지 않도록 주의하시기 바랍니다.
- 콜레스테롤 함성에 영향을 줄 수 있으므로 임산부, 수유부, 영?유아, 어린이, 청소년은 섭취하지 않는 것이 좋습니다.
- 콜레스테롤 저하를 위한 의약품과 함께 섭취하지 않도록 하여야 합니다.
- 혈액응고를 저해할 수 있으므로 주의하여 사용하시기 바랍니다.","- 일일 섭취량보다 과다하게 섭취하지 않도록 주의하시기 바랍니다. - 콜레스테롤 함성에 영향을 줄 수 있으므로 임산부, 수유부, 영?유아, 어린이, 청소년은 섭취하지 않는 것이 좋습니다. - 콜레스테롤 저하를 위한 의약품과 함께 섭취하지 않도록 하여야 합니다. - 혈액응고를 저해할 수 있으므로 주의하여 사용하시기 바랍니다.",식품안전나라,534
2006-5,표고버섯균사체 AHCC,2006-04-03,(주)케이씨에프코리아,"“표고버섯균사체 AHCC는 신체방어능력 향상에 도움이 될 수 있으나 인체시험을 통한 확인이 필요합니다.”

(동물시험을 통하여 신체방어능력 향상에 도움이 됨을 확인하였으나 인체시험에서는 확인되지 않았으므로, 반드시 “--인체에서 확인이 필요합니다” 를 표기해야 합니다)","""표고버섯균사체 AHCC는 신체방어능력 향상에 도움이 될 수 있으나 인체시험을 통한 확인이 필요합니다."" (동물시험을 통하여 신체방어능력 향상에 도움이 됨을 확인하였으나 인체시험에서는 확인되지 않았으므로, 반드시 ""--인체에서 확인이 필요합니다"" 를 표기해야 합니다)",표고버섯균사체 AHCC,표고버섯균사체 AHCC,,,식품안전나라,535
2006-6,대두 포스파티딜세린(Leci-PS),2006-05-04,선경트레이딩(주),"""노인의 인지능력 개선에 도움을 줄 수 있습니다."" 
◆ 인체시험에서 “대두 포스파티딜세린 (Leci-PS)”의 노인의 인지능력 개선 기능이 확인되었으나 자료의 수가 제한되어 있습니다. 따라서 “~도움을 줄 수 있다.”의 형식으로 표시하여야 합니다.","""노인의 인지능력 개선에 도움을 줄 수 있습니다."" ◆ 인체시험에서 ""대두 포스파티딜세린 (Leci-PS)""의 노인의 인지능력 개선 기능이 확인되었으나 자료의 수가 제한되어 있습니다. 따라서 ""~도움을 줄 수 있다.""의 형식으로 표시하여야 합니다.",포스파티딜세린으로서,포스파티딜세린으로서,"◆ 임산부와 수유부는 섭취에 주의하시기 바랍니다.
◆ 과잉섭취 시 위장장애나 불면증을 유발할 수 있습니다.",◆ 임산부와 수유부는 섭취에 주의하시기 바랍니다. ◆ 과잉섭취 시 위장장애나 불면증을 유발할 수 있습니다.,식품안전나라,171
2006-7,로즈힙분말,2006-06-16,(주)주안상사,"""로즈힙분말은 관절 및 연골 건강에 도움을 줄 수 있습니다."" 
■인체시험에서 “로즈힙분말”의 관절 및 연골 건강에 도움을 줄 수 있는 기능이 확인되었으나 자료의 수가 제한되어 있습니다. 따라서 “~도움을 줄 수 있다.”의 형식으로 표시하여야 합니다.","""로즈힙분말은 관절 및 연골 건강에 도움을 줄 수 있습니다."" ■인체시험에서 ""로즈힙분말""의 관절 및 연골 건강에 도움을 줄 수 있는 기능이 확인되었으나 자료의 수가 제한되어 있습니다. 따라서 ""~도움을 줄 수 있다.""의 형식으로 표시하여야 합니다.",로즈힙분말로서,로즈힙분말로서,과잉섭취 시 설사를 유발할 수 있습니다.,과잉섭취 시 설사를 유발할 수 있습니다.,식품안전나라,211
2006-8,Dimethylsulfone (MSM),2006-06-16,(주)케어메딕스,"“Dimethylsulfone (MSM)은 관절건강에 도움이 될 수 있으나 인체시험을 통한 확인이 필요합니다.”

(동물시험을 통하여 관절건강에 도움이 될 수 있음이 확인되었으나 인체시험에서 확인이 필요함. 따라서, 반드시 “---는 도움을 줄 수 있으나 인체에서 확인이 필요합니다”라고 표기해야 함)","""Dimethylsulfone (MSM)은 관절건강에 도움이 될 수 있으나 인체시험을 통한 확인이 필요합니다."" (동물시험을 통하여 관절건강에 도움이 될 수 있음이 확인되었으나 인체시험에서 확인이 필요함. 따라서, 반드시 ""---는 도움을 줄 수 있으나 인체에서 확인이 필요합니다""라고 표기해야 함)",.,,­본 제품은 관절건강에 도움을 줄 수 있으나 치료의 목적으로 사용될 수 없습니다.,­본 제품은 관절건강에 도움을 줄 수 있으나 치료의 목적으로 사용될 수 없습니다.,식품안전나라,24
2006-10,구아바잎,2006-06-23,(주)바이오쎈,"""식후 혈당조절에 도움을 줄 수 있습니다."" 
■소수의 인체시험에서 “구아바잎”의 식후 혈당조절에 도움을 줄 수 있는 기능을 확인하였습니다. 따라서 “~도움을 줄 수 있다.”의 형식으로 표시하여야 합니다","""식후 혈당조절에 도움을 줄 수 있습니다."" ■소수의 인체시험에서 ""구아바잎""의 식후 혈당조절에 도움을 줄 수 있는 기능을 확인하였습니다. 따라서 ""~도움을 줄 수 있다.""의 형식으로 표시하여야 합니다",총 폴리페놀로서,총 폴리페놀로서,구아바잎은 당뇨병의 치료 및 예방에 사용될 수 없으므로 당뇨병 치료가 필요한 경우에는 의사와 상담 하에 사용하여야 합니다.,구아바잎은 당뇨병의 치료 및 예방에 사용될 수 없으므로 당뇨병 치료가 필요한 경우에는 의사와 상담 하에 사용하여야 합니다.,식품안전나라,127
2016-19,EPA 및 DHA 함유유지,2016-09-28,(주)성우인터켐,기억력 개선에 도움을 줄 수 있음,기억력 개선에 도움을 줄 수 있음,EPA와 DHA의 합으로서 0.9~2g/일,EPA와 DHA의 합으로서 0.9~2g/일,-,,식품안전나라,25
2019-9,우뭇가사리추출물,2019-05-15,(주)뉴트리,체지방 감소에 도움을 줄 수 있습니다.,체지방 감소에 도움을 줄 수 있습니다.,"신청원료로써 1,000 mg/g","신청원료로써 1,000 mg/g",,,식품안전나라,415
2024-13,오미자·두충·구기자추출복합물,2024-05-02,(주)보인바이오컨버젼스,뼈건강에 도움을 줄 수 있음,뼈건강에 도움을 줄 수 있음,253mg/일,253mg/일,"○ 정해진 용법, 용량에 맞게 복용할 것○ 영·유아, 어린이는 섭취를 피할 것 ○ 임산부, 특정질환(알레르기 체질 등)이 있는 분은 섭취에 주의할 것○ 이상사례 발생 시 섭취를 중단하고 전문가와 상담할 것","○ 정해진 용법, 용량에 맞게 복용할 것○ 영·유아, 어린이는 섭취를 피할 것 ○ 임산부, 특정질환(알레르기 체질 등)이 있는 분은 섭취에 주의할 것○ 이상사례 발생 시 섭취를 중단하고 전문가와 상담할 것",식품안전나라,400
2024-8,영지버섯균사체추출분말,2024-04-19,크림슨파마,면역기능 증진에 도움을 줄 수 있음,면역기능 증진에 도움을 줄 수 있음,영지버섯균사체추출분말(Immulink MBG®)로서 200 mg/일,영지버섯균사체추출분말(Immulink MBG®)로서 200 mg/일,"1. 영·유아, 어린이, 임산부 및 수유부는 섭취 시 주의바랍니다.2. 특정질환(알레르기 체질 등)이 있는 분은 섭취 시 주의바랍니다.3. 이상사례 발생 시 섭취를 중단하고 전문가와 상담하십시오.","1. 영·유아, 어린이, 임산부 및 수유부는 섭취 시 주의바랍니다.2. 특정질환(알레르기 체질 등)이 있는 분은 섭취 시 주의바랍니다.3. 이상사례 발생 시 섭취를 중단하고 전문가와 상담하십시오.",식품안전나라,397
2024-26,유산균발효굴추출물(FGO),2024-11-20,(주)마린바이오프로세스,어린이키성장에 도움을 줄 수 있음,어린이키성장에 도움을 줄 수 있음,0.5g,0.5g,,,식품안전나라,422
2024-34,저분자콜라겐펩타이드,2024-12-20,주식회사 씨에이치랩스,자외선에의한 피부손상으로부터 피부건강을 유지하는데 도움을 줄 수 있음 / 피부 보습에 도움을 줄 수 있음,자외선에의한 피부손상으로부터 피부건강을 유지하는데 도움을 줄 수 있음 / 피부 보습에 도움을 줄 수 있음,1500 ~3500 mg,1500 ~3500 mg,임산부 및 수유부는 섭취에 주의한다. 특정질환(알레르기 체질 등)이 있는 분은 섭취에 주의한다.,임산부 및 수유부는 섭취에 주의한다. 특정질환(알레르기 체질 등)이 있는 분은 섭취에 주의한다.,식품안전나라,452
2024-35,저분자콜라겐펩타이드,2024-12-20,(주)에이치엔아이,"자외선에의한 피부손상으로부터 피부건강을 유지하는데 도움을 줄 수 있음, 피부 보습에 도움을 줄 수 있음","자외선에의한 피부손상으로부터 피부건강을 유지하는데 도움을 줄 수 있음, 피부 보습에 도움을 줄 수 있음",1500 ~ 3500 mg,1500 ~ 3500 mg,임산부 및 수유부는 섭취에 주의한다. 특정질환(알레르기 체질 등)이 있는 분은 섭취에 주의한다.,임산부 및 수유부는 섭취에 주의한다. 특정질환(알레르기 체질 등)이 있는 분은 섭취에 주의한다.,식품안전나라,452
2024-27,유산균발효굴추출물(FGO),2024-11-20,(주)엘지생활건강,어린이 키성장에 도움을 줄 수 있음.,어린이 키성장에 도움을 줄 수 있음.,신청원료 굴발효추출물로서 500 mg/일,신청원료 굴발효추출물로서 500 mg/일,제출자료참고,제출자료참고,식품안전나라,422
2024-28,참당귀황기추출복합물(SHPro®),2024-11-20,(주)서흥헬스케어,전립선 건강 유지에 도움을 줄 수 있음,전립선 건강 유지에 도움을 줄 수 있음,참당귀황기추출복합물(SHPro)으로서 600 mg/일,참당귀황기추출복합물(SHPro)으로서 600 mg/일,"영유아, 어린이, 임산부 및 수유부는 섭취에 주의 / 특정질환(알레르기 체질 등)이 있는 분은 섭취에 주의 / 이상사례 발생 시 섭취를 중단하고 전문가와 상담할 것","영유아, 어린이, 임산부 및 수유부는 섭취에 주의 / 특정질환(알레르기 체질 등)이 있는 분은 섭취에 주의 / 이상사례 발생 시 섭취를 중단하고 전문가와 상담할 것",식품안전나라,477
2024-36,산딸기·왕느릅나무·치자추출복합물,2024-12-20,(주)리즈바이오텍,"위를 보호하여 위 건강에 도움, *인체시험결과:위장관증상척도 설문지(KGSRS) 중 역류 증상+복통 증상의 중증도 및 빈도 점수, 증상 중증도 및 빈도 총점수, 소화불량 증상 중증도 및 빈도 점수, 설사 증상 중증도 점수, 변비 증상 중증도 점수의 유의성을 확인하여 본 인체적용시험을 통해 산딸기추출물 등 혼합물 4주 섭취가 위장관 증상 개선에 대한 유효성을 확인하였다. 또한 본 연구가 진행되는 동안 임상적으로 의미 있는 이상반응이나 신체변화가 관찰되지 않아서 산딸기추출물 등 혼합물 섭취가 인체에 안전하다고 판단하였다.","위를 보호하여 위 건강에 도움, *인체시험결과:위장관증상척도 설문지(KGSRS) 중 역류 증상+복통 증상의 중증도 및 빈도 점수, 증상 중증도 및 빈도 총점수, 소화불량 증상 중증도 및 빈도 점수, 설사 증상 중증도 점수, 변비 증상 중증도 점수의 유의성을 확인하여 본 인체적용시험을 통해 산딸기추출물 등 혼합물 4주 섭취가 위장관 증상 개선에 대한 유효성을 확인하였다. 또한 본 연구가 진행되는 동안 임상적으로 의미 있는 이상반응이나 신체변화가 관찰되지 않아서 산딸기추출물 등 혼합물 섭취가 인체에 안전하다고 판단하였다.",1800mg/day  ( 900mg 산딸기 + 600mg 치자 + 300mg 유백피 추출물 ),1800mg/day ( 900mg 산딸기 + 600mg 치자 + 300mg 유백피 추출물 ),"산딸기-식품공전 상 산딸기는 주원료로 사용 가능한 동식물류로 분류되어 있어 섭취량 제한이 없는 원료이며, 현재 산딸기를 원재료로 한 다양한 제품이 시판되고 있다.동의보감에 따르면 산딸기를 일일 10g-20g/하루 3-4번 차 등으로 섭취)을 섭취한다고 보고하였고, 중약대사전에는 5g-8g/하루 3번을 복용한다고 되어 있어 이는 신청원료 중 원물의 일일 섭취량보다 월등히 높은 섭취량이다  유백피-식품공전 상 유백피는 주원료로 사용 가능한 동식물류로 분류되어 있어 섭취량 제한이 없는 원료이며, 현재 유백피를 원재료로 한 다양한 제품이 시판되고 있다.○ 동의보감에 따르면 유백피를 일일 30g 을 차 등으로 섭취)을 섭취한다고 보고하였고, 중약대사전에는 10g-30g 을 복용한다고 되어 있어 이는 신청원료 중 원물의 일일 섭취량 4.75보다 월등히 높은 섭취량이다.  치자-식품공전 상 치자는 “열매”가 식품에 제한적으로 사용 가능한 동식물류로 분류되어 있으며, 식품공전에 기재된 식품원료이며, 원료 배합시 전체 원료의 50% 미만을 사용하여야 한다로 규정되어있다. 섭취량 제한이 없는 원료이며, 현재 치자를 원재료로 한 다양한 제품이 시판되고 있다.동의보감에 따르면 치자를 일일 20-30g 을 차 등으로 섭취)을 섭취한다고 보고하였고, 중약대사전에는 14g-21g 을 복용한다고 되어 있어 이는 신청원료 중 원물의 일일 섭취량 11.3보다 월등히 높은 섭취량이다.","산딸기-식품공전 상 산딸기는 주원료로 사용 가능한 동식물류로 분류되어 있어 섭취량 제한이 없는 원료이며, 현재 산딸기를 원재료로 한 다양한 제품이 시판되고 있다.동의보감에 따르면 산딸기를 일일 10g-20g/하루 3-4번 차 등으로 섭취)을 섭취한다고 보고하였고, 중약대사전에는 5g-8g/하루 3번을 복용한다고 되어 있어 이는 신청원료 중 원물의 일일 섭취량보다 월등히 높은 섭취량이다 유백피-식품공전 상 유백피는 주원료로 사용 가능한 동식물류로 분류되어 있어 섭취량 제한이 없는 원료이며, 현재 유백피를 원재료로 한 다양한 제품이 시판되고 있다.○ 동의보감에 따르면 유백피를 일일 30g 을 차 등으로 섭취)을 섭취한다고 보고하였고, 중약대사전에는 10g-30g 을 복용한다고 되어 있어 이는 신청원료 중 원물의 일일 섭취량 4.75보다 월등히 높은 섭취량이다. 치자-식품공전 상 치자는 ""열매""가 식품에 제한적으로 사용 가능한 동식물류로 분류되어 있으며, 식품공전에 기재된 식품원료이며, 원료 배합시 전체 원료의 50% 미만을 사용하여야 한다로 규정되어있다. 섭취량 제한이 없는 원료이며, 현재 치자를 원재료로 한 다양한 제품이 시판되고 있다.동의보감에 따르면 치자를 일일 20-30g 을 차 등으로 섭취)을 섭취한다고 보고하였고, 중약대사전에는 14g-21g 을 복용한다고 되어 있어 이는 신청원료 중 원물의 일일 섭취량 11.3보다 월등히 높은 섭취량이다.",식품안전나라,317
2025-2,장미꽃잎추출물(NOVAROSE®),2025-02-10,주식회사 노바웰스,"자외선에 의한 피부 손상으로부터 피부 건강을 유지하는데 도움을 줄 수 있음, 피부 보습에 도움을 줄 수 있음","자외선에 의한 피부 손상으로부터 피부 건강을 유지하는데 도움을 줄 수 있음, 피부 보습에 도움을 줄 수 있음",장미꽃잎추출물(NOVAROSE®)로써 300 mg/일,장미꽃잎추출물(NOVAROSE®)로써 300 mg/일,"영유아, 어린이, 임산부 및 수유부는 섭취를 피할 것, 특정질환(알레르기 체질 등)이 있는 분은 섭취에 주의할 것, 이상사례 발생 시 섭취를 중단하고 전문가와 상담할 것","영유아, 어린이, 임산부 및 수유부는 섭취를 피할 것, 특정질환(알레르기 체질 등)이 있는 분은 섭취에 주의할 것, 이상사례 발생 시 섭취를 중단하고 전문가와 상담할 것",식품안전나라,447
2024-29,저분자유청펩타이드,2024-11-20,주영엔에스(주),근력향상에 도움을 줄 수 있음,근력향상에 도움을 줄 수 있음,신청원료로서 10g/day,신청원료로서 10g/day,"○ 영·유아, 어린이, 임산부 및 수유부는 섭취에 주의할 것○ 우유 및 유제품에 대하여 알레르기를 나타내는 사람은 섭취에 주의할 것○ 이상사례 발생 시 섭취를 중단하고 전문가와 상담할 것","○ 영·유아, 어린이, 임산부 및 수유부는 섭취에 주의할 것○ 우유 및 유제품에 대하여 알레르기를 나타내는 사람은 섭취에 주의할 것○ 이상사례 발생 시 섭취를 중단하고 전문가와 상담할 것",식품안전나라,451
2024-37,털부처꽃추출물,2024-12-20,(주)바이오포트코리아,,,,,,,식품안전나라,513
2025-19,사탕수수왁스알코올(폴리코사놀),2025-05-12,(주)네이처스원,혈중 콜레스테롤 수치 개선에 도움을 줄 수 있음,혈중 콜레스테롤 수치 개선에 도움을 줄 수 있음,,,,,식품안전나라,315
2024-30,아쉬아간다추출물(Sensoril®),2024-11-20,주식회사 노바렉스,,,,,,,식품안전나라,377
2024-31,Lactiplantibacillus plantarum PBS067 등 프로바이오틱스 복합물(PBS),2024-11-20,(주)신우코퍼레이션,,,,,,,식품안전나라,59
2024-38,유산균발효대두분말,2024-12-20,(주)비전바이오켐,위 점막 보호를 통해 위 불편감 개선에 도움을 줌,위 점막 보호를 통해 위 불편감 개선에 도움을 줌,1000mg/일,1000mg/일,"영유아, 어린이, 임산부, 알레르기 체질 주의","영유아, 어린이, 임산부, 알레르기 체질 주의",식품안전나라,425
2024-39,유산균발효대두분말,2024-12-20,코스맥스엔비티(주),,,,,,,식품안전나라,425
2024-32,보스웰리아추출물,2024-11-20,코스맥스바이오(주),,,,,,,식품안전나라,284
2024-40,황칠나무잎·줄기추출물,2024-12-20,(주)휴온스엔,인지기능개선에 도움을 줄 수 있음,인지기능개선에 도움을 줄 수 있음,신청원료로서 600 mg/일,신청원료로서 600 mg/일,제출자료에 첨부,제출자료에 첨부,식품안전나라,595
2024-33,홍삼추출효소처리분말,2024-11-20,(주)비티진,혈압조절에 도움을 줄 수 있음,혈압조절에 도움을 줄 수 있음,Rg3강화효소홍삼추출분말로서 400mg/일,Rg3강화효소홍삼추출분말로서 400mg/일,"당뇨치료제 및 혈액항응고제 복용시 섭취에 주의, 알레르기체질 등은 개인에 따라 과민반응을 나타낼 수 있음, 이상사례 발생 시 섭취를 중단하고 전문가와 상담할 것","당뇨치료제 및 혈액항응고제 복용시 섭취에 주의, 알레르기체질 등은 개인에 따라 과민반응을 나타낼 수 있음, 이상사례 발생 시 섭취를 중단하고 전문가와 상담할 것",식품안전나라,590
2025-4,블랙커민추출물(FJ),2025-02-10,맥널티바이오(주),체지방 감소에 도울을 줄 수 있음,체지방 감소에 도울을 줄 수 있음,신청원료로서 900 mg/day,신청원료로서 900 mg/day,"1. 영유아, 어린이, 임산부 및 수유부는 섭취에 주의하시기 바랍니다. 2. 특정질환(알레르기 체질 등)이 있는 분은 섭취에 주의하시기 바랍니다. 3. 이상사례 발생시 섭취를 중단하고 전문가와 상담하시기 바랍니다. 4. 공복에 복용하면 위장 장애를 일으킬 수 있으니 식후 섭취하시기 바랍니다. 5. 수술 전·후에는 섭취에 주의하시기 바랍니다.","1. 영유아, 어린이, 임산부 및 수유부는 섭취에 주의하시기 바랍니다. 2. 특정질환(알레르기 체질 등)이 있는 분은 섭취에 주의하시기 바랍니다. 3. 이상사례 발생시 섭취를 중단하고 전문가와 상담하시기 바랍니다. 4. 공복에 복용하면 위장 장애를 일으킬 수 있으니 식후 섭취하시기 바랍니다. 5. 수술 전·후에는 섭취에 주의하시기 바랍니다.",식품안전나라,296
2025-5,Latilactobacillus curvatus LB-P9 프로바이오틱스,2025-02-10,주식회사 리스큐어바이오,,,,,,,식품안전나라,67
2025-6,Latilactobacillus curvatus LB-P9 프로바이오틱스,2025-02-10,주식회사 녹십자웰빙,,,,,,,식품안전나라,67
2025-7,마리골드꽃추출물(지아잔틴함유),2025-02-10,(주)화인비에스,,,,,,,식품안전나라,232
2026-17,찔레나무뿌리추출물(RosaFlora®),2026-05-18,주식회사 유한건강생활,,,,,,,식품안전나라,468
2026-19,프로바이오틱스(Lactiplantibacillus plantarum Q180)·미세조류(Phaeodactylum tricornutum) 복합물(CKDB-,2026-05-18,(주)종근당바이오,,,,,,,식품안전나라,546
2026-21,하고초추출분말,2026-07-03,(주)휴온스엔,,,,,,,식품안전나라,563
2025-8,마키베리추출물,2025-02-26,(주)성우바이오팜,건조한 눈을 개선하여 눈 건강에 도움을 줄 수 있음.,건조한 눈을 개선하여 눈 건강에 도움을 줄 수 있음.,마키베리추출물(MaquiBright®)로서 60 mg/일,마키베리추출물(MaquiBright®)로서 60 mg/일,"1. 영·유아, 어린이, 임산부 및 수유부는 섭취 시 주의바랍니다. 2. 특정질환(알레르기 체질 등)이 있는 분은 섭취 시 주의바랍니다. 3. 이상사례 발생 시 섭취를 중단하고 전문가와 상담하십시오.","1. 영·유아, 어린이, 임산부 및 수유부는 섭취 시 주의바랍니다. 2. 특정질환(알레르기 체질 등)이 있는 분은 섭취 시 주의바랍니다. 3. 이상사례 발생 시 섭취를 중단하고 전문가와 상담하십시오.",식품안전나라,234
2025-9,티아이소크라이시스루테아분말,2025-03-26,(주)마이크로알지에스크어스,눈 건강에 도움,눈 건강에 도움,900mg/일,900mg/일,"영·유아, 어린이, 임산부 및 수유부는 섭취에 주의할 것, 특정질환(알레르기 체질 등),이 있는 분은 섭취에 주의할 것, 이상 사례 발생시 섭취 중단 후 전문가와 상담할 것","영·유아, 어린이, 임산부 및 수유부는 섭취에 주의할 것, 특정질환(알레르기 체질 등),이 있는 분은 섭취에 주의할 것, 이상 사례 발생시 섭취 중단 후 전문가와 상담할 것",식품안전나라,519
2025-11,밀배유추출물,2025-03-26,(주)그린스토어,피부보습에 도움을 줄 수 있음,피부보습에 도움을 줄 수 있음,30 mg,30 mg,"① 영유아, 어린이, 임산부 및 수유부는 섭취를 피할 것   ② 특정질환(알레르기 체질 등)이 있는 분은 섭취에 주의할 것   ③ 이상사례 발생 시 섭취를 중단하고 전문가와 상담할 것","① 영유아, 어린이, 임산부 및 수유부는 섭취를 피할 것 ② 특정질환(알레르기 체질 등)이 있는 분은 섭취에 주의할 것 ③ 이상사례 발생 시 섭취를 중단하고 전문가와 상담할 것",식품안전나라,254
2025-13,프로폴리스망고스틴껍질복합물,2025-03-26,(주)메디바이오랩,,,,,,,식품안전나라,549
2025-12,헛개나무과병·오미자박추출복합물,2025-03-26,주식회사뉴트라코어,,,,,,,식품안전나라,569
2025-14,보스웰리아추출물(FJH-BS),2025-03-26,주식회사 프롬바이오 익산공장,,,,,,,식품안전나라,285
2025-15,L. mucosae NK41과 B. longum NK46의 프로바이오틱스 복합물(NVP-2106),2025-03-26,주식회사 엔비피헬스케어,,,,,,,식품안전나라,46
2025-16,단삼주정추출분말(SAGX),2025-03-26,주식회사 큐롬바이오사이언스,,,,,,,식품안전나라,165
2025-18,헛개나무과병·오미자박추출복합물,2025-03-28,(주) 엔에스쇼핑,,,,,,,식품안전나라,569
2025-20,대두배아유산균발효물(SE5-OH),2025-05-12,한국오츠카제약(주),,,,,,,식품안전나라,172
2026-22,Lacticaseibacillus paracasei BEPC22와 Lactiplantibacillus plantarum BELP53의 프로바이오틱스 복합,2026-07-03,주식회사 헥토헬스케어,,,,,,,식품안전나라,50
2025-21,상추추출물,2025-05-12,유니바이오,,,,,,,식품안전나라,324
2025-23,덖음귤피추출분말(JRC),2025-05-12,주식회사 제이앤제이바이오헬스케어 전남센터,,,,,,,식품안전나라,181
2025-24,덖음귤피추출분말(JRC),2025-05-12,(주)알피바이오,,,,,,,식품안전나라,181
2025-25,모로오렌지추출분말(Morosil®),2025-05-12,주식회사 비티씨 오송공장,,,,,,,식품안전나라,240
2025-26,라임과피추출물,2025-05-12,주식회사 뉴트라잇,,,,,,,식품안전나라,198
2025-28,녹각효소분해추출물HP(NP-2007),2025-06-25,(주)한풍네이처팜,,,,,,,식품안전나라,155
2025-29,저분자돈태반펩타이드,2025-06-25,대한켐텍 주식회사,,,,,,,식품안전나라,449
2026-26,Lactiplantibacillus plantarum NK151과 Bifidobacterium bifidum NK175의 프로바이오틱스 복합물(LB101,2026-08-27,피비엘바이오랩 주식회사,,,,,,,식품안전나라,58
2025-30,오미자박추출물,2025-06-25,(주)서흥헬스케어,,,,,,,식품안전나라,401
2025-31,오미자박추출물,2025-06-25,주식회사 지큐바이오,,,,,,,식품안전나라,401
2025-32,Lactiplantibacillus plantarum LMT1-48 프로바이오틱스,2025-06-25,주식회사 메디톡스,,,,,,,식품안전나라,57
2025-33,감국감태추출복합물,2025-06-25,(주)에스앤디,,,,,,,식품안전나라,108
2025-34,복분자추출물(RE-20),2025-06-25,(주)빅썸바이오,,,,,,,식품안전나라,290
2025-35,루테인지아잔틴추출복합물,2025-06-25,에이지바이오테라퓨틱스 주식회사,,,,,,,식품안전나라,219
2025-36,파비플로라생강뿌리추출물,2025-06-25,닥터블릿헬스케어 주식회사,,,,,,,식품안전나라,520
2025-37,병풀추출분말,2025-06-25,주식회사 쓰리에이치랩스,,,,,,,식품안전나라,278
2025-52,지초추출분말,2025-10-16,주식회사 데이젠,,,,,,,식품안전나라,467
2025-53,강황추출물,2025-10-16,(주)알피바이오,,,,,,,식품안전나라,113
2025-38,해바라기종자추출물,2025-07-28,(주)알피바이오,,,,,,,식품안전나라,566
2025-39,살라시아레티큘라타추출물,2025-07-28,대한켐텍 주식회사,,,,,,,식품안전나라,320
2025-40,인디안구스베리·새싹보리추출복합물(IB Complex),2025-07-28,(주)에이치엘사이언스,,,,,,,식품안전나라,434
2025-41,한삼덩굴추출분말(HSy2),2025-07-28,(주)펜즈,,,,,,,식품안전나라,564
2025-44,백출양춘사추출복합물,2025-09-04,주식회사 뉴온,,,,,,,식품안전나라,274
2025-42,연어코연골추출물,2025-09-04,(주)네이처텍,,,,,,,식품안전나라,391
2025-47,Akkermansia muciniphila EB-AMDK19 열처리배양건조물,2025-09-04,동아제약(주),,,,,,,식품안전나라,3
2025-43,Lacticaseibacillus paracasei subsp. paracasei 327(K-1) 열처리배양건조물,2025-09-04,주식회사 씨에이치랩스,,,,,,,식품안전나라,52
2026-25,고소애가수분해물,2026-08-27,주식회사 한미양행,,,,,,,식품안전나라,115
2025-45,녹용유산균발효분말,2025-09-04,(주)에치와이,,,,,,,식품안전나라,157
2025-48,테트라셀미스추이건조분말,2025-09-04,(주)미래생명자원,,,,,,,식품안전나라,516
2025-50,홀리바질추출물,2025-09-04,(주) 뉴트리,,,,,,,식품안전나라,581
2025-55,Latilactobacillus sakei LB-P12 프로바이오틱스,2025-10-16,주식회사 리스큐어바이오,,,,,,,식품안전나라,69
2025-59,보리수나무열매추출물(Elaea),2025-11-17,(주)옥천당,,,,,,,식품안전나라,281
2025-57,서목태추출물,2025-11-17,주식회사 위랩,,,,,,,식품안전나라,330
2025-3,블랙커민추출물(FJ),2025-02-10,주식회사 아리비앤씨,체지방감소에 도움을 줄 수있음,체지방감소에 도움을 줄 수있음,신청원료로서 900 mg/day,신청원료로서 900 mg/day,"1. 영유아, 어린이, 임산부 및 수유부는 섭취에 주의하시기 바랍니다. 2. 특정질환(알레르기 체질 등)이 있는 분은 섭취에 주의하시기 바랍니다. 3. 이상사례 발생시 섭취를 중단하고 전문가와 상담하시기 바랍니다. 4. 공복에 복용하면 위장 장애를 일으킬 수 있으니 식후 섭취하시기 바랍니다. 5. 수술 전·후에는 섭취에 주의하시기 바랍니다.","1. 영유아, 어린이, 임산부 및 수유부는 섭취에 주의하시기 바랍니다. 2. 특정질환(알레르기 체질 등)이 있는 분은 섭취에 주의하시기 바랍니다. 3. 이상사례 발생시 섭취를 중단하고 전문가와 상담하시기 바랍니다. 4. 공복에 복용하면 위장 장애를 일으킬 수 있으니 식후 섭취하시기 바랍니다. 5. 수술 전·후에는 섭취에 주의하시기 바랍니다.",식품안전나라,296
2025-65,사프란추출물(AffronⓇ),2025-12-24,주식회사 현대바이오랜드 안산,스트레스로 인한 긴장 완화에 도움을 줄 수 있음,스트레스로 인한 긴장 완화에 도움을 줄 수 있음,28 mg/일,28 mg/일,,,식품안전나라,316
2025-51,강황추출물,2025-10-16,(주)뉴트리원,,,,,,,식품안전나라,113
2025-66,미배아발효분말,2025-12-24,(주) 뉴트리,,,,,,,식품안전나라,248
2025-60,어린도두꼬투리추출물,2025-11-17,대상웰라이프(주),,,,,,,식품안전나라,387
2025-61,어린도두꼬투리추출물,2025-11-17,고려대학교 세종산학협력단,,,,,,,식품안전나라,387
2025-67,아쉬아간다추출물(KSM-66®),2025-12-24,콜마비앤에이치(주),,,,,,,식품안전나라,376
2026-1,Lactococcus lactis subsp. lactis CAB701 프로바이오틱스,2026-02-06,(주)비케이바이오,,,,,,,식품안전나라,66
2025-68,라임카카오추출복합물,2025-12-24,코스맥스바이오(주),,,,,,,식품안전나라,199
2025-10,밀배유추출물,2025-03-26,코스맥스엔에스 주식회사,,,,,,,식품안전나라,254
2026-23,연어코연골추출물,2026-07-03,종근당건강(주),,,,,,,식품안전나라,391
2025-22,골드키위유산균발효물(Kiwibiotics®),2025-05-12,(주)바이텍 익산지점,,,,,,,식품안전나라,118
2025-27,히알루론산,2025-05-12,주영엔에스(주),,,,,,,식품안전나라,603
2025-49,홍어껍질콜라겐펩타이드,2025-09-04,영산홍어(주),,,,,,,식품안전나라,591
2025-54,강황추출물,2025-10-16,주식회사 녹십자웰빙,,,,,,,식품안전나라,113
2025-62,어린도두꼬투리추출물,2025-11-17,국립식량과학원,,,,,,,식품안전나라,387
2025-56,피롤로퀴놀린퀴논이나트륨염(NOVAQ®),2025-11-17,주식회사 노바렉스,,,,,,,식품안전나라,553
2025-69,Lacticaseibacillus paracasei HY7017 프로바이오틱스,2025-12-24,(주)에치와이 평택공장,,,,,,,식품안전나라,51
2025-64,마르멜로추출물,2025-11-17,주식회사 비엔지,,,,,,,식품안전나라,228
2025-70,마리골드꽃주정추출물(지아잔틴함유),2025-12-24,주영엔에스(주),,,,,,,식품안전나라,230
2025-63,콘드로이친황산염,2025-11-17,대한켐텍 주식회사,,,,,,,식품안전나라,494
2025-71,Akkermansia muciniphila HB05 열처리배양건조물(HB05P),2025-12-24,(주)헬스바이옴,,,,,,,식품안전나라,4
2025-72,Akkermansia muciniphila HB05 열처리배양건조물(HB05P),2025-12-24,삼양식품(주),,,,,,,식품안전나라,4
2026-2,Weissella cibaria CMU 프로바이오틱스,2026-02-09,㈜오라틱스,,,,,,,식품안전나라,88
2026-3,포도블루베리추출혼합분말,2026-02-09,주식회사 푸가,,,,,,,식품안전나라,527
2025-58,Lactiplantibacillus plantarum ATG-K2 프로바이오틱스,2025-11-17,(주)에이투젠 부설연구소,,,,,,,식품안전나라,53
2026-4,레몬버베나추출물,2026-02-09,코스맥스바이오(주),,,,,,,식품안전나라,206
2026-5,Bacillus coagulans BC99 프로바이오틱스,2026-02-09,주식회사 노바렉스,,,,,,,식품안전나라,7
2026-6,Weissella confusa WIKIM51 프로바이오틱스(Wilac D001),2026-02-09,(주)팜스빌,,,,,,,식품안전나라,89
2026-7,파비플로라생강뿌리추출물,2026-04-15,마루온 주식회사,,,,,,,식품안전나라,520
2025-17,호로파종자추출물,2025-03-26,주영엔에스(주),,,,,,,식품안전나라,577
2025-46,Akkermansia muciniphila EB-AMDK19 열처리배양건조물,2025-09-04,(주)엔테로바이옴,,,,,,,식품안전나라,3
2026-8,삽주추출분말,2026-04-15,(주)가피바이오,,,,,,,식품안전나라,322
2026-9,마리골드꽃추출물(지아잔틴함유),2026-04-15,대한켐텍 주식회사,,,,,,,식품안전나라,232
2026-10,Latilactobacillus sakei K040706 열처리배양건조물(노바사케이),2026-04-15,주식회사 노바렉스,,,,,,,식품안전나라,68
2026-11,오미자추출대두복합물,2026-04-15,문경오미자향토산업육성사업단,,,,,,,식품안전나라,402
2026-18,자색옥수수속대·포엽추출분말,2026-05-18,(주)메디언스,,,,,,,식품안전나라,441
2026-12,구기자나무뿌리껍질추출분말,2026-04-15,(주)가피바이오,,,,,,,식품안전나라,122
2026-13,Lactobacillus delbrueckii subsp. lactis CKDB001 프로바이오틱스,2026-04-15,(주)종근당바이오,,,,,,,식품안전나라,62
2026-27,블랙라즈베리한속단추출복합분말,2026-08-27,(주)나일랜드,,,,,,,식품안전나라,295
2026-14,Lactobacillus delbrueckii subsp. lactis CKDB001 프로바이오틱스,2026-04-15,주식회사 지놈앤컴퍼니,,,,,,,식품안전나라,62
2026-15,해바라기종자추출물,2026-04-15,대한켐텍 주식회사,,,,,,,식품안전나라,566
2026-16,콘드로이친황산염,2026-04-15,고려은단헬스케어 주식회사,,,,,,,식품안전나라,494
2026-28,고소애가수분해물,2026-08-27,주식회사한미양행,,,,,,,식품안전나라,115
2026-20,감태추출물,2026-05-18,한국식품연구원,,,,,,,식품안전나라,111
