rawText,ingredientMasterId
산화아연(고시형),378
비타민D3혼합제제,306
산화아연,378
비타민B6염산염,304
판토텐산칼슘(고시형),523
니코틴산아미드(고시형),147
비타민 B2(고시형),303
비타민 C(고시형),305
엽산(고시형),395
혼합제제,90
Lactiplantibacillus plantarum(고시형),541
홍삼농축액(고시형),586
건조효모,90
니코틴산아미드,147
유산균혼합분말,541
프로바이오틱스(고시형),541
비오틴(고시형),298
가르시니아캄보지아 추출물(고시형),101
d-α-토코페롤,307
판토텐산칼슘,523
비타민B1염산염,301
비타민B2,303
황산망간(고시형),236
Bifidobacterium animalis ssp. lactis(고시형),541
비타민 B6(고시형),304
Lacticaseibacillus rhamnosus(고시형),541
산화마그네슘(고시형),226
비타민 D3(고시형),306
아셀렌산나트륨(고시형),336
비타민 B1염산염(고시형),301
건조효모(셀렌함유),336
EPA 및 DHA 함유 유지(고시형),25
비타민C,305
비타민 E(고시형),307
마리골드꽃추출물(고시형),231
엽산,395
바나바잎 추출물(고시형),260
Bifidobacterium longum(고시형),541
글루콘산아연(고시형),378
엠에스엠(고시형),389
Lactobacillus acidophilus(고시형),541
비타민E혼합제제,307
밀크씨슬(카르두스 마리아누스) 추출물(고시형),258
비타민 A 혼합제제,300
황산망간,236
은행잎추출물(고시형),430
비타민K1혼합제제,308
건조효모(크롬함유),501
비타민 B12(고시형),302
비타민B12,302
분말비타민A혼합제제,300
차전자피식이섬유(고시형),471
비타민 B1(고시형),301
산화마그네슘,226
비타민B12혼합제제분말,302
Bifidobacterium bifidum(고시형),541
비오틴,298
셀레늄(고시형),336
Streptococcus thermophilus(고시형),541
아셀렌산나트륨,336
D-알파-토코페롤(고시형),307
해조칼슘,491
비타민 B1질산염(고시형),301
코엔자임Q10(고시형),493
비타민 A(고시형),300
비타민D3혼합제제분말,306
프로폴리스추출물(고시형),550
푸마르산제일철(고시형),482
Limosilactobacillus reuteri(고시형),541
스테아린산마그네슘(고시형),90
칼슘(고시형),491
Bifidobacterium breve(고시형),541
Lacticaseibacillus casei(고시형),541
글루콘산동(고시형),124
포스파티딜세린(고시형),530
Lactococcus lactis(고시형),541
정제어유,25
건조효모(비타민D),306
건조효모(몰디브덴함유),243
홍삼농축액,586
글루콘산아연,378
헤마토코쿠스추출물(고시형),572
난소화성말토덱스트린(고시형),153
Enterococcus faecium(고시형),541
비타민C혼합제제,305
Lacticaseibacillus paracasei(고시형),541
요오드칼륨(고시형),414
피리독신염산염(고시형),304
황산동(고시형),124
프락토올리고당(고시형),540
Limosilactobacillus fermentum(고시형),541
비오틴 혼합분말,298
크롬(고시형),501
녹차추출물(고시형),159
푸마르산제일철,482
옥타코사놀(고시형),408
히알루론산(고시형),603
L-테아닌(고시형),43
Lactobacillus helveticus(고시형),541
Lactobacillus gasseri(고시형),541
홍경천 추출물(고시형),582
쏘팔메토 열매 추출물(고시형),363
홍삼,586
"NAG(엔에이지, N-아세틸글루코사민, N-Acetylglucosamine)(고시형)",77
비타민E혼합제제분말,307
녹차추출물분말(고시형),159
비타민B1질산염,301
비타민 D(고시형),306
홍삼(고시형),586
유청단백분말,163
프로바이오틱스분말(고시형),541
뮤코다당.단백(고시형),245
황산동,124
글루콘산마그네슘(고시형),226
홍삼농축액분말,586
메틸테트라히드로엽산글루코사민,395
비타민 K1(고시형),308
몰리브덴(고시형),243
베타카로틴혼합제제,277
비타민 K2(고시형),308
요오드칼륨,414
글루콘산동,124
건조효모(아연함유),378
옥타코사놀 함유 유지(고시형),408
탄산칼슘(고시형),491
테아닌(고시형),514
Ligilactobacillus salivarius(고시형),541
비타민 D3 혼합제제유지,306
베타카로틴(고시형),277
피로인산제이철(고시형),482
비오틴 혼합,298
6년근(고시형),586
유청칼슘,491
프로폴리스추출물분말,550
회화나무열매추출물(고시형),597
아연(고시형),378
구연산칼슘(고시형),491
분말비타민D3혼합제제,306
분말비타민B12혼합제제,302
나이아신(고시형),147
기타가공품,142
스테아린산마그네슘,90
7종 혼합유산균,541
홍국분말(고시형),584
인디안구스베리추출물분말,305
홍삼농축액(농축물),586
비타민K2,308
탄산칼슘,491
해조혼합분말,491
레티닐 팔미트산염 혼합제제,300
대두이소플라본(고시형),175
분리대두단백,163
홍국(고시형),584
비타민A혼합분말,300
쌀발효분말,226
콜레우스포스콜리 추출물(고시형),496
흑삼농축액,586
폴리감마글루탐산(고시형),532
밀크씨슬추출물,259
발효홍삼농축액,586
글루콘산마그네슘,226
건조효모(비오틴 함유),298
프락토올리고당,540
밀크씨슬추출물분말,259
보라지유(고시형),109
황산아연(고시형),378
구연산칼슘,491
피로인산제이철 혼합제제,482
마그네슘(고시형),226
d-α-토코페릴호박산,307
유성비타민A지방산에스테르,300
비타민D3 분말,306
옥타코사놀분말(고시형),408
크레아틴(고시형),500
바나바잎추출물,260
젖산마그네슘(고시형),226
단백질(고시형),163
비타민 A 혼합제제분말,300
비타민 K 혼합제제,308
감마리놀렌산 함유 유지(고시형),109
산호분말,491
DL-알파-토코페릴초산염 혼합제제,307
히알루론산,603
Lactobacillus delbrueckii ssp. bulgaricus(고시형),541
Lactobacillus bulgaricus,541
패각분말,491
인삼농축액,435
DL-알파-토코페롤(고시형),307
피로인산제이철,482
수산화마그네슘(고시형),226
비타민 K(고시형),308
홍삼분말,586
D-알파-토코페릴초산염혼합제제,307
L-젖산마그네슘,226
밀크씨슬(고시형),258
공액리놀레산(고시형),120
효모식품,90
Lactobacillus bulgaricus(고시형),541
루테인지아잔틴복합추출물(기능성원료인정제2018-4호),215
판토텐산(고시형),523
비타민 D3,306
스피루리나(고시형),347
요오드(고시형),414
황산아연,378
인산철(고시형),482
젖산칼슘(고시형),491
콜레우스포스콜리추출물(기능성원료인정제2012-5호),496
니코틴산(고시형),147
레몬추출분말,395
가르시니아캄보지아 추출물,101
분리대두단백분말,163
저분자콜라겐펩타이드(제2023-33호),452
ｄ-α-토코페릴호박산(고시형),307
조류추출유지,25
철(고시형),482
레티닐 팔미트산염(고시형),300
아세로라추출분말,305
L-아스코브산칼슘(고시형),305
우유단백,163
망간(고시형),236
L-아스코브산나트륨,305
돌외잎주정추출분말(액티포닌®)(기능성원료인정제2013-8호),187
루테인(고시형),214
L-아스코브산나트륨(고시형),305
Lactobacillus plantarum,541
"락토바실루스 아시도필루스 유산균{LACTOBACILLUS ACIDOPHILUS의 생균으로 100,000,000,000개/g 이상, 희석제(옥수수전분) 적량}",541
알로에 겔(고시형),381
알로에베라(고시형),381
귀리식이섬유(고시형),132
알로에베라겔동결건조분말,381
저분자콜라겐펩타이드GT(기능성원료인정제2022-6호),454
칼슘분말(고시형),491
해조분말,491
강황추출물(제2023-5호),113
루테인지아잔틴복합추출물(기능성원료인정제2018-11호),215
자일로올리고당(xylooligosaccharide) 분말(기능성원료인정제2009-80호),442
염화크롬(고시형),501
인삼(고시형),435
토마토추출물(고시형),517
10종혼합유산균분말,541
스페인감초추출물(기능성원료인정제2014-4호),346
프로폴리스(고시형),550
Enterococcus faecalis(고시형),541
건조효모(비타민D2),306
그린커피빈주정추출물(기능성원료인정제2018-6호),135
비타민B12혼합분말,302
빌베리 추출물(고시형),310
홍삼농축액(농축물)분말,588
산양유분말,163
인산철,482
키토산(고시형),506
Bifidobacterium animalis ssp lactis분말(고시형),541
Bifidobacterium longum,541
N-아세틸글루코사민,75
"가르시니아캄보지아 추출물분말(가루, 과립)",101
백수오 등 복합추출물(기능성원료인정제2010-20호),273
분말비타민 A(고시형),300
은행잎추출물분말,430
제삼인산칼슘(고시형),491
테아닌,514
파라다이스넛추출물분말,336
HK 나토배양물(기능성원료인정제2009-50호),33
리스펙타(Respecta®)[프로바이오틱스 등 복합물](기능성원료인정제2019-26호),223
보라지 종자(고시형),109
비타민 D 혼합제제,306
비타민 D3 혼합분말,306
유산균발효굴추출물(FGO)(제2024-26호),422
헴철,482
Lactobacillus acidophilus,541
아프리카망고 종자추출물(IGOB131)(기능성원료인정제2015-14호),380
프로바이오틱스(드시모네)(기능성원료인정제2009-28호),547
Bifidobacterium infantis,541
김치유산균혼합분말,541
발효홍삼농축액분말,586
염화칼륨(고시형),490
은행잎추출물,430
탄산칼슘혼합제제,491
헴철(고시형),482
글루코사민황산염분말(고시형),139
마리골드꽃추출물(지아잔틴함유)(제2025-7호),232
알로에겔분말농축(고시형),381
제이인산칼슘(고시형),491
클로렐라(고시형),505
녹차추출물,159
아쉬아간다 추출물(ShodenⓇ)(제2022-27호),375
풋사과추출물 애플페논(Applephenon)(기능성원료인정제2015-9호),539
프로폴리스추출물,550
레몬껍질추출물분말,395
밀크씨슬(카라두스 마리아누스)추출물(고시형),258
비타민E,307
젖산칼슘,491
"차전자피분말(가루, 과립)",470
5종혼합유산균,541
L-카르니틴 타르트레이트(기능성원료인정제2012-19호),42
분말비타민 A,300
비타민 B12 혼합제제,302
비타민 B2(Riboflavin),303
석류농축액(기능성원료인정제2014-22호),333
스페인감초추출물(기능성원료인정제2019-7호),346
식품첨가물혼합제제,90
D-알파-토코페롤 혼합제제,307
곤약감자추출물(고시형),116
니코틴산,147
몰리브덴산나트륨(고시형),243
비타민 C(L-Ascorbic acid),305
수산화마그네슘,226
저분자콜라겐펩타이드 AG(제2023-10호),453
감태추출물(기능성원료인정제2015-6호),111
미숙여주주정추출분말(기능성원료인정제2020-14호),249
인동덩굴꽃봉오리추출물(그린세라-F)(기능성원료인정제2019-14호),134
폴리덱스트로스(고시형),533
L. curvatus HY7601와 L. plantarum KY1032의 프로바이오틱스 복합물(제2019-4호),45
베타글루칸분말(기능성원료인정제2020-10호),276
셀렌산나트륨(고시형),336
알로에전잎(고시형),382
인삼분말,435
폴리감마글루탐산,532
"디메틸설폰(Methyl sulfonylmethane, MSM)분말(고시형)",389
마리골드 꽃(고시형),231
모로오렌지추출분말(Morosil®)(기능성원료인정제2021-7호),240
시서스추출물(기능성원료인정제2018-14호),350
저분자콜라겐펩타이드(제2023-14호),452
Lactobacillus rhamnosus,541
이눌린/치커리추출물(고시형),432
나이아신,147
나토균배양분말(기능성원료인정제2013-6호),148
난소화성말토덱스트린분말(고시형),153
분리유단백분말,163
완두단백,163
유단백가수분해물(락티움)(기능성원료인정제2020-2호),419
Bifidobacterium breve B-3 프로바이오틱스(제2023-2호),10
키토산분말(고시형),506
Lactobacillus helveticus,541
석류농축분말(기능성원료인정제2018-8호),331
석류추출물(기능성원료인정제2015-28호),332
유산균배양건조물,541
태극삼(고시형),435
"비타민 C분말(가루, 과립)",305
자몽추출물등 복합물(Sinetrol)(기능성원료인정제2019-24호),440
"Lactobacillus acidophilus분말(가루, 과립)(생균으로 100,000,000,000개/g 이상, 보호제 및 희석제 적량)",541
"Lactobacillus rhamnosus분말(가루, 과립)(생균으로 100,000,000,000개/g 이상, 보호제 및 희석제 적량)",541
레몬 밤 추출물 혼합분말(기능성원료인정제2010-24호),204
루테인지아잔틴복합추출물20%(기능성원료인정제2013-23호),216
마리골드꽃추출물(지아잔틴함유)(제2026-9호),232
비타민 A 아세테이트 분말,300
유청분말,90
젖산철(고시형),482
타마린드강황주정추출복합물(TamaFlexⓇ)(제2024-12호),510
미강주정추출물(기능성원료인정제2018-3호),247
미역 등 복합추출물(잔티젠)(기능성원료인정제2013-10호),250
비타민 B2 인산에스테르나트륨(고시형),303
Bifidobacterium bifidum,541
Lactobacillus sakei Probio65(기능성원료인정제2013-17호),65
꾸지뽕잎추출물(기능성원료인정제2021-16호),145
비타민 A,300
비타민 E 혼합분말,307
비타민C혼합분말,305
옥타코사놀,408
젖산철,482
코엔자임 Q10,493
풋사과추출물 애플페논(Applephenon)(기능성원료인정제2019-21호),539
호박씨추출물 등 복합물(기능성원료인정제2014-43호),579
나토균배양분말(기능성원료인정제2012-7호),148
인삼,435
인삼농축액분말,435
6년근농축액(농축물),586
"Bifidobacterium animalis spp. lactis분말(가루, 과립)(생균으로 100,000,000,000개/g 이상, 보호제 및 희석제 적량)",541
루바브뿌리추출물(기능성원료인정제2021-17호),212
보이차추출물(기능성원료인정제2014-7호),289
알로에아보레센스(고시형),382
피쉬 콜라겐펩타이드(기능성원료인정제2019-12호),555
Bifidobacterium lactis,541
강황 추출물(터마신)(기능성원료인정제2014-2호),112
"락토바실루스 람노수스 유산균{LACTOBACILLUS RHAMNOSUS의 생균으로 100,000,000,000개/g 이상, 희석제(옥수수전분) 적량}",541
레몬버베나추출물 등 복합물(티에뜨레Ⓡ)(제2022-13호),207
보스웰리아추출물(SERRATRIN)(기능성 원료 인정서 제2022-17호),287
보스웰리아추출물등 복합물(Flexir)(기능성원료인정제2021-9호),288
유산균배양액,541
황기추출물 등 복합물(HT042)(기능성원료인정제2014-40호),594
"Streptococcus thermophilus분말(가루, 과립)(생균으로 100,000,000,000개/g 이상, 보호제 및 희석제 적량)",541
그린커피빈추출물(기능성원료인정제2014-31호),136
분리유단백,163
비타민K1혼합분말,308
오미자추출물(기능성원료인정제2018-9호),403
제삼인산칼슘,491
프로바이오틱스 HY7714(기능성원료인정제2015-1호),543
4년근(고시형),586
HK표고버섯균사체(기능성원료인정제2010-35호),34
과채유래유산균(L.plantarum CJLP133)(기능성원료인정제2013-11호),55
당근추출분말,277
보스웰리아 추출물(Boswellia serrata R. extract)(기능성원료인정제2014-23호),283
유산균,541
저분자 피쉬 콜라겐 펩타이드 (Naticol® BPMG)(제2023-25호),448
칼슘혼합제제,491
Lactiplantibacillus plantarum,541
귀리단백,163
난각칼슘,491
달맞이꽃종자유,109
마리골드꽃주정추출물(지아잔틴함유)(제2025-70호),230
분리완두단백,163
비타민B2혼합제제,303
제이인산칼슘,491
대두이소플라본,175
"산화아연분말(가루, 과립)",378
파크랜크랜베리분말(기능성원료인정제2014-34호),522
피크노제놀-프랑스해안송껍질추출물<PYCNOGENOL>(기능성원료인정제2006-1호),558
"홍삼분말(가루, 과립)",586
"Bifidobacterium longum분말(가루, 과립)(생균으로 100,000,000,000개/g 이상, 보호제 및 희석제 적량)",541
"Lactobacillus acidophilus분말(가루, 과립)(생균으로 100,000,000,000개/g 이상, 희석제(옥수수전분) 적량)",541
Lactobacillus gasseri BNR17(기능성원료인정제2017-6호),63
공액리놀레산,120
나토배양물(분말)(기능성원료인정제2009-50호),33
"녹차추출물분말(가루, 과립)",159
루테인지아잔틴복합추출물(기능성원료인정제2019-16호),215
"밀크씨슬(카르두스마리아누스)추출물분말(가루, 과립)",258
쏘팔메토 열매추출물,363
염화마그네슘(고시형),226
"은행잎추출물분말(가루, 과립)",430
청국장균배양정제물(폴리감마글루탐산칼륨)(기능성원료인정제2012-25호),483
초록입홍합추출오일(기능성원료인정제2009-49호),224
글루코사민염산염분말(고시형),139
농축유청,163
루테인지아잔틴추출복합물(제2025-35호),219
마늘(고시형),227
밀크씨슬(카르두스마리아누스)추출물,258
"비타민 D3 혼합제제분말(가루, 과립)",306
"비피도박테리움 락티스 비피더스균{BIFIDOBACTERIUM LACTIS의 생균으로 100,000,000,000개/g 이상, 희석제(옥수수전분) 적량}",541
염화칼륨,490
엽산혼합제제,395
유단백가수분해물(고시형),418
참당귀 추출분말(Nutragen)(기능성원료인정제2014-44호),476
"Streptococcus thermophilus분말(가루, 과립)(생균으로 100,000,000,000개/g 이상, 희석제(옥수수전분) 적량)",541
dl-α-토코페릴아세테이트,307
가르시니아캄보지아껍질추출물분말,93
구리(고시형),124
구아바잎추출물 등 복합물(BENDU381)(기능성원료인정제2009-16호),129
"락토바실루스 플란타룸 유산균{LACTOBACILLUS PLANTARUM의 생균으로 100,000,000,000개/g 이상, 희석제(옥수수전분) 적량}",541
"비타민 B6 염산염분말(가루, 과립)",304
비타민 K1,308
비타민B6염산염혼합제제,304
피브로인추출물 BF-7(기능성원료인정제2009-46호),554
핑거루트추출분말(판두라틴)(기능성원료인정제2013-5호),561
해조분말(비소성),491
헛개나무과병추출분말(기능성원료인정제2016-10호),570
흑삼,586
흑삼분말,586
4종혼합유산균,541
Bifidobacterium breve,541
L-아스코브산칼슘,305
Lacticaseibacillus rhamnosus,541
Lactiplantibacillus plantarum HAC01 프로바이오틱스(제2022-21호),56
건조효모분말,90
"건조효모분말(가루, 과립)",90
과.채가공품,305
난소화성말토덱스트린,153
락추로스파우더(기능성원료인정제2009-40호),201
"비타민 B2분말(가루, 과립)",303
"비피도박테리움 롱굼 비피더스균{BIFIDOBACTERIUM LONGUM의 생균으로 100,000,000,000개/g 이상, 희석제(옥수수전분) 적량}",541
"비피도박테리움 롱굼 비피더스균{BIFIDOBACTERIUM LONGUM의 생균으로 50,000,000,000개/g 이상, 희석제(옥수수전분) 적량}",541
"스트렙토코쿠스 써모필루스 유산균{STREPTOCOCCUS THERMOPHILUS의 생균으로 100,000,000,000개/g 이상, 희석제(옥수수전분) 적량}",541
와사비잎추출물(NCWL01)(제2023-17호),412
자일로올리고당분말(기능성원료인정제2009-80호),442
저분자콜라겐펩타이드(기능성원료인정제2013-30호),452
저분자콜라겐펩타이드NS(기능성원료인정제2019-20호),455
카제인칼슘,163
Bacillus coagulans SNZ 1969 프로바이오틱스(제2023-34호),8
"Lactobacillus plantarum분말(가루, 과립)(생균으로 100,000,000,000개/g 이상, 보호제 및 희석제 적량)",541
Lactobacillus reuteri,541
UREX 프로바이오틱스(기능성원료인정제2014-27호),87
돌외잎주정추출분말(기능성원료 인정 제2013-8호),186
들기름,560
로즈마리추출물등복합물(기능성원료인정제2021-18호),210
마리골드꽃추출물(지아잔틴함유)(제2024-25호),232
매스틱 검(기능성원료인정제2014-50호),237
보라지 종자유지(Oil),109
보라지종자유,109
비타민B1질산염혼합제제,301
알콕시글리세롤 함유 상어간유(고시형),383
인디안구스베리추출물,305
허니부쉬추출발효분말(기능성원료인정제2017-3호),568
헛개나무과병추출분말(기능성원료인정제2008-55호),570
홍삼발효 농축액,586
Lactobacillus acidophilus YT1(기능성원료인정제2019-22호),61
달맞이꽃종자 추출물(고시형),166
대두단백분말,163
발효율피추출분말(기능성원료인정제2021-4호),270
베타카로틴혼합제제분말,277
분말비타민A(비타민A로서9.7%함유),300
"비타민 D3분말(가루, 과립)",306
"비피도박테리움 비피둠 비피더스균{BIFIDOBACTERIUM BIFIDUM의 생균으로 50,000,000,000개/g 이상, 희석제(옥수수전분) 적량}",541
스피루리나,347
스피루리나원말,348
쏘팔메토열매(고시형),363
아스코르빈산칼슘(고시형),305
콘드로이친황산염(제2025-63호),494
피크노제놀-프랑스해안송껍질추출물(기능성원료인정제2006-1호),558
혼합유산균6종,541
B.breve IDCC 4401(BBR4401) 열처리배양건조물(기능성원료인정제2021-5호),5
EPA 및 DHA 함유유지,25
Lactiplantibacillus plantarum TWK10 프로바이오틱스(제2022-32호),64
MSM,389
Streptococcus thermophilus,541
구절초추출물(기능성원료인정제2021-12호),130
난각막가수분해물(NEM®)(제2024-9호),151
니코틴산아미드혼합제제,147
대두단백,163
대두레시틴(고시형),208
"디메틸설폰(Methyl sulfonylmethane, MSM)",389
락티카제이바실러스 람노서스 아이디씨씨3201 열처리배양건조물(제2018-12호),48
레몬밤민들레추출복합물(LD100)(기능성원료제2022-23호),205
리프리놀-초록입홍합추출오일(기능성원료인정제2009-49호),224
"비타민 D3 혼합제제유지(Oil)(비타민D3 2.5%, 중쇄중성지방산오일 97.25%, 비타민E 0.25%)",306
비타민 K 혼합제제 분말,308
"비피도박테리움 비피둠 비피더스균{BIFIDOBACTERIUM BIFIDUM의 생균으로 100,000,000,000개/g 이상, 희석제(옥수수전분) 적량}",541
셀레늄함유건조효모,336
천마 등 복합추출물(HX106)(기능성원료인정제2015-17호),479
크랜베리 추출물(Cran-Max)(기능성원료인정제2010-39호),499
3종 혼합유산균,541
"Bifidobacterium bifidum분말(가루, 과립)(생균으로 100,000,000,000개/g 이상, 보호제 및 희석제 적량)",541
"Bifidobacterium longum분말(가루, 과립)(생균으로 100,000,000,000개/g 이상, 희석제(옥수수전분) 적량)",541
"Lactobacillus rhamnosus분말(가루, 과립)(생균으로 100,000,000,000개/g 이상, 희석제(옥수수전분) 적량)",541
가르시니아캄보지아껍질추출물,93
건조효모&#40,306
구아검가수분해물(고시형),125
구아바잎추출물 등 복합물(기능성원료인정제2009-16호),129
까마귀쪽나무 열매 주정추출물(기능성원료인정제2015-23호),143
대두단백(고시형),163
바나바추출물분말,260
배초향 추출물(Agatri)(기능성원료인정제2020-4호),272
비타민B2인산에스테르나트륨,303
"비피도박테리움 브레브 비피더스균{BIFIDOBACTERIUM BREVE의 생균으로 100,000,000,000개/g 이상, 희석제(옥수수전분) 적량}",541
수국잎열수추출물(기능성원료인정제2020-7호),343
"엽산분말(가루, 과립)",395
작약추출물등복합물(HT074)(기능성원료인정제2020-3호),445
정제수,90
제이인산칼륨(고시형),490
차전자피분말,471
크릴오일(SuperbaTM Boost)(제2023-13호),502
"키토산분말(가루, 과립)",506
탄산마그네슘(고시형),226
프로바이오틱스,541
호로파종자추출물(TestofenⓇ)(기능성원료인정제2019-15호),578
황산마그네슘,226
D-α-토코페롤(비타민E 67%),307
L-아스코르빈산나트륨,305
"Lactobacillus plantarum분말(가루, 과립)(생균으로 100,000,000,000개/g 이상, 희석제(옥수수전분) 적량)",541
Latilactobacillus curvatus LB-P9 프로바이오틱스(제2025-5호),67
가다랑어 엘라스틴 펩타이드(VGPG Elastin®)(제2022-38호),92
가르시니아캄보지아추출물분말,101
구연산칼륨(고시형),490
글루코사민염산염,139
글루코사민염산염분말,139
달맞이 꽃 종자(고시형),109
댕댕이나무열매(허니베리)추출분말(제2019-19호),180
레몬 밤 추출물 혼합분말,204
로즈마리자몽추출복합물(Nutroxsun)(기능성원료인정제2019-25호),209
"비타민 B1염산염분말(가루, 과립)",301
비타민 D2(고시형),306
"비타민 E 혼합제제분말(가루, 과립)(DL-알파토코페릴아세테이트 50%, 변성전분 24.5%, 말토덱스트린 24.5%, 이산화규소 1%)",307
쌀단백분말,163
아스코르빈산칼슘,305
"옥타코사놀분말(가루, 과립)",408
유산균발효다시마추출물(기능성원료인정제2011-22호),424
인삼농축액(농축물),435
자일로올리고당(기능성원료인정제2009-80호),442
차즈기추출물(기능성원료인정제2019-17호),472
초유단백분말,163
클로렐라원말,505
포도과피 효소발효추출물(KL-GEFE)(기능성원료인정제2019-27호),526
폴리덱스트로스,533
"프로폴리스추출물분말(가루, 과립)",550
헤모힘 당귀등 혼합추출물(기능성원료인정제2006-17호),573
회화나무열매추출물,597
회화나무열매추출분말,597
"Bifidobacterium animalis spp. lactis분말(가루, 과립)(생균으로 100,000,000,000개/g 이상, 희석제(옥수수전분) 적량)",541
"Bifidobacterium breve분말(가루, 과립)(생균으로 100,000,000,000개/g 이상, 보호제 및 희석제 적량)",541
L.Sakei Probio 65동결건조,65
"Lactobacillus casei분말(가루, 과립)(생균으로 100,000,000,000개/g 이상, 보호제 및 희석제 적량)",541
감잎주정추출분말(제2022-18호),110
건조효모(I),90
"락토바실루스 카제이 유산균{LACTOBACILLUS CASEI의 생균으로 100,000,000,000개/g 이상, 희석제(옥수수전분) 적량}",541
비타민 D 혼합,306
"비타민 D3 혼합제제분말(가루, 과립)(비타민D3 0.25, 아라비아검38, 수크로오스38, 옥수수전분15.55, 정제가공유지7.5, 이산화규소0.5, DL-알파토코페롤0.2)",307
비타민D&#41,306
비타민E혼합제제DL-알파-토코페릴초산염,307
솔잎증류농축액(기능성원료인정제2012-30호),339
"스트렙토코쿠스 써모필루스 유산균{STREPTOCOCCUS THERMOPHILUS의 생균으로 50,000,000,000개/g 이상, 희석제(옥수수전분) 적량}",541
우슬 등 복합물(HL-Joint100)(기능성원료인정제2018-13호),416
천마추출물(제2024-19호),480
"탄산칼슘분말(가루, 과립)",491
파비플로라생강뿌리추출물(제2024-14호),520
"홍삼농축액(농축물)(홍삼근70%, 홍미삼30%)",588
황산마그네슘(고시형),226
Bifidobacteriuminfantis(고시형),541
D-α-토코페롤(대두),307
L.sakei Probio65(기능성원료인정제2013-17호),65
Lactobacillus gasseri,541
Lactobacillus plantarum동결건조,541
MS-10 엉겅퀴등복합추출물(기능성원료인정제2020-6호),72
d-α-토코페릴아세테이트,307
"가수분해유청단백분말(가루, 과립)",163
건조효모(셀렌),336
곰피추출물(기능성원료인정제2018-1호),119
구아바잎추출분말,127
다래추출물(기능성원료인정제2009-58호),385
덱스트린,90
두류가공품,163
들깨추출유,560
"디메틸설폰(Methyl sulfonylmethane, MSM)분말(가루, 과립)",389
락추로스 파우더(Lactulose Powder)(기능성원료인정제2009-40호),201
루바브뿌리추출물(ERr731Ⓡ)(제2024-17호),213
마카 젤라틴화 분말(기능성원료인정제2011-7호),233
"비타민 A 혼합제제분말(가루, 과립)(레티닐아세트산염 11.5%, 말토덱스트린 47%, 옥수수전분 20%, 아라비아검 20%, DL-알파토코페롤 1.5%)",307
비타민E[비타민E(D-α-토코페롤)(비타민E-67%)],307
"비피도박테리움 인판티스 비피더스균{BIFIDOBACTERIUM INFANTIS의 생균으로 100,000,000,000개/g 이상, 희석제(옥수수전분) 적량}",541
석류추출물,332
"셀레늄함유건조효모분말(가루, 과립)",336
소연골추출분말,245
식물성DHA유지,25
아티초크 추출물(기능성원료인정제2010-8호),379
옥수수배아추출물(기능성원료인정제2014-8호),405
올리브잎주정추출물(기능성원료인정제2014-9호),409
유산균혼합배양액,541
유청분말(비소성),90
이눌린치커리추출물분말(고시형),432
클로렐라,505
키토올리고당분말(고시형),508
풋사과 농축분말(APPLOZIN®)(제2024-4호),537
프로폴리스,550
홍삼농축액(6년근),586
AP 콜라겐 효소분해 펩타이드(기능성원료인정제2010-25호),1
"Bifidobacterium bifidum분말(가루, 과립)(생균으로 100,000,000,000개/g 이상, 희석제(옥수수전분) 적량)",541
"Bifidobacterium longum분말(가루, 과립)(BIFIDOBACTERIUM LONGUM의 생균으로 100,000,000,000개/g 이상, 보호제 및 희석제 적량)",541
L. plantarum IM76과 B.longum IM55 복합물(NVP1703)(기능성인정제2019-28호),49
Lactobacillus casei동결건조,541
"Lactobacillus casei분말(가루, 과립)(생균으로 100,000,000,000개/g 이상, 희석제(옥수수전분) 적량)",541
"Lactobacillus plantarum분말(가루, 과립)",541
가자추출물(Ayuflex®)(기능성원료인정제2022-12호),105
감마리놀렌산(고시형),109
농축유단백,163
다래추출물(기능성원료인정제2009-18호),161
루테인추출물,214
밀배유추출물(제2025-10호),254
바나바잎(고시형),260
베타카로틴,277
베타카로틴혼합,277
병풀추출분말(기능성원료인정제2021-24호),278
"분리유청단백분말(가루, 과립)",163
"비타민 B12 혼합제제분말(가루, 과립)(비타민B12 1%, 제이인산칼슘 99%)",302
비타민 B6 염산염(비타민B6 82%),304
비타민 D 혼합제제분말,306
비타민B1혼합제제,301
비타민E(D-α-토코페롤),307
산화아연(아연 80%),378
쌀가루,249
쑥부쟁이추출분말(기능성원료인정제2021-13호),366
옥타코사놀 함유 유지,408
지방산복합물 FAC(Fatty Acid Complex)(기능성원료인정제2012-16호),464
청호추출분말(리베라템)(제2021-19호),484
콜레우스포스콜리추출물,496
크레아틴,500
키토산,506
키토올리고당(고시형),508
키토올리고당(기능성원료인정제2018-10호),508
피니톨(기능성원료인정제2005-15호),551
피롤로퀴놀린퀴논이나트륨염(NOVAQ®)(제2025-56호),553
필수지방산(고시형),560
Lactobacillus acidophilus동결건조,541
"Lactobacillus acidophilus분말(가루, 과립)(LACTOBACILLUS ACIDOPHILUS의 생균으로 100, 000, 000, 000개/g 이상, 보호제 및 희석제 적량)",544
Lactobacillus rhamnosus동결건조,541
"Lactobacillus rhamnosus분말(가루, 과립)(LACTOBACILLUS RHAMNOSUS의 생균으로 100,000,000,000개/g 이상, 보호제 및 희석제 적량)",541
"MSM분말(가루, 과립)",73
Streptococcus thermophilus동결건조,541
"Streptococcus thermophilus분말(가루, 과립)(STREPTOCOCCUS THERMOPHILUS의 생균으로 100, 000, 000, 000개/g 이상, 보호제 및 희석제 적량)",544
가수분해유청단백,163
건조효모(II),90
건조효모(크롬),501
글루코사민 황산염,139
기장밀추출복합물(KeranatTM)(제2024-16호),141
동결건조누에분말(기능성원료인정제2009-67호),188
라임과피추출물(제2025-26호),198
라피노스(고시형),200
"락토바실루스 람노수스 유산균{LACTOBACILLUS RHAMNOSUS의 생균으로 200,000,000,000개/g 이상, 희석제(옥수수전분) 적량}",541
락토페린(우유정제단백질)(기능성원료인정제2013-20호),202
루테인,214
루테인추출물(고시형),214
무기질혼합용액,226
"분말비타민A혼합제제[비타민A함량 9.75%(분말비타민A 11.5%, DL-알파-토코페롤 1.5%, 말토덱스트린 47%, 아라비아검 20%, 옥수수전분 20%)]",307
비타민 B12 혼합,302
"비타민 B12분말(가루, 과립)",302
비타민 D3유지(Oil),306
"비타민 E분말(가루, 과립)",307
소연골분말,245
스피루리나분말,347
알로에전잎분말,382
양춘사추출물(제2023-6호),386
"엔테로코쿠스 페슘 유산균{ENTEROCOCCUS FAECIUM의 생균으로 100,000,000,000개/g 이상, 희석제(옥수수전분) 적량}",541
우유단백질,163
유산균발효굴추출물(FGO)(제2024-27호),422
유청단백,163
"유청칼슘분말(가루, 과립)",491
저분자콜라겐펩타이드SH(기능성원료인정제2022-5호),456
정제어유(유지),25
차전자피,469
참당귀황기추출복합물(SHPro®)(제2024-28호),477
천심련추출물(ParActinⓇ)(기능성원료인정제2022-3호),481
칸탈로프멜론추출물(기능성원료인정제2008-9호),489
크레아틴 모노하이드레이트,500
타히보 추출물 (TabetriⓇ)(기능성원료인정제2022-2호),511
탄산마그네슘,226
표고버섯균사체(기능성원료인정제2008-78호),535
피로인산제이철 혼합제제분말,482
피리독신염산염,304
한삼덩굴추출분말(HSy2)(제2025-41호),564
호로파종자 등 추출복합물(기능성원료 인정 제2017-5호),575
홍삼(제2024-20호),586
"Bifidobacterium breve분말(가루, 과립)(BIFIDOBACTERIUM BREVE의 생균으로 100,000,000,000개/g 이상, 보호제 및 희석제 적량)",541
"Bifidobacterium breve분말(가루, 과립)(생균으로 100,000,000,000개/g 이상, 희석제(옥수수전분) 적량)",541
Bifidobacterium longum동결건조,541
L-아르기닌(기능성원료인정제2015-19호),41
Lactiplantibacillus plantarum C29 프로바이오틱스와 발효대두분말의 복합물(DW2009)(제2022-43호),54
Lactobacillus plantarum TWK10 프로바이오틱스(제2022-32호),64
Lactococcus lactis동결건조,541
MR-10 민들레등복합추출물,71
MR-10 민들레등복합추출물(기능성원료 인정 제2013-31호),71
감국감태추출복합물(제2025-33호),108
건조맥주효모,147
곡류 단백(고시형),163
귀리식이섬유,132
"난소화성말토덱스트린분말(가루, 과립)",153
당귤농축분말(ROCH)(제2023-44호),169
돈태반 발효추출물(기능성원료인정제2019-31호),184
로즈마리자몽추출복합물(기능성원료인정제2019-25호),209
로즈힙분말(기능성원료 인정 제2013-1호),211
발효쇠무릅뿌리추출고형분,268
발효인삼농축액,435
보라지유,109
분리유청단백,163
비수리추출분말(제2022-40호),297
비타민A유,300
비타민B1(염산염78%),301
비타민C(100%),305
비타민D3 오일,306
"비타민D3혼합제제(비타민D3 0.25%, DL-알파-토코페롤 0.2%, 가공유지 7.5%, 아라비아검 38%, 설탕 38%, 옥수수전분 16.05%)",306
비타민K분말,308
비티진효소 홍삼농축액,586
사군자추출분말(기능성원료인정제2021-3호),313
사삼추출물(제2022-7호),314
쇠비름주정추출분말(KDC16-2)(기능성원료인정제2019-18호),341
스쿠알렌(고시형),345
"스피루리나분말(가루, 과립)",347
알로에겔분말,381
알로에베라겔농축분말,381
액상 다래추출물(기능성원료인정제2009-58호),385
에키네시아추출물(제2023-1호),388
유단백가수분해물(락티움),419
인삼(뿌리)농축액(농축물),435
초록입홍합추출오일복합물(기능성원료인정제2004-8호),486
"판토텐산칼슘분말(가루, 과립)",523
팔밋올레산 함유 명태(알래스카폴락)유래 정제어유(제2024-18호),524
표고버섯균사체 AHCC(기능성원료인정제2008-78호),535
풋사과추출물 애플페논(Applephenon)(기능성원료인정제2021-6호),539
"프락토올리고당분말(가루, 과립)",540
프로폴리스 추출물(총폴라보노이드 50mg/1g 이상),550
헛개나무과병추출분말(기능성원료인정제2014-1호),570
홍삼농축액(진세노사이드 Rg1과 Rb1 및 Rg3의 합 7mg/g),586
황산칼슘(고시형),491
흰목이버섯효소분해추출물(Neu learn)(제2022-30호),601
Bacillus coagulans,541
Bifidobacterium animalis ssp. lactis,541
"Bifidobacterium animalis ssp. lactis분말(가루, 과립)(생균으로 100,000,000,000개/g 이상, 희석제(옥수수전분) 적량)",541
Bifidobacterium breve동결건조,541
"Bifidobacterium longum(25,000,000,000cfu)",541
Collactive 콜라겐펩타이드(기능성원료인정제2012-24호),23
DL-알파-토코페릴 초산염(고시형),307
"Enterococcus faecium분말(가루, 과립)(생균으로 100,000,000,000개/g 이상, 희석제(옥수수전분) 적량)",541
HK 나토배양물,33
L.plantarum IM76과 B.longum IM55 복합물(NVP1703)(기능성원료인정제2019-28호),49
Lactiplantibacillus plantarum ATG-K2 프로바이오틱스(제2025-58호),53
Lactiplantibacillus plantarum Q180(제2021-23호),60
Lactobacillus acidophilus YT1(HU038)(기능성원료인정제2019-22호),61
"Lactobacillus casei분말(가루, 과립)(Lactobacillus casei의 생균으로 100,000,000,000개/g 이상, 보호제 및 희석제 적량)",541
Lactobacillus fermentum,541
Lactobacillus paracasei,541
"Lactobacillus paracasei분말(가루, 과립)(생균으로 100,000,000,000개/g 이상, 희석제(옥수수전분) 적량)",541
"Lactobacillus plantarum분말(가루, 과립)(LACTOBACILLUS PLANTARUM의 생균으로 100,000,000,000개/g 이상, 보호제 및 희석제 적량)",541
"Lactobacillus rhamnosus(40,000,000,000cfu)",541
"Lactobacillus rhamnosus분말(가루, 과립)(의 생균으로 100,000,000,000개/g 이상, 보호제 및 희석제 적량})",541
Latilactobacillus saeki LB-P12 프로바이오틱스(제2025-55호),69
Limosilactobacillus reuteri,541
L아스코르빈산나트륨(고시형),305
Weissella cibaria JW15 프로바이오틱스(제2022-35호),91
감마리놀렌산 함유 유지,109
건조효모(III),90
고시형&#41,507
곤약감자추출물분말,116
구아바잎 추출물(고시형),128
구아바잎추출물 등 복합물(BENDU381),129
구연산칼륨,490
"글루코사민염산염분말(가루, 과립)",139
난각분말(유기농난각칼슘),491
다이크로스타키스 글로메라타 추출물(DyglomeraⓇ)(제2023-9호),162
덖음귤피추출분말(JRC)(제2025-24호),181
"두나리엘라분말(가루, 과립)",159
로즈힙분말(기능성원료인정제2014-17호),211
밀크씨슬,258
"바나바잎추출물분말(가루, 과립)",260
백편두추출분말(NOVAponinⓇ)(제2024-6호),275
"비오틴분말(가루, 과립)",298
"비타민 A 혼합제제유지(Oil)(비타민A팔미테이트 55.5%, 땅콩유지 43.5%, DL-알파토코페롤 1%)",307
비타민 C 분말,305
"비타민 D3 혼합제제(비타민D3 0.25, 아라비아검 38, 수크로오스 38, 옥수수전분 15.55, 글리세린지방산에스테르 7.5, 이산화규소 0.5, DL-알파토코페롤 0.2)",306
"비타민 D3 혼합제제분말(가루, 과립)(비타민D3 0.25%, 아라비아검 38%, 수크로오스 38%, 옥수수전분 15.55%, 정제가공유지 7.5%, 이산화규소 0.5%, 비타민E 0.2%)",306
비타민A초산염,300
비타민미네랄혼합분말,491
산화칼슘,491
실크단백질 산가수분해물(Sil-Q1)(기능성원료인정제2021-1호),355
씨폴리놀 감태주정추출물(기능성원료인정제2012-28호),370
아쉬아간다추출물(KSM-66®)(제2025-67호),376
아스코브산칼슘,305
"알로에 아보레센스분말(가루, 과립)",382
알로에(고시형),381
양까막까치밥나무오일,109
염화크롬,501
엽산(100%),395
오메가-3 지방산 함유 유지,399
오메가3지방산(고시형),399
옥수수수염·레몬밤추출복합물(CL-5MoA)(제2023-7호),406
옥타코사놀분말,408
우유 단백농축액(농축물)분말(단백질 80%이상),163
유단백가수분해물분말,418
유산균 혼합,541
"유산균 혼합분말(가루, 과립)",541
유산균발효마늘추출물(기능성원료인정제2016-16호),426
유산균발효마늘추출분말(제2016-16호),426
유청단백농축액(농축물)분말(단백질 80%이상),163
이산화규소,90
저분자콜라겐펩타이드,452
정어리펩타이드 SP100N(기능성원료인정제2004-1호),460
조류 DHA 유지(Oil),399
치아씨앗오일,560
콜라겐가수분해물,163
키토산분말&#40,507
키토산분말&#40;고시형&#41;,507
타히보 추출물 (Tabetri®)(기능성원료인정제2022-2호),511
토마토추출물,517
"폴리코사놀-사탕수수 왁스알코올(총 지방족 알코올 함량 90% 이상, 제2006-4호)",534
풋사과추출물 애플페논(Applephenon),539
프로폴리스망고스틴껍질복합물(제2025-13호),549
프로폴리스추출액,550
피브로인추출물BF-7,554
피크노제놀-프랑스해안송껍질추출물,558
핑거루트뿌리,561
해조분말(해조칼슘),491
"해조분말분말(가루, 과립)",491
"홍국 분말(가루, 과립)",584
홍삼(진세노사이드 Rg1과 Rb1의 합 16.26mg/g),586
홍삼농축액(고형분60%이상),586
홍삼농축액(기능성원료 인정 제2012-8호),586
홍삼농축액(농축물)(6년근),588
"홍삼농축액(농축물)(진세노사이드Rb1,Rg1 및 Rg3의합 4.5mg/g)",588
효모베타글루칸,598
효모베타글루칸(β-glucan 780mg/g),598
4년근 홍삼농축액,586
6년근농축액(농축물)분말,586
"Bifidobacterium animalis spp. lactis분말(가루, 과립)(Bifidobacterium lactis의 생균으로 100, 000, 000, 000개/g 이상, 보호제 및 희석제 적량)",544
Bifidobacterium bifidum동결건조,541
"Bifidobacterium bifidum분말(가루, 과립)(BIFIDOBACTERIUM BIFIDUM의 생균으로 100,000,000,000개/g 이상, 보호제 및 희석제 적량)",541
"DL-알파-토코페릴초산염혼합제제(DL-알파-토코페릴초산염 50%, 변성전분 24.5%, 말토덱스트린 24.5%, 이산화규소 1%)",307
Dimethylsulfone (MSM),24
"Enterococcus faecium분말(가루, 과립)",541
"HK표고버섯균사체((추출물분말),(베타글루칸))",34
L-테아닌,43
L. mucosae NK41과 B. longum NK46의 프로바이오틱스 복합물(NVP-2106)(제2025-15호),46
L. plantarum LC27과 B. longum LC67의 프로바이오틱스 복합물(NVP-1702)(제2023-19호),47
L.Sakei Probio 65동결분말,65
Lacticaseibacillus paracasei,541
Lacticaseibacillus paracasei HY7017 프로바이오틱스(제2025-69호),51
"Lactobacillus acidophilus(50,000,000,000cfu)",541
"Lactobacillus acidophilus분말(가루, 과립)(의 생균으로 100,000,000,000개/g 이상, 보호제 및 희석제 적량})",541
Lactobacillus bulgaricus분말,541
"Lactobacillus plantarum(150,000,000,000cfu)",541
Lactobacillus plantarum분말,541
"Lactobacillus plantarum분말(가루, 과립)(생균으로 300,000,000,000개/g 이상, 희석제(옥수수전분) 적량)",541
Lactobacillus 복합물 HY7601 + KY1032(기능성원료인정제2019-4호),45
"Lactococcus lactis분말(가루, 과립)(생균으로 100,000,000,000개/g 이상, 희석제(옥수수전분) 적량)",541
MS-10 엉겅퀴등복합추출물(제2020-6호),72
N-아세틸글로코사민,75
"Streptococcus thermophilus(100,000,000,000cfu)",541
"Streptococcus thermophilus분말(가루, 과립)(의 생균으로 100,000,000,000개/g 이상, 보호제 및 희석제 적량})",541
Tonalin CLA FFA,84
Weissella cibaria CMU 프로바이오틱스(제2026-2호),88
d-토코페롤(혼합형),307
"가르시니아캄보지아 추출물분말(가루, 과립)(총(-)-HCA 60% 이상)",101
가르시니아캄보지아 추출물추출물(추출액)분말(분말 추출물),101
강황추출물,113
결정셀룰로오스,435
구기자나무뿌리껍질추출분말(제2026-12호),122
나토균배양분말,148
난백단백분말,163
녹각효소분해추출물HP(NP-2007)(제2025-28호),155
녹용당귀등 복합추출물(제2023-16호),156
녹용효소분해추출물(HENKIVⓇ)(제2024-2호),158
다이크로스타키스 글로메라타 추출물(Dyglomera®)(제2023-36호),162
단삼주정추출분말(SAGX)(제2025-16호),165
단삼주정추출분말(제2023-3호),164
닭가슴살분말,163
대두레시틴,208
대두추출물등 복합물(기능성원료인정제2019-29호),178
돌외잎주정추출분말,186
"락토바실루스 카제이 유산균{LACTOBACILLUS CASEI의 생균으로 200,000,000,000개/g 이상, 희석제(옥수수전분) 적량}",541
"락토바실루스 파라카제이 유산균{LACTOBACILLUS PARACASEI의 생균으로 100,000,000,000개/g 이상, 희석제(옥수수전분) 적량}",541
"레몬 밤 추출물 혼합분말분말(가루, 과립)",204
레티닐 아세트산염 혼합제제,300
루바브뿌리추출물(제2022-28호),212
루테인지아잔틴추출복합물,219
루테인지아잔틴추출복합물(제2021-21호),219
미네랄혼합제제,226
밀 추출물(Ceratiq®)(기능성원료인정제2020-15호),253
밀단백,163
밀크시슬추출물,259
백수오등 복합추출물,273
베타카로틴분말(고시형),277
보스웰리아 추출물(기능성원료인정제2014-23호),283
분리대두단백(함량 90%이상),163
"비즈왁스알코올(Bees Wax Alcohol, BWA)(기능성원료인정제2010-1호)",299
"비타민 B12 혼합제제(비타민B12 1%, 제이인산칼슘 99%)",302
비타민 B1염산염(비타민B1 78%),301
비타민 B2(결정성분말),303
비타민 B6,304
"비타민 D3 혼합제제(비타민D3 0.25%, DL-알파-토코페롤 0.2%, 가공유지 7.5%, 아라비아검 38%, 자당 38%, 옥수수전분 15.55%, 이산화규소 0.5%)",306
"비타민 D3 혼합제제(비타민D3 0.25, 아라비아검 38, 수크로오스 38, 옥수수전분 15.55, 정제가공유지 7.5, 이산화규소 0.5, DL-알파토코페롤 0.2)",306
"비타민 E 혼합제제(DL-알파토코페릴아세테이트50, 변성전분24.5, 말토덱스트린24.5, 이산화규소1)",307
"비타민A혼합제제(레티닐아세트산염11.5%, 말토덱스트린47%, 옥수수전분20%, 아라비아검20%, 비타민E 1.5%)",300
비타민B6혼합제제,304
"비타민E(D-α-토코페롤67%, 대두유33%)",307
비티진효소 홍삼농축액(-1),586
"산화마그네슘분말(가루, 과립)",226
삼백초추출물(LHF618)(제2023-31호),321
삼씨앗유,560
상황버섯추출물(고시형),326
소연골추출물,245
"스트렙토코쿠스 페칼리스 유산균{STREPTOCOCCUS FAECALIS의 생균으로 100,000,000,000개/g 이상, 희석제(옥수수전분) 적량}",541
식이섬유(고시형),354
아마씨앗유,560
아마씨유,560
아티초크추출물,379
알로에겔농축(고시형),381
알로에베라겔분말,381
알로에베라겔추출분말,381
엠에스엠(MSM),389
영지버섯 자실체 추출물(고시형),396
영지버섯균사체추출분말(제2024-8호),397
유단백추출물(기능성원료인정제2015-16호),420
유산균발효대두분말(제2024-38호),425
유청단백지질추출물(제2023-29호),428
"이눌린/치커리추출물분말(가루, 과립)",432
인삼농축액(진세노사이드 Rg1과 Rb1의합 9.0mg/g),435
인삼농축액분말(진세노사이드 Rg1과 Rb1의 합 1.2%),435
인삼다당체추출물(기능성원료인정제2015-11호),438
자일리톨,90
자일리톨(기능성원료인정제2004-2호),444
장미꽃잎추출물(NOVAROSE®)(제2025-2호),447
참깨추출유,560
참나리추출분말(제2023-43호),474
칼륨(고시형),490
"코엔자임 Q10분말(가루, 과립)",493
크릴오일(FJH-KO)(제2022-41호),503
키토올리고당분말(키토올리고당 함량 80%이상),508
키틴,77
패각분말(비소성),491
패각칼슘,491
풋사과 농축분말(제2024-4호),537
풋사과 추출 폴리페놀(Applephenon)(기능성원료인정제2015-9호),539
프로폴리스추출물농축액(농축물),550
프로폴리스추출물추출물(추출액)(총플라보노이드 50mg/g),550
핑거루트추출물(판두라틴)(제2013-5호),561
헛개나무과병추출분말,570
헛개나무과병추출분말&#40,570
헛개나무과병추출분말&#40;기능성원료인정 제2016-10호&#41;,570
현미단백분말,163
현삼추출물(제2022-42호),574
홍경천추출물,582
"홍경천추출물((분말),(로사빈))",582
홍국추출물(고시형),584
"홍삼(6년근(홍삼근 70%, 홍미삼30%))",586
"홍삼(진세노사이드 Rg1,Rb1 및 Rg3의 합 5mg/g)",586
홍삼농축액(농축물)(고형분 60% 이상),588
"홍삼농축액(농축물)(원료삼 배합비율: 홍삼근류 70%, 홍미삼류 30%)",588
"홍삼농축액(진세노사이드 Rg1, Rb1 및 Rg3의 합 0.5%)",586
"홍삼농축액(홍삼성분70mg/g기준)(진세노사이드Rg1,Rb1 및 Rg3의 합 13mg/g)",588
홍삼발효 농축(액) 분말,586
홍삼추출분말,586
황칠나무잎·줄기추출물(제2024-40호),595
회화나무열매추출물(기능성원료인정제2011-26호),597
효모베타글루칸(기능성원료 인정 제2013-34호),598
흑홍삼농축액,586
흰목이버섯추출분말(제2022-30호),601
"히알루론산분말(가루, 과립)",603
6년근,586
6년근 홍삼농축액,588
"6년근(원료삼배합비율:홍삼근70%,홍미삼30%)",586
"6년근분말(가루, 과립)",586
"Bifidobacterium bifidum(100,000,000,000cfu이상)",541
"Bifidobacterium bifidum(50,000,000,000cfu)",541
"Bifidobacterium infantis분말(가루, 과립)(생균으로 100,000,000,000개/g 이상, 희석제(옥수수전분) 적량)",541
"D-α-토코페롤(D-α-토코페롤 67.1%, 식물성유지(대두유 50%, 카놀라유 50%) 32.9%)",307
D-α-토코페롤유지(Oil),307
DHA오일(고시형),25
"DL-알파-토코페릴초산염(DL-알파-토코페릴초산염 50%, 변성전분 24.5%, 말토덱스트린 24.5%, 이산화규소 1%)",307
"Enterococcus faecium(100,000,000,000cfu)",541
KANEKA Q10,35
L-글루탐산발효 가바분말(기능성원료인정제2022-19호),40
Lacticaseibacillus casei,541
Lactiplantibacillus plantarum LMT1-48 프로바이오틱스(제2025-32호),57
"Lactobacillus acidophilus(300,000,000,000cfu이상)",541
Lactobacillus casei,541
Lactobacillus gasseri BNR17(기능성원료인정제2014-5호),63
Lactobacillus paracasei동결건조,541
Tonalin CLA TG,85
가공유지에스테르화유,25
"가르시니아캄보지아 추출물분말(가루, 과립)((-)-Hydroxycitric acid 60% 이상)",101
강황추출물(기능성원료인정제2014-2호),112
건조효모(망간),236
건조효모(몰리브덴),243
건조효모(비활성),90
"공액리놀레산(공액리놀레산 99.9%, 토코페롤 0.1%)",120
구기자추출물,123
구연산삼나트륨,586
글루코사민(고시형),139
글루코사민황산염분말,139
글루콘산칼슘,491
김치유산균추출분말,541
나토배양물,149
난각막분말(DEMⓇ)(제2023-35호),152
녹용유산균발효분말(제2025-45호),157
"니코틴산아미드분말(가루, 과립)",147
"다래추출물(Quinic acid 17mg/g, Citric acid 23.5mg/g)",161
"달맞이꽃종자 추출물분말(가루, 과립)",166
대두레시틴(인지질 100%),208
댕댕이나무열매추출분말(기능성원료인정제2019-19호),180
동충하초 주정추출물(기능성원료 인정 제2013-16호),192
두나리엘라추출혼합분말,277
두충우슬추출복합물(KGC08EA)(제2023-40호),194
라임카카오추출복합물(제2025-68호),199
락토바실러스 람노서스 생균 원말,548
락토바실러스 에시도필러스 분말,548
"락토바실루스 델브루에키 불가리쿠스 유산균{LACTOBACILLUS BULGARICUS의 생균으로 10,000,000,000개/g 이상, 희석제(옥수수전분) 적량}",541
"락토바실루스 람노수스 유산균{LACTOBACILLUS RHAMNOSUS의 생균으로 100,000,000,000개/g 이상, 보호제 및 희석제 적량}",541
"락토바실루스 아시도필루스 유산균{LACTOBACILLUS ACIDOPHILUS의 생균으로 100,000,000,000개/g 이상, 보호제 및 희석제 적량}",541
"락토바실루스 카제이 유산균{LACTOBACILLUS CASEI의 생균으로 100,000,000,000개/g 이상, 보호제 및 희석제 적량}",541
"락토바실루스 카제이 유산균{LACTOBACILLUS PLANTARUM의 생균으로 200,000,000,000개/g 이상, 희석제(옥수수전분) 적량}",541
"락토코쿠스 락티스 유산균{LACTOCOCCUS LACTIS의 생균으로 100,000,000,000개/g 이상, 희석제(옥수수전분) 적량}",541
"레티닐 팔미트산염 혼합제제(레티닐팔미트산염 55.5%, 땅콩오일 43.5%, DL-알파-토코페롤 1%)",300
루바브뿌리 추출물(기능성원료인정제2019-6호),212
루바브뿌리추출물,212
루테인지아잔틴복합추출물,215
루테인추출물(추출액),214
마리골드꽃추출물(지아잔틴함유),232
매실추출물(구연산 330mg/g 이상),238
무수구연산,586
미역석류씨추출복합물(잔티젠)(제2013-10호),250
밀배유추출물,254
밀크씨슬(카르두스마리아누스)추출물추출물(추출액)분말(분말 추출물),258
바이오게르마늄 효모,263
발아발효콩추출물(제2022-8호),264
발효인삼추출물분말,435
보스웰리아추출물(제2024-15호),284
복분자 추출물(RE-20)(기능성원료인정제2021-2호),290
"분말비타민 A([비타민A함량 9.75%(분말비타민A 11.5%, DL-알파-토코페롤 1.5%, 말토덱스트린 47%, 아라비아검 20%, 옥수수전분 20%)])",307
블랙커민추출분말(BCS-001F®)(제2025-4호),296
"비타민 A 혼합제제분말(가루, 과립)",300
"비타민 A 혼합제제분말(가루, 과립)(레티닐아세트산염 11.5%, 말토덱스트린 47%, 옥수수전분 20%, 아라비아검 20%, 비타민E 1.5%)",300
"비타민 A분말(가루, 과립)",300
비타민 B1,301
"비타민 B1 혼합제제(글리세린지방산에스테르 66.7%, 비타민 B1질산염 33.3%)",301
"비타민 B1분말(가루, 과립)",301
"비타민 B1질산염분말(가루, 과립)",301
비타민 D2 혼합제제,306
"비타민 D3 혼합제제(비타민D3 0.25%, DL-알파-토코페롤 0.2%, 가공유지(팜유) 7.5%, 아라비아검 38%, 자당(설탕) 38%, 옥수수전분 15.55%, 이산화규소 0.5%)",306
"비타민 E 혼합제제(DL-α-토코페릴아세테이트50%, 변성식용전분24.5%, 말토덱스트린24.5%, 이산화규소1%)",307
"비타민 E 혼합제제(DL-알파-토코페릴초산염 50%, 변성전분 24.5%, 말토덱스트린 24.5%, 이산화규소 1%)",307
"비타민 E 혼합제제분말(가루, 과립)",307
"비타민 K 혼합제제 분말(가루, 과립)(비타민K1 5%, 수크로오스 5%, 아라비아검 90%)",308
비타민B1염산염(비타민B1 78%함유),301
비타민B2(리보플라빈),303
비타민B6염산염(비타민B6로서 82.0%),304
비타민D3(0.25%),306
"비티진효소 홍삼농축액분말(가루, 과립)",586
비피더스균분말(Bifidobacterium longum 100억 이상/g),544
비피도박테리움 롱굼 분말,548
뽕나무가지주정추출분말(제2021-15호),312
산수유추출물등복합물(리베스틴Ⓡ)(제2022-26호),319
상어연골추출물분말,245
상황버섯등 추출복합물(기능성원료인정제2019-8호),325
새싹보리추출물(RexcliverⓇ)(제2023-20호),327
"스트렙토코쿠스 써모필루스 유산균{STREPTOCOCCUS THERMOPHILUS의 생균으로 100,000,000,000개/g 이상, 보호제 및 희석제 적량}",541
"스트렙토코쿠스 페슘 유산균{STREPTOCOCCUS FAECIUM의 생균으로 100,000,000,000개/g 이상, 희석제(옥수수전분) 적량}",541
스피루리나속 조류(고시형),347
시클로덱스트린,586
식물혼합농축액,586
쌀발효추출물분말,226
아스코브산칼슘(고시형),305
알로에 겔농축액(농축물)분말(100:1),381
알로에 겔농축액(농축물)분말(200:1),381
"알로에 겔분말(가루, 과립)",381
알로에베라겔건조분말,381
어린도두꼬투리추출물,387
오메가3지방산농축유지,399
오미자·두충·구기자추출복합물(제2024-13호),400
와일드 망고 종자추출물(IGOB131)(기능성원료인정제2015-14호),380
"유단백가수분해물분말(가루, 과립)(분리우유단백)",418
유성 비타민A 지방산에스테르(비타민A 30%),300
"유청단백분말(가루, 과립)",163
유청단백지질추출물(제2023-30호),428
"유청칼슘(비소성, 칼슘 25%이상)",491
이눌린/치커리추출물,432
인삼(진세노사이드 Rg1과 Rb1의 합 2.4%),435
"인삼가수분해농축액(진세노사이드 Rg1 5 mg/g, Compound K 5 mg/g)",436
"인삼농축액(농축물)(인삼근 70%, 인삼미삼 30%)",435
저분자 피쉬 콜라겐 펩타이드 (Naticol® BPMG)(제2023-24호),448
"정제어유(EPA18%이상, DHA12%이상)",25
정제어유(EPA와 DHA의 합으로서 60%이상),25
젖산글루콘산칼슘,491
"차전자피분말(가루, 과립)(차전자피 식이섬유 함량 90%이상)",469
참당귀·녹용·황기 복합추출물(제2023-23호),475
천심련추출물(ParActinⓇ)(제2022-37호),481
"칼슘분말(가루, 과립)(패각칼슘)",491
코팅유산균,541
콘드로이친황산염(제2026-16호),494
콩발효추출물,498
크릴오일등복합물(FlexPro MDⓇ)(제2022-39호),504
"클로렐라분말(가루, 과립)",505
"키토산분말(가루, 과립)(글루코사민 80% 이상)",508
탈지분유,90
테아닌(테아닌 94%),514
파비플로라생강뿌리추출물,520
판토텐산,523
판토텐산칼슘(판토텐산 91%),523
포도블루베리추출혼합분말(제2019-30호),527
폴리코사놀-사탕수수왁스알코올(기능성원료인정제2006-4호),534
표고버섯균사체 AHCC,535
표고버섯균사체(추출물)(기능성원료인정제2009-3호),225
풋사과추출물 애플페논(Applephenon)(기능성원료인정제2020-9호),539
프로바이오틱스동결건조(Lactobacillus plantarum),541
프로폴리스추출물추출물(추출액),550
"피엘에이지(PLAG,1-palmitoyl-2-linoleoyl-3-acetyl-rac-glycerol)",556
해국추출물(제2022-36호),565
해바라기유,560
허니부쉬추출발효분말,568
헛개나무과병추출물(기능성원료인정제2014-1호),570
헤마토코쿠스추출물,572
헤마토코쿠스추출물분말(고시형),572
현미발효분말,226
홍삼농축액(고형분 65%이상),586
"홍삼농축액(농축물)(고형분 60%, 홍삼근:홍미삼= 70:30, 국산)",588
"홍삼농축액(농축물)(고형분함량 60%, 원료삼 배합비율: 홍삼근류 60%, 홍미삼류 40%)",588
"홍삼농축액(농축물)(원료삼배합비율: 홍삼근70%, 홍미삼30%)",588
"홍삼농축액(농축물)(진세노사이드 Rg1, Rb1 및 Rg3의 합 8mg/g)",588
홍삼농축액(농축물)(홍삼근:홍미삼=7:3),588
홍삼농축액(농축물)분말(-1),588
"홍삼농축액(농축물)분말(6년근)(홍삼농축액분말(진세노사이드 Rg1,Rb1 및 Rg3의 합)",588
"홍삼분말(가루, 과립)(진세노사이드 Rg1, Rb1 및 Rg3의 합 3mg/g, 원료삼배합비율 : 홍삼근류 70%, 홍삼미류 30%)",586
홍삼분말(진세노사이드 Rg1과 Rb1및 Rg3의 합 4mg/g),586
홍삼추출 농축액(농축추출물),586
홍삼추출농축액,586
홍삼혼합농축액,586
"황산망간분말(가루, 과립)",236
황산칼슘,491
"6년근농축액(농축물)(고형분60%이상, 진세노사이드 Rg1, Rb1 및 Rg3의 합 7mg/g)",586
"6년근농축액(농축물)(원료삼비율:홍삼근70%,홍미삼30% 고형분60%이상)",586
Akkermansia muciniphila EB-AMDK19 열처리배양건조물,3
Akkermansia muciniphila HB05 열처리배양건조물(HB05P),4
Akkermansia muciniphila HB05 열처리배양건조물(HB05P)(제2025-72호),4
B. breve IDCC 4401 열처리배양건조물(BBR®)(제2021-5호),5
BT-11원지추출분말(기능성원료 인정 제2009-12호),6
Bacillus coagulans Unique IS-2 프로바이오틱스,9
"Bifidobacterium animalis spp. lactis분말(가루, 과립)(의 생균으로 100,000,000,000개/g 이상, 보호제 및 희석제 적량})",541
Bifidobacterium animalis ssp lactis분말,541
"Bifidobacterium animalis ssp. lactis분말(가루, 과립)(생균으로 300,000,000,000개/g 이상, 희석제(옥수수전분) 적량)",541
"Bifidobacterium bifidum분말(가루, 과립)(450,000,000,000 cfu/g 이상)",541
"Bifidobacterium bifidum분말(가루, 과립)(생균으로 50,000,000,000개/g 이상, 희석제(옥수수전분) 적량)",541
"Bifidobacterium breve(400,000,000,000cfu이상)",541
"Bifidobacterium breve분말(가루, 과립)(생균으로 50,000,000,000개/g 이상, 희석제(옥수수전분) 적량)",541
"Bifidobacterium breve분말(가루, 과립)(의 생균으로 100,000,000,000개/g 이상, 보호제 및 희석제 적량})",541
Bifidobacterium infantis동결건조,541
"Bifidobacterium infantis분말(가루, 과립)(생균으로 100,000,000,000개/g 이상, 보호제 및 희석제 적량)",541
"Bifidobacterium longum분말(가루, 과립)(100,000,000,000 cfu/g 이상)",541
"Bifidobacterium longum분말(가루, 과립)(생균으로 50,000,000,000개/g 이상, 보호제 및 희석제 적량)",541
"Bifidobacterium longum분말(가루, 과립)(생균으로 50,000,000,000개/g 이상, 희석제(옥수수전분) 적량)",541
"Bifidobacterium longum분말(가루, 과립)(의 생균으로 100,000,000,000개/g 이상, 보호제 및 희석제 적량})",541
CLA FFA,16
CMO 함유 FAC(Fatty Acid Complex),20
CMO 함유 FAC(Fatty Acid Complex)(기능성원료인정제2014-26호),20
CaHMB(Calcium β-Hydroxy-β-methylbutyrate)(제2023-26호),22
"D-α-토코페롤(D-α-토코페롤 72.7%, 대두유 27.3%)",307
D-알파-토코페릴 에시드 호박산(고시형),307
D-토코페롤 혼합제제,307
"Enterococcus faecium분말(가루, 과립)(ENTEROCOCCUS FAECIUM의 생균으로 100,000,000,000개/g 이상, 보호제 및 희석제 적량)",541
"Enterococcus faecium분말(가루, 과립)(생균으로 100,000,000,000개/g 이상, 보호제 및 희석제 적량)",541
"HK 나토배양물(나토배양물 79.4%, 난소화성말토덱스트린 19.8% 아가리쿠스버섯균사체엑기스 0.8%)",33
HK표고버섯균사체,34
L-카르니틴 타르트레이트,42
Lactiplantibacillus plantarum PBS067 등 프로바이오틱스 복합물(PBS),59
"Lactobacillus acidophilus(100,000,000,000cfu/g)",541
"Lactobacillus acidophilus분말(가루, 과립)(200,000,000,000 cfu/g 이상)",541
Lactobacillus bulgaricus(락토바실러스 불가리쿠스),541
"Lactobacillus casei분말(가루, 과립)",541
"Lactobacillus casei분말(가루, 과립)((5Χ10(10) CFU/g 이상))",541
Lactobacillus delbrueckii,541
Lactobacillus delbrueckii subsp. lactis CKDB001 프로바이오틱스,62
Lactobacillus fermentum동결건조,541
Lactobacillus gasseri BNR17,63
"Lactobacillus paracasei분말(가루, 과립)(생균으로 100,000,000,000개/g 이상, 보호제 및 희석제 적량)",541
"Lactobacillus plantarum(100,000,000,000cfu/g)",541
"Lactobacillus plantarum(500,000,000,000cfu이상)",541
"Lactobacillus plantarum분말(가루, 과립)(Lactobacillus plantarum의 생균으로 200,000,000,000개/g 이상, 보호제 및 희석제 적량)",541
"Lactobacillus rhamnosus분말(가루, 과립)((5Χ10(10) CFU/g 이상))",541
Lactobacillus(고시형),541
"Lactobacillus.delbrueckii spp. bulgaricus분말(가루, 과립)(생균으로 10,000,000,000개/g 이상, 보호제 및 희석제 적량)",541
Lactococcus lactis,541
Lactococcus lactis subsp. lactis,541
"Lactococcus lactis분말(가루, 과립)(생균으로 100,000,000,000개/g 이상, 보호제 및 희석제 적량)",541
Latilactobacillus curvatus LB-P9 프로바이오틱스,67
Limosilactobacillus fermentum,541
"MR-10 민들레등복합추출물(Luteolin 0.06mg/g, Isoorientin 0.18mg/g)",71
"MSM(엠에스엠, 디메틸설폰)",389
N-아세틸글루코사민(95%이상),75
N-아세틸글루코사민분말,75
Opti-MSM,80
Rain Nutrience DistilPureTM MSM,82
"Streptococcus thermophilus분말(가루, 과립)(Streptococcus themrophilus의 생균으로 100, 000, 000, 000개/g 이상, 보호제 및 희석제 적량)",544
가르시니아 캄보지아 껍질추출물 60HCA,95
가르시니아캄보지아 추출물(60%),101
가르시니아캄보지아 추출물(총 HCA 60% 이상),101
"가르시니아캄보지아 추출물분말(가루, 과립)(60%이상)",101
가르시니아캄보지아껍질추출물-PE60,100
가르시니아캄보지아추출물분말(HCA60%이상),101
가수분해유청단백분말(WPH),163
"가수분해유청단백분말(가루, 과립)(단백질 80%이상)",163
가시오가피숙지황 복합추출물,103
가시오갈피 등 복합추출물,104
가오리연골분말,245
감마리놀렌산 함유 유지(보라지종자유),109
감초추출물(기능성원료인정제2014-4호),346
감태추출물,111
건조효모(1),90
건조효모(셀렌 0.1% 이상),90
고소애가수분해물,115
곤약감자추출분말,117
"공액리놀레산(홍화씨유 99.9%, D-토코페롤(혼합형) 0.1%)",307
구리,124
글루코사민,139
글루코사민염산염분말(글루코사민함량 80%이상),139
글루콘산망간,236
글루콘산망간(고시형),236
"글루콘산아연분말(가루, 과립)",378
글루콘산철,482
글루콘산칼슘(고시형),491
깻잎추출물(PF501),144
"나이아신분말(가루, 과립)",147
난백단백(함량 80%이상),163
난소화성말토덱스트린(식이섬유 85%),153
난소화성말토덱스트린(식이섬유 함량 85%),153
"단백질(난백파우더(난백액,생이스트,구연산))",163
대두레시틴유지(Oil)(인지질 60%),208
대두분리단백너겟,163
대두이소플라본(대두이소플라본 비배당체로서 187.5mg/g이상),175
"대두이소플라본(이소플라본 비배당체인 daidzein, genistein의 합으로 30%)",175
"대두이소플라본분말(가루, 과립)",175
대두추출물등 복합물(메노세라)(제2019-29호),178
대웅 코엔자임 Q10,179
덖음귤피추출분말(JRC),181
돌외잎주정추출분말(잎(엽))건조분말,186
동부테아닌,189
동우코엔자임Q10,190
동우코엔자임Q10(동우코엔자임Q10 - 98%)(제2007-14호),190
동충하초 주정추출물,192
두충추출고형분,268
"디메틸설폰(Methyl sulfonylmethane, MSM)(디메틸설폰 98% 이상)",197
"디메틸설폰(Methyl sulfonylmethane, MSM)분말(가루, 과립)(식물류의 리그닌)",197
디알파토코페롤,307
라피노스,200
락토바실러스 에시도필러스 생균 원말,548
락토바실러스 카제이 분말,548
락토바실러스 카제이 생균 원말,548
락토바실러스 플랜타룸 분말,548
락토바실러스 플랜타룸 생균 원말,548
"락토바실루스 람노수스 유산균{LACTOBACILLUS RHAMNOSUS의 생균으로 100,000,000,000개/g 이상, 희석제(옥수수전분)}",541
"락토바실루스 아시도필루스 유산균{LACTOBACILLUS ACIDOPHILUS의 생균으로 150,000,000,000개/g 이상, 희석제(옥수수전분) 적량}",541
"락토바실루스 카제이 유산균{LACTOBACILLUS CASEI의 생균으로 150,000,000,000개/g 이상, 희석제(옥수수전분) 적량}",541
"락토바실루스 플란타룸 유산균{LACTOBACILLUS PLANTARUM의 생균으로 100,000,000,000개/g 이상, 희석제(옥수수전분)}",541
"락토바실루스 플란타룸 유산균{LACTOBACILLUS PLANTARUM의 생균으로 200,000,000,000개/g 이상, 희석제(옥수수전분) 적량}",541
"락토바실루스 플란타룸 유산균{LACTOBACILLUS PLANTRUM의 생균으로 100,000,000,000개/g  이상, 희석제(옥수수전분) 적량}",541
락티카제이바실러스 람노서스 아이디씨씨3201 열처리배양건조물(RHT3201®)(제2018-12호),48
레몬밤민들레추출복합물(LD100),205
"레티닐 팔미트산염 혼합제제(레티닐팔미트산염 55.5%, DL-알파-토코페롤 1%, 땅콩오일 43.5%)",300
"레티닐팔미트산염혼합제제{비타민A함량 30%(레티닐팔미트산염 55.5%, DL-알파-토코페롤 1%, 땅콩오일 43.5%)}",307
마늘,227
매실추출물(고시형),238
"맥류약엽분말(가루, 과립)",394
맥아구절초추출복합물,239
모로오렌지추출분말(Morosil®),240
모로오렌지추출분말(Morosil®)(제2025-25호),240
목천료추출분말,242
미쯔비시 코엔자임Q10,251
밀크씨슬 추출물(Milk Thistle Extract),257
밀크씨슬추출물(실리마린 50%),259
밀크씨슬추출물(실리마린 500 ㎎),259
발효굴추출물(FSO),265
발효식초석류복합물,267
배초향 추출물 (Agatri®),272
배초향·고지베리·무화과복합추출물,271
베타카로틴혼합분말,277
병풀추출분말,278
보스웰리아추출물,284
복분자추출분말,292
"분말비타민 A(말토덱스트린 47%, 옥수수전분 20%, 아라비아검 20%, 유성비타민에이지방산에스테르 11.5%, 디엘알파 토코페롤 1.5%)",300
"분말비타민 A분말(가루, 과립)",300
분말비타민A(비타민A 9.7%함유),300
"분말비타민A혼합제제(분말비타민A 11.5%, DL-알파-토코페롤 1.5%, 말토덱스트린 47%, 아라비아검 20%, 옥수수전분 20%)",300
"분말비타민A혼합제제(분말비타민A 11.5%, DL-알파-토코페롤 1.5%, 말토덱스트린 47%, 아라비아검 20%, 옥수수전분 20%)분",307
블랙라즈베리 추출물,294
블랙커민추출물(FJ),296
"비타민 A 혼합제제(레티닐아세트산염11.5, 말토덱스트린47, 옥수수전분20, 아라비아검20, DL-알파토코페롤1.5)",300
비타민 A 혼합제제(비타민A함량 30%),300
"비타민 B12 혼합제제(말토덱스트린 95.9%, 시트르산삼나트륨 3%, 구연산 1%, 비타민B12 0.1%)",302
비타민 B1염산염(결정성분말),301
비타민 B6 염산염(결정성분말),304
비타민 C(Ascorbyl Palmitate),305
비타민 C(L-아스코르빈산),305
비타민 C(비타민 C 100%),305
비타민 D,306
"비타민 D 혼합제제((비타민D3 0.25%, DL-알파-토코페롤 0.2%, 중쇄중성지방 7.5%, 아카시아 38%, 설탕 38%, 옥수수전분 16.05%))",307
"비타민 D3 혼합제제(비타민D 0.25%, DL-알파-토코페롤  0.2%,글리세린지방산에스테르7.5%,아카시아검38%, 자당38%,옥수수전분16.05% 계100%)",306
"비타민 D3 혼합제제(비타민D3 0.25%, DL-알파-토코페롤 0.2%, 가공유지 7.5%, 아라비아검 38%, 자당(설탕) 38%, 옥수수전분 15.55%, 이산화규소 0.5%)",306
"비타민 D3 혼합제제(비타민D3 0.25%, 아라비아검 38%, 자당 38%, 옥수수전분 15.55%, 가공유지 7.5%, 이산화규소 0.5%, 비타민E 0.2%)",306
"비타민 D3 혼합제제분말(가루, 과립)(DL-a-토코페롤0.2%,글리세린지방산에스테르7.5%,아라비아검38%,설탕38%옥수수전분16.05%)",307
"비타민 D3 혼합제제분말(가루, 과립)(비타민D3-0.25%,DL-a-토코페롤0.2%,글리세린지방산에스테르7.5%,아라비아검38%,설탕38%,옥수수전분)",307
비타민 E 혼합,307
"비타민 E 혼합제제(DL-a-토코페릴아세테이트50%,변성전분24.5%,말토덱스트린24.5%,이산화규소1%)",307
"비타민 E 혼합제제(디엘알파토코페릴아세테이트50, 변성전분24.5, 말토덱스트린24.5, 이산화규소1)",307
"비타민 E 혼합제제분말(가루, 과립)(DL-알파토코페릴아세테이트 50%, 변성전분 24.5%, 말토덱스트린 24.5%, 이산화규소 1.0%)",307
비타민 E(비타민E 67%),307
비타민A(9.75%),300
비타민B1(B1 질산염 - 30.64%),301
"비타민B12혼합분말(비타민B12 1%, 제이인산칼슘 99%)",302
비타민B1염산염(비타민B1으로서 78.0%),301
비타민B1질산염(비타민B1으로 80.76%),301
비타민B1질산염(비타민B1으로81.0 %),301
비타민B2(비타민B2 - 33.4%),303
비타민B2인산에스테르나트륨(비타민B2 79%),303
비타민B6(B6염산염 - 27.3%),304
비타민B6(염산염82%),304
비타민C(C- 99%),305
비타민C(L-아스코르빈산100%),305
비타민C(함량 100%),305
비타민C<비타민C 100%>(L-아스코르빈산),305
"비타민E(비타민E로서 67%, D-α-토코페롤)",307
비타민E[D-알파-토코페롤(비타민E-67%)],307
비타민E[E - 33.3%],307
비타민E유,307
"비피더스균(Bifidobacterium infantis, 1*10^9/g)",544
"비피더스균(Bifidobacterium longum, 1*10^9/g)",544
"비피도박테리움 롱굼 피더스균{BIFIDOBACTERIUM LONGUM의 생균으로 100,000,000,000개/g 이상, 희석제(옥수수전분) 적량}",544
비피도박테리움 브레브 생균 원말,548
"비피도박테리움롱굼비피더스균[비피도박테리움롱굼비피더스균 2, 000, 000, 000 CFU/g이상:비피도박테리움롱굼비피더스균분말(50, 000, 000, 000/g이상) 4%, 식물성크림분말(물엿 60.999%, 팜유 34%, 카제인, 락토바실루스아시도필루스유산균[락토바실루스아시도필루스유산균 2, 000, 000, 000 CFU/g이상:락토바실루스아시도필루스유산균분말(100, 000, 000, 000/g 이상) 2%, 식물성크림분말(물엿 60.999%, 팜유 34%",544
빌베리주정추출물,311
빌베리추출물,310
산화아연(80%),378
산화아연(분말),378
석류효소처리추출물,333
세리포리아 락세라타 균사체 배양물(기능성원료인정제2018-5호),335
솔잎증류농축액,339
스쿠알렌,345
스쿠알렌(98%이상),345
스트렙토코커스  써모필러스 분말,548
"스트렙토코쿠스 써모필루스 유산균{STREPTOCOCCUS STHERMOPHILUS의 생균으로 100,000,000,000개/g 이상, 희석제(옥수수전분) 적량}",541
스페인감초추출물,346
식물스테롤,352
아마인,373
아쉬아간다추출물(Sensoril®)(제2024-30호),377
아연,378
아연(아연 - 80%),378
아연함유&#41,378
알로에 겔(알로에베라겔농축(200:1)분말),381
"알로에 겔분말(가루, 과립)(200:1분말, 총다당체 10%)",381
알로에겔(총다당체 12%),381
알로에겔농축동결건조분말,381
알로에겔추출물(고시형),381
알콕시글리세롤 함유 상어간유,383
에키네시아추출물,388
에키네시아추출물(제2024-3호),388
엔테로코커스 페슘 생균 원말,548
엠에스엠분말(디메틸설폰98%이상),389
연어이리추출물(PRP연어핵산)(기능성원료인정제2019-5호),390
연어코연골추출물,391
열처리녹차추출물(제2022-34호),393
"엽록소 함유 식물분말(가루, 과립)(밀순)",394
엽록소(고시형),394
엽산(결정성분말),395
영지버섯 자실체 추출물,396
오미자박추출물,401
오미자박추출물(제2025-30호),401
오미자추출물,403
"옥타코사놀분말(가루, 과립)(12%)",408
옥타코사놀함유유지(미강),408
옻나무 추출분말(기능성원료인정제2014-64호),411
요구르트향,586
원지추출분말(기능성원료인정제2009-12호),6
유단백농축분말,163
유산균 발효 다시마추출물발효 추출물 분말,541
"유산균 혼합(Lactobacillus acidophilus(1x10(10)cfu/g이상) 1%, Lactobacillus plantarum(1x10(10)cfu/g이상) 1.5%, Lactobacillus casei(1x10(10)cfu/g이상) 1%, Lactobacillus rhamnosus(1x10(10)cfu/g이상) 1%, Lactobacillus paracasei(1x10(10)cfu/g",544
"유산균(Lactobacillus casei, 1*10^9/g)",541
"유산균(Lactobacillus plantarum, 1*10^9/g)",541
유산균발효굴추출물(FGO),422
유산균발효대두분말,425
유산균복합물(AB-LIFE®),427
유청단백(함량 80%이상),163
유청단백지질추출물,428
유청칼슘(칼슘25%이상),491
유청칼슘(칼슘함량 25%),491
유청칼슘(칼슘함량 25%이상),491
"유청칼슘분말(가루, 과립)(우유 100%)",491
이눌린(고시형),432
인디안구스베리·새싹보리추출복합물(IB Complex)(제2025-40호),434
"인삼(뿌리)농축액(농축물)(고형분함량 60%, 원료삼 배합비율: 인삼근류 50%, 미삼류 50%)",435
인삼(진세노사이드 Rg1과 Rb1의 합 0.5%),435
인삼(진세노사이드 Rg1과 Rb1의 합 2.5%),435
인삼(진세노사이드 Rg1과 Rb1의 합 4mg/g),435
"인삼가수분해농축액(Compound K 5 ㎎/g, 진세노사이드 Rg1 5 ㎎/g)",436
"인삼가수분해농축액농축액(농축물)(진세노사이드 Rg1 5 mg/g, Compound K 5 mg/g)",436
"인삼농축액(농축물)(원료삼 배합비율: 인삼근류 50%, 미삼류 50%, 진세노사이드Rg1과 Rb1의 합 15mg/g)",435
인삼농축액(농축물)(인삼100%),435
"인삼농축액(농축물)(태극삼농축액(진세노사이드 Rg1과 Rb1의 합 13mg/g, 원료삼 배합비율 : 미삼류 70%, 인삼근류 30%))",435
인삼농축액(진세노사이드 Rg1과 Rb1의 합 4.4mg/g),435
"인삼분말(가루, 과립)",435
"인삼분말(가루, 과립)(인삼근류100%)",435
인삼분말(진세노사이드 Rg1과 Rb1의 합 4mg/g),435
자일로올리고당(xylooligosaccharide) 분말,442
저분자 피쉬 콜라겐 펩타이드 (Naticol® BPMG),448
저분자유청단백가수분해물,450
저분자콜라겐펩타이드(제2024-35호),452
전칠삼추출물 등 복합물,458
전호잎추출물(제2022-25호),459
"정제어유(EPA 18%, DHA 12%)",25
정제어유(EPA와 DHA의 합 55% 이상),25
"정제어유(정제어유 99.9%, 비타민E 0.1%)",25
제이인산칼륨,490
조류베타카로틴(카로틴1%함유),277
조류추출베타카로틴(베타카로틴30%이상함유),277
지초추출물(기능성원료인정제2010-59호),466
참당귀추출고형분,268
창녕양파추출액,478
창녕양파추출액(기능성원료인정제2016-11호),478
청호추출분말(리베라템),484
추출들깨유,560
카제인가수분해물,487
코엔자임 Q10(코엔자임Q10 98% 이상),493
콘드로이친 황산염(제2020-1호),494
콘드로이친황산염,494
콜레우스포스콜리추출물(기능성원료인정제2009-47호),495
크랜베리 추출물,499
크랜베리 추출물(Cran-Max)(총안토시아노사이드 2.5mg/g),499
크레아틴(기능성원료 인정 제2007-13호),500
큰달맞이꽃씨앗,560
클로렐라 원말(엽록소 25mg/g),505
"키토산(키토산 92.5%, 호박산 7.5%)",506
키토올리고당,508
탈지달맞이꽃종자주정추출물,512
"태극삼농축액(농축물)(고형분함량 70%, 원료삼 배합비율: 태극삼근류 70%, 미삼류 30%)",435
털부처꽃추출물(제2024-37호),513
토마토추출물(all-trans)-lycopene 60mg/g),517
토치대두발효추출물,518
티아이소크라이시스루테아분말(제2025-9호),519
파크랜크랜베리분말,522
판토텐산칼슘(판토텐산 92%),523
판토텐산칼슘(판토텐산으로 91.59%),523
팔라티노스,586
포도블루베리추출혼합분말,527
"포스파티딜세린20L{포스파티딜세린53%, 정제가공유지47%}",530
폴리덱스트로스(식이섬유함량 90%이상),533
"폴리덱스트로스분말(가루, 과립)",533
폴리코사놀-사탕수수 왁스알코올,534
폴리코사놀-사탕수수 왁스알코올(2006-4),534
표고버섯,306
"표고버섯균사체 AHCC(표고버섯균사체배양물 76.7%, 시클로덱스트린 23.3%)",535
푸마르산제일철(Fe 33%이상),482
푸마르산제일철(철 33%),482
"프락토올리고당(프락토올리고당분말(프락토올리고당-90.0%이상), 비타민C(L-Ascorbic acid) (비타민C 100%)",540
프로바이오틱스 HY7714,543
프로바이오틱스(Lactiplantibacillus plantarum KC3)·익모초추출복합물(CKDB-315)(제2025-1호),545
"프로바이오틱스분말(가루, 과립)",541
프로폴리스추출물(고형분13%이상),550
"프로폴리스추출물[프로폴리스 고형분 70% 이상, 총플라보노이드함량(건고물로서) 4.5%이상]",550
"프로폴리스추출물분말(가루, 과립)(프로폴리스 70%, 말토덱스트린 30%)",550
"프로폴리스추출물분말(가루, 과립)(프로폴리스추출물 70%, 덱스트린 30%)",550
"프로폴리스추출물분말(가루, 과립)(프로폴리스추출물분말 70%, 덱스트린 30%)",550
프로폴리스추출물분말(총플라보노이드6% 이상),550
프로폴리스추출물분말(총플라보노이드6%),550
"프로폴리스추출물분말(프로폴리스추출물50%, 로커스트콩검50%)",550
피니톨 분말,552
피쉬 콜라겐펩타이드,555
피크노제놀-프랑스해안송껍질추출물(2006-1),558
"하프물범유(EPA 6%이상, DHA 6%이상)",399
해국추출물,565
해바라기종자추출물,566
"해조분말(비소성, 칼슘 32%이상)",491
헛개나무과병·오미자박추출복합물,569
헛개나무과병·오미자박추출복합물(제2025-12호),569
헛개나무과병추출분말(Quercetin 7㎍/g),570
"헛개나무과병추출분말분말(가루, 과립)(퀘르세틴 7.4ug/g)",570
헤마토코쿠스 CO2 초임계 추출물,571
헤마토코쿠스 추출물(아스타잔틴 5.0%),572
헴철(Fe 1%이상),482
헴철(철함량 1%이상),482
호로파종자추출물(제2019-15호),578
호박씨추출물 등 복합물,579
홍경천추출물(Rosavin 20~30mg/g),582
홍국쌀,585
홍국쌀(기능성원료인정제2009-19호),585
홍삼 (진세노사이드 Rg1과 Rb1 및 Rg3 합 3㎎/g 이상),586
"홍삼(6년근)(원료삼배합비율:홍삼근 70%,홍미삼30%)",586
"홍삼(진세노사이드 Rb1,Rb1 및 Rg3의합7mg/g)",586
"홍삼농축액 (진세노사이드 Rg1,Rb1 및 Rg3의 합 10mg/g)",586
"홍삼농축액(6년근,진세노사이드Rg1,Rb1 및 Rg3의 합 5mg/g이상)",586
"홍삼농축액(농축물)((진세노사이드 Rg1,Rb1및  Rg3의 합으로 2.5mg/g이상))",588
홍삼농축액(농축물)(-2),588
"홍삼농축액(농축물)(고형분 60%, 진세노사이드 Rb1, Rg1 및 Rg3의 합 1% 이상)",588
"홍삼농축액(농축물)(고형분 68%이상, 진세노사이드 Rg1과 Rb1 및 Rg3의 합 5㎎/g: 홍삼근 70%, 홍미삼 30%, 계100%)",588
홍삼농축액(농축물)(고형분60%),588
"홍삼농축액(농축물)(원료삼배합비율 : 홍삼근 75%, 홍미삼 25%)",588
홍삼농축액(농축물)(원료삼배합비율 홍삼근:70% 홍삼미:30%),588
홍삼농축액(농축물)(진세노사이드 Rg1+Rb1+Rg3의 합으로 7mg/g이상),588
"홍삼농축액(농축물)(진세노사이드 Rg1과 Rb1, Rg3의 합 4.2mg/g, 원료삼배합비율 : 홍삼근류 80, 홍삼미류 20)",588
"홍삼농축액(농축물)(홍삼농축액 90%, 덱스트린 3%, 정제수 5%, 팔라티노스2%)",588
홍삼농축액(농축물)분말(쓰리),588
"홍삼농축액(농축물)분말(원료삼배합비율 : 홍삼근 75%, 홍미삼 25%)",588
"홍삼농축액(진세노사이드 Rg1, Rb1 및 Rg3의 합 12mg/g)",586
"홍삼농축액(진세노사이드 Rg1, Rb1 및 Rg3의 합 4mg/g)",586
홍삼농축액(진세노사이드 Rg1과 Rb1 및 Rg3의 합이 5.7 mg/g 이상),586
"홍삼분말(진세노사이드 Rg1, Rb1 및 Rg3의 합 0.4%)",586
홍삼분말(진세노사이드 Rg1과 Rb1 및 Rg3의 합: 6.0mg/g),586
홍삼엑기스,586
홍삼오일(KGC11o)(제2022-33호),589
홍삼추출액,586
홍삼추출효소처리분말(제2024-33호),590
"황기추출물등복합물(HT042)분말(가루, 과립)",594
황산망간(36%),236
황산망간(망간 32%),236
황산제일철(고시형),482
황해쑥추출분말,596
황해쑥추출분말(제2024-21호),596
"회화나무 열매추출물분말(가루, 과립)",597
히알우론산 HA-LF-P,606
6년근농축액(농축물)(고형분 60%이상),586
6년근농축액(농축물)(진세노사이드 Rg1과 Rb1 및 Rg3의 합),586
"6년근발효홍삼농축액(진세노사이드 Rg1,Rb1 및 Rg3의 합계로서 7.5mg/g 이상)",586
6년근홍삼농축액(고형분60%이상),588
"6년근홍삼농축액(고형분60%이상, Rg1,Rb1 및 Rg3의 합 7mg/g)",588
6년근홍삼분말,586
6년근홍삼분말 (진세노사이드 Rg1과 Rb1 및 Rg3의 합0.7%),586
7종알파혼합유산균,541
AP 콜라겐 효소분해 펩타이드,1
APIC 대두배아열수추출물 등 복합물(기능성원료 인정 제2008-6호),2
APIC 대두배아열수추출물등 복합물,2
Akkermansia muciniphila EB-AMDK19 열처리배양건조물(제2025-46호),3
Akkermansia muciniphila HB05 열처리배양건조물(HB05P)(제2025-71호),4
B. breve IDCC 4401 열처리배양건조물(BBR®),5
BT-11원지추출분말,6
"BT-11원지추출분말(2009-12호, TMCA 0.055%)",6
BT-11원지추출분말(TMCA 0.055),6
Bacillus coagulans BC99 프로바이오틱스,7
Bacillus coagulans SNZ 1969 프로바이오틱스,8
Bifidobacterium animalis spp. lactis,541
Bifidobacterium animalis spp. lactis(1.0x10^11cfu/g 이상 원료 사용),541
"Bifidobacterium animalis spp. lactis(100,000,000,000 cfu/g)",541
Bifidobacterium animalis spp. lactis(3.0x10^10),541
"Bifidobacterium animalis spp. lactis(50,000,000,000cfu/g)",541
Bifidobacterium animalis spp. lactis동결건조,541
"Bifidobacterium animalis spp. lactis분말(가루, 과립)(450,000,000,000 cfu/g 이상)",541
Bifidobacterium animalis ssp. lactis(1.0 X 10^10cfu/g 이상 원료 사용),541
Bifidobacterium animalis ssp. lactis(2.0 x 10^11 cfu/g 이상 원료 사용),541
"Bifidobacterium animalis ssp. lactis(500,000,000,000cfu/g, 희석제정량)",541
Bifidobacterium animalis ssp. lactis동결건조,541
"Bifidobacterium animalis ssp. lactis분말(가루, 과립)",541
"Bifidobacterium animalis ssp. lactis분말(가루, 과립)(3.0E+11)",541
"Bifidobacterium animalis ssp. lactis분말(가루, 과립)(생균으로 200,000,000,000개/g 이상, 희석제(옥수수전분) 적량)",541
Bifidobacterium bifidum(1.0 X 10^10cfu/g 이상 원료 사용),541
Bifidobacterium bifidum(1.0x10^11cfu/g 이상 원료 사용),541
"Bifidobacterium bifidum(100,000,000,000 cfu/g)",541
"Bifidobacterium bifidum(100,000,000,000cfu)",541
Bifidobacterium bifidum(2.0 x 10^11 cfu/g 이상 원료 사용),541
"Bifidobacterium bifidum(450,000,000,000cfu/g, 희석제정량)",541
"Bifidobacterium bifidum(Bifidobacterium bifidum(450,000,000,000cfu/g,희석제정량)22.3%, 결정셀룰로오스77.7%)",541
"Bifidobacterium bifidum분말(가루, 과립)",541
"Bifidobacterium bifidum분말(가루, 과립)(5.0E+10)",541
"Bifidobacterium bifidum분말(가루, 과립)(50,000,000,000 cfu/g 이상)",541
"Bifidobacterium bifidum분말(가루, 과립)(50,000,000,000cfu 이상)",541
"Bifidobacterium bifidum분말(가루, 과립)(의 생균으로 100,000,000,000개/g 이상, 보호제 및 희석제 적량})",541
Bifidobacterium breve B-3 프로바이오틱스,10
Bifidobacterium breve(1*10^9/g),541
Bifidobacterium breve(1.0 X 10^10cfu/g 이상 원료 사용),541
Bifidobacterium breve(1.0x10^11cfu/g 이상 원료 사용),541
Bifidobacterium breve(1.0x10^9/g),541
"Bifidobacterium breve(100,000,000,000 cfu/g)",541
"Bifidobacterium breve(300,000,000,000cfu/g, 희석제정량)",541
"Bifidobacterium breve분말(가루, 과립)",541
"Bifidobacterium breve분말(가루, 과립)(300,000,000,000cfu/g 이상)",541
"Bifidobacterium breve분말(가루, 과립)(5.0E+10)",541
"Bifidobacterium breve분말(가루, 과립)(생균으로 55,000,000,000개/g 이상, 희석제(옥수수전분) 적량)",541
Bifidobacterium infantis(1.0 X 10^10 cfu/g 이상 원말 사용),541
"Bifidobacterium infantis분말(가루, 과립)(의 생균으로 100,000,000,000개/g      이상, 보호제 및 희석제 적량})",541
Bifidobacterium longum(1*10^9/g),541
Bifidobacterium longum(1.0 X 10^10cfu/g 이상 원료 사용),541
Bifidobacterium longum(1.0x10^9/g),541
"Bifidobacterium longum(100,000,000,000cfu/g)",541
Bifidobacterium longum(2.0 x 10^11 cfu/g 이상 원료 사용),541
Bifidobacterium longum(4.0x10^11cfu/g 이상 원료 사용),541
"Bifidobacterium longum(50,000,000,000cfu/g)",541
"Bifidobacterium longum(50,000,000,000cfu이상)",541
"Bifidobacterium longum(Bifidobacterium longum infantis, 1*10^9/g)",541
Bifidobacterium longum(probiocap R175),541
"Bifidobacterium longum분말(가루, 과립)(1.0E+11)",541
"Bifidobacterium longum분말(가루, 과립)(25,000,000,000cfu이상)",541
"Bifidobacterium longum분말(가루, 과립)(50,000,000,000 cfu/g이상)",541
"Bifidobacterium longum분말(가루, 과립)(B. longum 1.0x10^11cfu/g 이상)",541
"Bifidobacterium longum분말(가루, 과립)(BIFIDOBACTERIUM LONGUM의 생균으로 100,000,000,000개/g 이상, 희석제(옥수수전분) 적량)",541
"Bifidobacterium longum분말(가루, 과립)(혼합)",541
Bimuno GOS powder,11
CALRINOL 공액리놀레산(지방산 형태),12
CALRINOL 공액리놀레산(트리글리세라이드 형태),13
CJ식물성유지 디글리세라이드(DG),14
CJ저분자콜라겐펩타이드,15
CLA-80HGR,17
CLA-80TAG (트리글리세리드형태),18
CLARIONL 공액리놀렌산(트리글리세라이드 형태),19
Ca-PGA,21
CaHMB(Calcium β-Hydroxy-β-methylbutyrate),22
Collactive 콜라겐펩타이드,23
"D-α-토코페롤(D-α-토코페롤67%, 대두유33%)",307
"D-α-토코페롤(D-알파-토코페롤 67.2%, 대두유 32.8%)",307
"D-α-토코페롤(D-알파토코페롤67.1%, 대두유 32.9%)",307
"D-α-토코페롤(d-α-토코페롤72.7%,대두유27.3%,계100%)",307
"D-α-토코페롤(대두,비타민E 67.2%)",307
D-α-토코페롤유지,307
"D-α-토코페롤유지(Oil)(D-α-토코페롤 67.2%, soybean oil 32.8%)",307
D-α-토코페릴아세테이트(DL-알파-토코페릴 초산염),307
D-알파 토코페롤,307
"D-알파-토코페롤 혼합제제(D-알파토코페롤 71.7%, 대두유 28.3%)",307
D-알파-토코페롤(비타민E로서60%),307
"D-알파-토코페롤혼합제제(D-알파-토코페롤 72%, 대두유 28%)",307
"D-알파-토코페롤혼합제제{비타민E로서 67%(D-알파-토코페롤 72%, 대두유 28%)}",307
D-알파-토코페릴 초산염(고시형),307
"D-알파-토코페릴초산염 혼합제제(DL-알파-토코페릴초산염 50%, 변성전분 24.5%, 말토덱스트린 24.5%, 이산화규소 1%)",307
DL-ALPHA 토코페릴 아세테이트,307
DL-α-토코페릴아세테이트(DL-알파토코페릴초산염),307
DL-α-토코페릴아세테이트(혼합제제),307
DL-알파-토코페롤,307
DL-알파-토코페롤 혼합제제,307
DL-알파-토코페릴 초산염,307
DL-알파-토코페릴초산염 혼합제제(비타민E),307
"Dimethylsulfone (MSM)분말(가루, 과립)(99%)",24
Dimethylsulfone(MSM)(Dimethylsulfone함량 98%이상),24
"Dimethylsulfone(MSM)분말(가루, 과립)",24
EPA & DHA 함유 유지,25
EPA 및 DHA 함유 유지(고시형 원료),26
EPA 및 DHA 함유 유지(기능성원료인정제2015-20호),25
EPA(고시형),25
Enterococcus faecalis,541
Enterococcus faecalis FK-23 효소 및 가열처리분말(LFK),27
"Enterococcus faecalis(100,000,000,000cfu이상)",541
Enterococcus faecalis(5.0x10^11cfu/g 이상 원료 사용),541
Enterococcus faecalis동결건조,541
"Enterococcus faecalis분말(가루, 과립)(E. faecalis 4.0x10^11cfu/g 이상)",541
"Enterococcus faecalis분말(가루, 과립)(Enterococcus faecalis 1 X 10,000,000,000cfu/g이상, 동결보호제 및 희석제 적량)",541
"Enterococcus faecalis분말(가루, 과립)(생균으로 100,000,000,000개/g 이상, 보호제 및 희석제 적량)",541
Enterococcus faecium(1*10^9/g),541
"Enterococcus faecium(100,000,000,000cfu/g)",541
"Enterococcus faecium(100,000,000,000cfu이상)",541
Enterococcus faecium(5.0x10^11cfu/g 이상 원료 사용),541
"Enterococcus faecium(동결건조유산균분말[E.feacium 동결건조분말, 희석제(말토덱스트린) 정량), 유산균 혼합분말(가루, 과립), 산화아연",541
"Enterococcus faecium분말(가루, 과립)(200,000,000,000cfu)",541
"Enterococcus faecium분말(가루, 과립)(200,000,000,000cfu이상)",541
"Enterococcus faecium분말(가루, 과립)(Enterococcus faecium BH06 (1g당 40,000,000,000개 이상) 40%, 말토덱스트린 60%)",541
"Enterococcus faecium분말(가루, 과립)(Enterococcus faecium BH06 (1g당 50,000,000,000개 이상) 40%, 말토덱스트린 60%)",541
FK-23(Enterococcus faecalis 가열처리 건조분말),28
FloraGLO Lutein(20% liquid in safflower oil),29
Free Lutein 복합물(Lutein 20% FS),30
Geo-Fresh Organic 가르시니아 캄보지아 껍질추출물,31
Green Mate Extract EFLA920,32
"HK 나토배양물(피브린용해효소활성 14,000~22,000 U/g)",33
"HK 나토배양물분말(가루, 과립)(나토배양물(대두) 79.4%, 아가리쿠스버섯균사체엑기스 0.8%, 난소화성말토덱스트린 19.8%)",33
"HK 나토배양물분말(가루, 과립)(나토배양물79.4%,아가리쿠스버섯균사체엑기스0.8%,난소화성말토덱스트린19.8%)",33
HK표고버섯균사체 (인정번호:2010-35),34
HK표고버섯균사체(베타글루칸 13%),34
HK표고버섯균사체(표고버섯 균사체 100%),34
"HK표고버섯균사체분말(가루, 과립)",34
HK표고버섯균사체추출물(추출액)분말(분말 추출물),34
"KD-28복합추출분말((차조기26.7%, 갈근20.0%, 인진20.0%, 덱스트린33.3%)(Puerarin-3.4%, Scopoletin-0.11%, Apigenin-0.005%)",36
L-arabinose,37
L-글루타민,38
L-글루타민산 유래 GABA 함유 분말,39
L-글루탐산발효 가바분말,40
L-아르기닌,41
L-아르기닌(제2015-19호),41
"L-카르니틴 타르트레이트(L-주석산 31.5%, 기능(지표)성분 67%)",42
L-카르니틴 타르트레이트(L-주석산 32%),42
L-테아닌(L-테아닌으로서 94%함유),43
"L-테아닌분말(가루, 과립)",43
L. Helveticus 발효물,44
L. curvatus HY7601와 L. plantarum KY1032의 프로바이오틱스 복합물,45
L. mucosae NK41과 B. longum NK46의 프로바이오틱스 복합물(NVP-2106),46
L. plantarum LC27과 B. longum LC67의 프로바이오틱스 복합물(NVP-1702),47
L. rhamnosus IDCC 3201 열처리배양건조물(RHT®),48
L.plantarum IM76과 B.longum IM55복합물(NVP1703),49
Lacticaseibacillus paracasei BEPC22와 Lactiplantibacillus plantarum BELP53의 프로바이오틱스 복합,50
Lacticaseibacillus paracasei HY7017 프로바이오틱스,51
Lacticaseibacillus paracasei subsp. paracasei 327(K-1) 열처리배양건조물,52
Lactiplantibacillus plantarum ATG-K2 프로바이오틱스,53
Lactiplantibacillus plantarum C29 프로바이오틱스와 발효대두분말의 복합물(DW2009),54
Lactiplantibacillus plantarum CJLP133 프로바이오틱스,55
Lactiplantibacillus plantarum HAC01 프로바이오틱스,56
Lactiplantibacillus plantarum LMT1-48 프로바이오틱스,57
Lactiplantibacillus plantarum NK151과 Bifidobacterium bifidum NK175의 프로바이오틱스 복합물(LB101,58
Lactiplantibacillus plantarum Q180,60
Lactobacillus acidophilus YT1,61
Lactobacillus acidophilus(1*10^9/g),541
Lactobacillus acidophilus(1.0 X 10^10cfu/g 이상 원료 사용),541
Lactobacillus acidophilus(2.0 x 10^11 cfu/g 이상 원료 사용),541
Lactobacillus acidophilus(2.0×10^11 CFU/g 이상),541
"Lactobacillus acidophilus(200,000,000,000 cfu/g, 희석제정량)",541
"Lactobacillus acidophilus(DDS-1,300,000,000,000cfu이상)",541
"Lactobacillus acidophilus(Lactobacillus acidophilus(200,000,000,000cfu/g,희석제정량)50%, 결정셀루로오스50%)",541
"Lactobacillus acidophilus(생균으로 100,000,000,000개/g 이상, 보호제 및 희석제 적량)",541
"Lactobacillus acidophilus분말(가루, 과립)",541
"Lactobacillus acidophilus분말(가루, 과립)((DDS-1))",541
"Lactobacillus acidophilus분말(가루, 과립)((DDS-1)300,000,000,000cfu)",541
"Lactobacillus acidophilus분말(가루, 과립)(1.0E+11)",541
"Lactobacillus acidophilus분말(가루, 과립)(DDS-1, 300,000,000,000cfu이상)",541
"Lactobacillus acidophilus분말(가루, 과립)(L. acidophilus 2.0x10^11cfu/g이상)",541
"Lactobacillus acidophilus분말(가루, 과립)(생균으로 150,000,000,000개/g 이상, 희석제(옥수수전분) 적량)",541
"Lactobacillus bulgaricus(50,000,000,000 cfu/g, 희석제정량)",541
Lactobacillus bulgaricus(I)(락토바실러스불가리쿠스),541
Lactobacillus bulgaricus(II)(락토바실러스불가리쿠스),541
Lactobacillus bulgaricus건조분말,541
Lactobacillus casei(1*10^9/g),541
Lactobacillus casei(1.0 X 10^10cfu/g 이상 원료 사용),541
Lactobacillus casei(1.0x10^9/g),541
"Lactobacillus casei(100,000,000,000 cfu/g)",541
"Lactobacillus casei(300,000,000,000cfu/g, 희석제정량)",541
Lactobacillus casei(4.0x10^11cfu/g 이상 원료 사용),541
"Lactobacillus casei(락토바실러스 카제이, 1 × 10^11 CFU/g)(락토바실러스 카제이 19%, 말토덱스트린 81%)",541
"Lactobacillus casei(생균으로 100,000,000,000개/g 이상, 희석제(옥수수전분) 적량)",541
"Lactobacillus casei분말(가루, 과립)(3.0E+11)",541
"Lactobacillus casei분말(가루, 과립)(350,000,000,000cfu)",541
"Lactobacillus casei분말(가루, 과립)(생균으로 200,000,000,000개/g 이상, 희석제(옥수수전분) 적량)",541
Lactobacillus delbrueckii ssp. bulgaricus(1.0 X 10^10cfu/g 이상 원료 사용),541
"Lactobacillus delbrueckii ssp. bulgaricus분말(가루, 과립)(생균으로 10,000,000,000개/g 이상, 희석제(옥수수전분) 적량)",541
Lactobacillus fermentum(1.0 X 10^10cfu/g 이상 원료 사용),541
Lactobacillus fermentum(1.0x10^11cfu/g 이상 원료 사용),541
"Lactobacillus fermentum분말(가루, 과립)",541
"Lactobacillus fermentum분말(가루, 과립)(생균으로 100,000,000,000개/g 이상, 희석제(옥수수전분) 적량)",541
Lactobacillus gasseri(1.0 X 10^10cfu/g 이상 원료 사용),541
Lactobacillus gasseri(8.0 X 10^10cfu/g 이상 원료 사용),541
"Lactobacillus gasseri분말(가루, 과립)",541
"Lactobacillus gasseri분말(가루, 과립)(250,000,000,000cfu)",541
Lactobacillus helveticus(1.0 X 10^10cfu/g 이상 원료 사용),541
"Lactobacillus helveticus(50,000,000,000cfu)",541
Lactobacillus helveticus(probiocap R52),541
"Lactobacillus helveticus분말(가루, 과립)(50,000,000,000cfu이상)",541
"Lactobacillus helveticus분말(가루, 과립)(혼합)",541
Lactobacillus paracasei(1.0 X 10^10cfu/g 이상 원료 사용),541
Lactobacillus paracasei(4.0x10^11cfu/g 이상 원료 사용),541
"Lactobacillus paracasei분말(가루, 과립)",541
Lactobacillus plantarum TWK10 프로바이오틱스,64
Lactobacillus plantarum(1*10^9/g),541
Lactobacillus plantarum(1.0 X 10^10cfu/g 이상 원료 사용),541
Lactobacillus plantarum(1.0x10^11),541
"Lactobacillus plantarum(1.7 x 100,000,000,000/g 이상)",541
"Lactobacillus plantarum(150,000,000,000)",541
"Lactobacillus plantarum(200,000,000,000마리이상/g, 희석제(결정셀룰로오스)적량)",541
Lactobacillus plantarum(4.0x10^11cfu/g 이상 원료 사용),541
"Lactobacillus plantarum(400,000,000,000cfu/g, 희석제정량)",541
"Lactobacillus plantarum(Lactobacillus plantarum(400,000,000,000cfu/g,희석제정량)25%, 결정셀룰로오스75%)",541
"Lactobacillus plantarum동결건조(200,000,000,000마리이상/g, 희석제(결정셀룰로오스)적량
)",541
"Lactobacillus plantarum분말(가루, 과립)(150,000,000,000 cfu/g 이상)",541
"Lactobacillus plantarum분말(가루, 과립)(150,000,000,000cfu이상)",541
"Lactobacillus plantarum분말(가루, 과립)(3.0E+11)",541
"Lactobacillus plantarum분말(가루, 과립)(400,000,000,000 CFU/g 이상)",541
"Lactobacillus plantarum분말(가루, 과립)(ACTOBACILLUS PLANTARUM의 생균으로 100,000,000,000개/g 이상, 보호제 및 희석제 적량)",541
"Lactobacillus plantarum분말(가루, 과립)(생균으로 330,000,000,000개/g 이상, 희석제(옥수수전분) 적량)",541
Lactobacillus reuteri(1.0 X 10^10cfu/g 이상 원료 사용),541
Lactobacillus reuteri(1.0x10^11cfu/g 이상 원료 사용),541
Lactobacillus reuteri(2.0 x 10^11 cfu/g 이상 원료 사용),541
Lactobacillus reuteri분말,541
"Lactobacillus reuteri분말(가루, 과립)(L.reuteri LRT 동결건조물, 희석제(말토덱스트린))",541
"Lactobacillus reuteri분말(가루, 과립)(생균으로 50,000,000,000개/g 이상, 희석제(옥수수전분) 적량)",541
Lactobacillus rhamnosus(1.0 X 10^10cfu/g 이상 원료 사용),541
Lactobacillus rhamnosus(1.0x10^10 cfu/g 원료사용),541
Lactobacillus rhamnosus(2.0 x 10^11 cfu/g 이상 원료 사용),541
"Lactobacillus rhamnosus(200,000,000,000cfu/g, 희석제정량)",541
"Lactobacillus rhamnosus(200,000,000,000cfu이상)",541
Lactobacillus rhamnosus(4.0x10^11cfu/g 이상 원료 사용),541
"Lactobacillus rhamnosus(Lactobacillus rhamnosus(200,000,000,000cfu/g,희석제정량)50%, 결정셀룰로오스50%)",541
Lactobacillus rhamnosus(probiocap R11),541
"Lactobacillus rhamnosus(락토바실러스 람노서스 3 × 10^10 CFU/g)(락토바실러스 람노서스 GG 6.4%, 말토덱스트린 93.6%)",541
"Lactobacillus rhamnosus분말(가루, 과립)",541
"Lactobacillus rhamnosus분말(가루, 과립)(150,000,000,000 cfu/g이상)",541
"Lactobacillus rhamnosus분말(가루, 과립)(40,000,000,000cfu이상)",541
"Lactobacillus rhamnosus분말(가루, 과립)(Lactobacillus thamnosus의 생균으로 100,000,000,000개/g 이상, 보호제 및 희석제 적량)",541
"Lactobacillus rhamnosus분말(가루, 과립)(혼합)",541
Lactobacillus sakei,541
Lactobacillus sakei Probio65,65
Lactobacillus salivarius,541
Lactobacillus salivarius(1.0 X 10^10cfu/g 이상 원료 사용),541
"Lactobacillus salivarius(100,000,000,000 cfu/g)",541
"Lactobacillus salivarius(300,000,000,000cfu/g, 희석제정량)",541
"Lactobacillus salivarius(500,000,000,000cfu)",541
Lactobacillus salivarius동결건조,541
"Lactobacillus salivarius분말(가루, 과립)",541
Lactobacillus.delbrueckii spp. bulgaricus(1.0x10^11cfu/g 이상 원료 사용),541
"Lactobacillus.delbrueckii spp. bulgaricus분말(가루, 과립)(생균으로 1,000,000,000개/g 이상, 보호제 및 희석제 적량, 옥수수전분)",541
"Lactobacillus.delbrueckii spp. bulgaricus분말(가루, 과립)(생균으로 10,000,000,000개/g 이상, 희석제(옥수수전분) 적량)",541
Lactococcus lactis subsp. lactis CAB701 프로바이오틱스,66
Lactococcus lactis(1.0 X 10^10cfu/g 이상 원료 사용),541
"Lactococcus lactis(300,000,000,000cfu이상)",541
"Lactococcus lactis분말(가루, 과립)",541
"Lactococcus lactis분말(가루, 과립)(300,000,000,000cfu)",541
Latilactobacillus sakei K040706 열처리배양건조물(노바사케이),68
Latilactobacillus sakei LB-P12 프로바이오틱스,69
Ligilactobacillus salivarius,541
Lutein20%(Parry Xanmax 20%),70
"MR-10 민들레등복합추출물(Luteolin 0.06mg/g, Isoorientin 0.18mg/g, 제2013-31호)",71
MS-10 엉겅퀴등복합추출물,72
MSM(MSM 98%이상),389
MSM(MSM 99.8%),389
MSM(디메틸설폰),389
MSM(엠에스엠98%),389
Methyl Slufonyl Methane(MSM),74
N-아세틸글루코사민(N-아세틸글루코사민으로서 95% 이상),75
N-아세틸글루코사민(NAG 95%이상),75
"N-아세틸글루코사민분말(가루, 과립)(N-아세틸글루코사민 : 99%)",75
Nopal 추출물,78
Novasoy,79
PMO참밀알부민,81
"Rain Nutrience DistilPureTM MSM분말(가루, 과립)",82
Streptococcus thermophilus(1.0 X 10^10cfu/g 이상 원료 사용),541
"Streptococcus thermophilus(100,000,000,000 cfu/g)",541
Streptococcus thermophilus(100.000.000cfu),541
Streptococcus thermophilus(2.0 x 10^11 cfu/g 이상 원료 사용),541
Streptococcus thermophilus(4.0x10^11cfu/g 이상 원료 사용),541
"Streptococcus thermophilus(400,000,000,000cfu/g, 희석제정량)",541
"Streptococcus thermophilus(400,000,000,000cfu이상)",541
"Streptococcus thermophilus(스트렙토코커스 써모필러스 3 × 10^10 CFU/g)(스트렙토코커스 써모필러스 TH-4 11%, 말토덱스트린 89%)",541
"Streptococcus thermophilus분말(가루, 과립)",541
"Streptococcus thermophilus분말(가루, 과립)(1.0E+11)",541
"Streptococcus thermophilus분말(가루, 과립)(400,000,000,000cfu)",541
"Streptococcus thermophilus분말(가루, 과립)(생균으로 200,000,000,000개/g 이상, 희석제(옥수수전분) 적량)",541
TEAVIGO (고순도 녹차 EGCG 90%),83
Tonalin CLA TG(트리글리세라이드),86
UREX 프로바이오틱스,87
Weissella cibaria CMU 프로바이오틱스,88
Weissella cibaria JW15 프로바이오틱스,91
Weissella confusa WIKIM51 프로바이오틱스(Wilac D001),89
가다랑어 엘라스틴 펩타이드,92
가르시니아 캄보지아 껍질추출물 60,94
가르시니아 캄보지아 껍질추출물 60HCA MP,96
가르시니아 캄보지아 껍질추출물 GARSLIM,97
가르시니아 캄보지아 껍질추출물 HCActive Ca 65,98
가르시니아 캄보지아 껍질추출물WS,99
가르시니아캄보지아 추출물(HCA 함량 60%),101
가르시니아캄보지아 추출물(가르시니아캄보지아 껍질추출물 60%),101
가르시니아캄보지아 추출물(가르시니아캄보지아 껍칠추출물 60%),101
"가르시니아캄보지아 추출물분말(가루, 과립)((HCA 60%))",101
"가르시니아캄보지아 추출물분말(가루, 과립)(javascript:setItemCode();)",101
"가르시니아캄보지아 추출물분말(가루, 과립)(가르시니아캄보지아껍질추출물분말 60%)",101
가르시니아캄보지아 추출물추출물(추출액)분말(분말 추출물)(60%),101
가르시니아캄보지아 추출물추출물(추출액)분말(분말 추출물)(HCA 60%이상),101
가르시니아캄보지아껍질추출물 HCA-600-SXS,102
"가르시니아캄보지아추출물분말[총(-)-HCA60%이상,인도산]",101
가르시니아캄보지아추출물분말[총(-)-HCA60%이상],101
가시오가피숙지황 복합추출물농축액(농축물)분말,103
가시오가피숙지황 복합추출물추출물(추출액)분말(분말 추출물)(가시오가피숙지황복합추출물로서 800mg/일),103
"가시오갈피등 복합추출물(Eleutheroside E 2.6mg/g, Ligustilide 4mg/g, Baicalin 25mg/g)",104
"가시오갈피등 복합추출물(Eleutheroside E 2.6mg/g, Ligustillide 4.0mg/g, Baicalin 25mg/g)",104
가자추출물(AyuFlexⓇ),105
가쯔오부시 올리고 펩타이드,106
갈락토올리고당 분말(네오고스-P70)(기능성인정원료제2021-8호),107
갈락토올리고당분말(네오고스-P70),107
감국감태추출복합물,108
감마리놀렌산,109
감마리놀렌산 함유 유지(감마리놀렌산 9%),109
감마리놀렌산(달맞이꽃종자유(감마리놀렌산-7%이상),109
감마리놀렌산함유유지(기능성원료인정제2014-48호),109
감잎주정추출분말,110
감태추출물(제2015-6호),111
강황 추출물(터마신),112
강황추출물(제2025-51호),113
건조효모(Cr 0.2%),90
건조효모(MNY건조효모),90
건조효모(Ⅳ),90
건조효모(망간 5.0% 이상),90
건조효모(비타민B1 20.0% 이상),90
건조효모(비타민B12 0.4% 이상),90
건조효모(비타민B2 9.0% 이상),90
건조효모(비타민B6 20.0% 이상),90
건조효모(비타민D 0.02% 함유),90
건조효모(셀레늄),336
건조효모(셀렌 0.1% 함유),90
건조효모(셀렌 함량 0.1%),90
건조효모(식용건조효모),90
건조효모(아연 5% 이상),90
건조효모(아연 5%함유),90
건조효모(아연 5.0% 이상),90
건조효모(크롬 0.2 %),90
건조효모(크롬 0.2% 이상),90
건조효모(크롬 0.2%함유),90
건조효모(크롬함량 0.2%),90
건조효모(판토텐산 24.0% 이상),90
결정셀룰로스,90
계피추출분말,114
골드키위유산균발효물(Kiwibiotics®),118
골드키위유산균발효물(Kiwibiotics®)(제2025-22호),118
곰피추출물,119
공액리놀레산(CONJUGATED LINOLEIC ACID),121
"공액리놀레산(홍화유 99.9%, D-토코페롤(혼합형) 0.1%)",307
구기자나무뿌리껍질추출분말,122
구아검가수분해물(Sunfiberⓡ),126
구아바잎,127
구아바잎추출물,128
"구아바잎추출물 등 복합물(BENDU381)(Ellagic acid 2.5mg/g, EGCG 100mg/g, Gallic acid 2.2mg/g)",129
"구아바잎추출물 등 복합물(BENDU381)(구아바잎추출물 50%, 녹차잎추출물 30%, 장미꽃잎추출물 20%)",129
구아바잎추출물(Guavarin),128
"구아바잎추출물(잎(엽))분말(가루, 과립)",128
구아바잎추출물추출물(추출액)분말(분말 추출물),128
구연산아연(고시형),378
구연산칼슘(비소성),491
구절초추출물,130
구절초추출물(조인시스트),130
굴가수분해물,131
귀리,132
"귀리(귀리식이섬유, 20%이상)",132
그린마떼추출물(기능성원료인정제2010-7호),32
그린마테추출물 EFLA® 920,133
그린세라-F (인동덩굴꽃봉오리추출물),134
그린커피빈주정추출물,135
그린커피빈추출물,136
글로빈 가수분해물,137
"글루코사민 황산염분말(가루, 과립)",139
글루코사민분말,139
글루코사민분말(글루코사민염분말-98%이상),139
글루코사민분말(글루코사민염산염으로서 98%이상),139
글루코사민분말(글루코사민함량 98%이상),139
글루코사민염산염(98~102%),139
글루코사민염산염(글루코사민염산염98%이상),139
글루코사민염산염(글루코사민염산염으로서 98%함유),139
글루코사민염산염분말 (글루코사민염산염 99% 이상),139
글루코사민염산염분말(100%),139
글루코사민염산염분말(글루코사민 80%함유),139
글루코사민염산염분말(글루코사민 99%이상),139
글루코사민염산염분말(글루코사민100%이상함유),139
글루코사민염산염분말(글루코사민100%함유),139
글루코사민염산염분말(글루코사민80%이상),139
글루코사민염산염분말(글루코사민염산염으로서 98%이상),139
글루코사민염산염분말(글루코사민함량 80.0%이상),139
글루코사민염산염분말(글루코사민함량98% 이상),139
글루코사민황산염분말(글루코사민55%이상),139
글루코사민황산염분말(글루코사민황산염 98%이상),139
글루코사민황산염혼합물,139
글루콘산동(구리 14%),124
글루콘산동(구리함량 14.0%),124
글루콘산아연(아연 14%),378
글루콘산철(고시형),482
글루콘산칼슘분말,491
금사상황버섯,140
기장밀추출복합물(KeranatTM),141
김치유산균,541
"김치유산균 동결분말[Lactobacillus plantarum(200,000,000,000cfu/g)",541
"김치유산균분말(가루, 과립)(1.0x100,000,000,000 CFU/g)",541
까마귀쪽나무 열매 주정추출물,143
깻잎추출물(PF501)(기능성원료인정제2019-3호),144
꾸지뽕잎추출물,145
끼꼬망 포도종자추출물,146
나이아신(니코틴산아미드),147
나이아신(함량 100%),147
나이아신분말(고시형),147
"나토균배양분말(나토균배양분말 50%, 덱스트린 50%)",148
"나토균배양분말(난소화성말토덱스트린(배합비:70%), Bacillus subtilis natto (ATCC15245)배양분말(배합비:30%)(배지조성:대두분말 66%, 옥수수전분 30%, 대두유 3%, 탄산칼슘 1%))",148
나한과박추출분말(DKB131),150
나한과박추출분말(DKB131)(제2024-22호),150
난각막가수분해물(NEM®),151
난각막분말(DEMⓇ),152
난각막분말(제2023-35호),152
난각칼슘(Ca 35% 이상),491
"난각칼슘(비소성,칼슘으로서34%이상)",491
"난각칼슘(비소성,칼슘으로서34%함유)",491
난각칼슘(칼슘함량 34%),491
난소화성말토덱스트린(식이섬유 85% 이상),153
난소화성말토덱스트린(식이섬유 85.0%),153
난소화성말토덱스트린(식이섬유90%이상함유),153
난소화성말토덱스트린(식이섬유함량 85%이상),153
난소화성말토덱스트린(식이섬유함량 85.0%이상),153
"난소화성말토덱스트린(제2009-4호, 식이섬유함량 85.0%이상)",153
난소화성말토덱스트린농축액(농축물),153
내츄럴아스타잔틴컴플렉스,154
녹각효소분해추출물HP(NP-2007),155
녹용당귀등 복합추출물,156
녹용유산균발효분말,157
녹용효소분해추출물(HENKIVⓇ),158
"녹차추출물(카테킨 40% 이상, 카페인 5% 이하)",159
녹차추출물(카테킨으로서 30.0% 이상),159
녹차추출물/테아닌 복합물,160
녹차추출물분말가루,159
녹차추출물추출물(추출액)분말(분말 추출물),159
녹차추출물추출물(추출액)분말(분말 추출물)(카테킨 50%),159
니코틴산아미드 (니코틴산아미드로서 97.71% 이상),147
니코틴산아미드 혼합분말,147
"니코틴산아미드 혼합분말(가루, 과립)",147
니코틴산아미드(결정성분말),147
니코틴산아미드(나이아신 99%),147
니코틴산아미드(나이아신함량 99%),147
니코틴산아미드(나이아신함량 99.0%),147
니코틴산아미드(니코틴산 아니드 100%),147
니코틴산아미드(니코틴산아미드100%),147
다래추출물,161
다래추출물(PG102)(기능성원료 인정 제2009-18호),161
"다래추출물(퀸산 1.7%, 구연산 2.35%)",161
"다래추출물분말(가루, 과립)",161
다이크로스타키스 글로메라타 추출물(Dyglomera),162
단삼주정추출분말,164
단삼주정추출분말(SAGX),165
달맞이꽃종자 추출물,166
달맞이꽃종자유 (감마리놀렌산 4.75%이상),109
달맞이꽃종자유(감마리놀렌산 9%),109
달맞이꽃종자유(감마리놀렌산5%이상),109
달맞이꽃종자유(감마리놀렌산함량 9.0%이상),109
닭가슴연골분말(UC-Ⅱ),167
당귀등추출복합물,168
"당귀등추출복합물(덱스트린 50%, 참당귀추출물 40%, 삼백초추출물 5%, 오미자추출물 5%)",168
"당귀등추출복합물(시클로덱스트린 48%, 참당취추출물 40%, 삼백초추출물 5%, 오미자추출물 5%, 글리세린지방산에스테르 2%)",168
당귤농축분말(ROCH),169
당조고추건조분말,170
대두 포스파티딜세린(Leci-PS),171
대두배아유산균발효물(SE5-OH),172
대두올리고당,174
대두이소플라본 추출물 분말,176
"대두이소플라본(Daidzein, Genistein, Glycitein의 합으로서 225 mg/g)",175
"대두이소플라본(배당체(Daidzin, Genistin, Glycitin)의 함 33%)",175
대두이소플라본배당체 40mg/g),175
대두이소플라본제품,175
대두이소플라본추출물,177
대두이소플라본추출물(추출액)분말(분말 추출물),177
대두이소플라본추출물(추출액)분말(분말 추출물)(비배당체로서 6.25%),177
대두추출물등 복합물(메노세라),178
대웅 코엔자임Q10(코엔자임Q10 99%),179
댕댕이나무열매(허니베리)추출분말,180
덖음귤피추출분말(JRC)(제2025-23호),181
도라지추출물,182
도라지추출물(DRJ-AD),183
도라지추출물(기능성원료 인정 제2013-26호),182
돈태반 발효추출물,184
돌외잎 추출물,185
돌외잎주정추출분말(액티포닌®),187
돌외잎주정추출분말(잎(엽)),186
돌외잎주정추출분말(잎(엽))(DamulinA1.2%),186
"돌외잎주정추출분말(잎(엽))(돌외잎주정추출물 90%, 덱스트린 10%)",186
동결건조누에분말,188
"동결건조유산균분말(Enterococcusfaecium동결건조분말, 희석제 정량",541
동충하초 발효 추출물(기능성원료인정제2011-16호),191
동충하초 유래 P. hepiali 균사체(Cs-4) 추출물,191
동충하초 유래 P. hepiali 균사체(Cs-4) 추출물(제2011-16호),191
돼지뇌효소가수분해물,193
두충우슬추출복합물(KGC08EA),194
들쭉열매추출물,195
들쭉열매추출분말,196
디-토코페롤혼합형,307
디메틸설폰,389
디메틸설폰(msm),389
디엘-알파-토코페릴초산염,307
라임과피추출물,198
라임카카오추출복합물,199
락추로스분말,201
락추로스분말(제2009-40호),201
"락토바시루스 람노수스 유산균{LACTOBACILLUS RHAMNOSUS의 생균으로 100,000,000,000개/g 이상, 희석제(옥수수전분) 적량}",541
"락토바실루스 델브에루키 불가리쿠스 유산균{LACTOBACILLUS DELBUEKII BULGARICUS의 생균으로 10,000,000,000개/g 이상, 희석제(옥수수전분) 적량}",541
"락토바실루스 람노수스 유산균{LACTOBACILLUS ACIDOPHILUS의 생균으로 100,000,000,000개/g 이상, 희석제(옥수수전분) 적량}",541
"락토바실루스 람노수스 유산균{LACTOBACILLUS RHAMNOSUS의 생균으로 130,000,000,000개/g 이상, 희석제(옥수수전분)}",541
"락토바실루스 람노수스 유산균{LACTOBACILLUS RHAMNOSUS의 생균으로 150,000,000,000개/g 이상,희석제(옥수수전분) 적량}",541
"락토바실루스 루테리 유산균{LACTOBACILLUS REUTERI의 생균으로 50,000,000,000개/g 이상, 보호제 및 희석제 적량}",541
"락토바실루스 루테리 유산균{LACTOBACILLUS REUTERI의 생균으로 50,000,000,000개/g 이상, 희석제(옥수수전분) 적량}",541
"락토바실루스 불가리쿠스 유산균{LACTOBACILLUS BULGARICUS의 생균으로 1,000,000,000개/g 이상, 희석제(옥수수전분) 적량}",541
"락토바실루스 불가리쿠스 유산균{LACTOBACILLUS BULGARICUS의 생균으로 10,000,000,000개/g 이상, 보호제 및 희석제 적량}",541
"락토바실루스 불가리쿠스 유산균{LACTOBACILLUS BULGARICUS의 생균으로 10,000,000,000개/g 이상, 희석제(옥수수전분) 적량}",541
"락토바실루스 불가리쿠스 유산균{LACTOBACILLUS BULGARICUS의 생균으로 10,000,000,000개/g 이상, 희석제(옥수수전분)}",541
락토바실루스 아시도필루스 (Lactobacillus acidophilus) 유산균,541
"락토바실루스 아시도필루스 유산균{LACTOBACILLUS ACIDOPHILUS의 생균으로 130,000,000,000개/g 이상, 희석제(옥수수전분) 적량}",541
"락토바실루스 아시도필루스 유산균{LACTOBACILLUS ACIDOPHILUS의 생균으로 200,000,000,000개/g 이상, 희석제(옥수수전분) 적량}",541
"락토바실루스 카제이 유산균{LACTOBACILLUS ACSEI의 생균으로 200,000,000,000개/g 이상, 희석제(옥수수전분) 적량}",541
"락토바실루스 카제이 유산균{LACTOBACILLUS CASEI의 생균으로 100,000,000,000개/g 이상, 희석제(옥수수전분)}",541
"락토바실루스 카제이 유산균{LACTOBACILLUS PLANTARUM의 생균으로 100,000,000,000개/g 이상, 희석제(옥수수전분) 적량}",541
"락토바실루스 파라카제이 유산균{LACTOBACILLUS PARACASEI의 생균으로 150,000,000,000개/g 이상,희석제(옥수수전분) 적량}",541
락토바실루스 플란타룸 유산균,541
"락토바실루스 플란타룸 유산균{LACTOBACILLUS PLANTARUM의 생균으로 100,000,000,000개/g 이상, 보호제 및 희석제 적량}",541
"락토바실루스 플란타룸 유산균{LACTOBACILLUS PLANTARUM의 생균으로 135,000,000,000개/g 이상, 희석제(옥수수전분)}",541
"락토바실루스 플란타룸 유산균{LACTOBACILLUS PLANTARUM의 생균으로 150,000,000,000개/g 이상,희석제(옥수수전분) 적량}",541
락토바실루스카제이(Lactobacillus casei)유산균,541
"락토코쿠스 락티스 유산균{LACTOCOCCUS LACTIS의 생균으로 100,000,000,000개/g 이상, 희석제(옥수수전분)}",541
락토페린(우유정제단백질),202
락토페린LF300(우유유래정제단백질),203
락토페린LF300(우유유래정제단백질)(제2023-38호),203
레몬버베나추출물,206
레몬버베나추출물 등 복합물 (티에뜨레®),207
레시틴,90
로즈마리자몽추출복합물,209
로즈마리추출물등복합물(SunMax),210
로즈힙 분말,211
로즈힙분말(Hyperoside 0.07mg/g 이상),211
로즈힙분말(Hyperoside 0.1㎎/g),211
루바브뿌리추출물(ERr731Ⓡ),213
루테인 지아잔틴 복합 추출물 20%,216
루테인(루테인 15%),214
루테인(루테인 20%),214
"루테인(루테인 20%, 올리브유 80%)",214
"루테인(마리골드꽃 헥산추출물20%,올리브유80%)",214
"루테인(마리골드꽃추출물20%,홍화씨유80%)",214
"루테인(마리골드꽃추출물25%,올리브유75%)",214
"루테인(마리골드꽃추출물36.2%,홍화씨유63.8%)",214
"루테인(마리골드추출물20%,해바라기씨오일80%)",214
"루테인(해바라기씨유 79%, 루테인 20%, Dl-α-토코페롤 1%)",214
루테인복합물 SF20,217
루테인복합물VBAF,218
"루테인분말(가루, 과립)",214
루테인지아잔틴추출복합물(기능성원료인정제2022-29호),219
"루테인추출물(추출액)(마리골드꽃추출물 20%, 옥수수유 80%)",214
루테인추출물20%,220
루테인추출복합물OS20,221
루테인추출복합분말CWD10,222
리스펙타(RespectaⓇ) [프로바이오틱스 등복합물],223
리프리놀-초록입홍합추출오일,224
마그나스표고균사체추출물분말,225
"마그나스표고균사체추출물분말
(제2009-3호)",225
마그네슘,226
마늘(분말),227
마늘동결건조,227
마르멜로추출물,228
마리골드 추출물(루테인 에스테르),229
마리골드꽃주정추출물(지아잔틴함유),230
마카 젤라틴화 분말,233
마카 젤라틴화 분말(벤질헥사데칸아미드 145μg/g),233
마키베리추출물,234
마키베리추출물(제2025-8호),234
마테열수추출물,235
매스틱 검,237
매실,238
매실추출물,238
매실추출물(구연산 300mg/g이상),238
"매실추출물[매실추출물(원료성) 38.8%, 정제수 61.2%(brix 66%이상)]",238
목천료추출분말(제2024-10호),242
몰리브덴산나트륨,243
무화과페이스트,244
미강주정추출물,247
미배아발효분말,248
미배아발효분말(제2025-66호),248
미숙여주주정추출분말,249
미역석류씨추출복합물(잔티젠),250
민들레 등 복합추출물(기능성원료인정제2012-12호),252
민들레 등 추출복합물,252
"밀 추출물(Ceratiq, 세라티크)",253
밀납,90
밀전분유래 난소화성말토덱스트린,256
밀크씨슬(카르두스마리아누스)추출물(실리마린 40~60%),258
밀크씨슬(카르두스마리아누스)추출물(실리마린 43~65% 이상),258
밀크씨슬(카르두스마리아누스)추출물(추출액)분말(분말 추출물),258
밀크씨슬(카르두스마리아누스)추출물추출물(추출액),258
밀크씨슬추출물(추출액)분말(분말 추출물),259
"밀크씨슬추출물분말(가루, 과립)",259
"밀크씨슬추출물분말(가루, 과립)(Silymarin(silybin) 50%)",259
"밀크씨슬추출물분말(가루, 과립)(Silymarin(silybin으로서) 50%)",259
밀크씨슬추출물추출물(추출액)분말(분말 추출물),259
"바나바잎추출물(가루, 과립)",260
바나바잎추출물(바나바잎추출물 100%),260
바나바잎추출물(코로소린산 1.0~1.3%),260
"바나바잎추출물분말(가루, 과립)(코로솔산 10mg/g이상)",260
바나바잎추출물유지(Oil),260
바나바주정추출물,261
"바나바주정추출물 (제2005-3호, 코로소린산함량 1.0%)",261
바이오게르마늄 효모(제2007-15호),263
"바이오이소플라본(Daidzin, Zenistin, Glycitin의 합으로 350mg/g)",262
발아발효콩추출물,264
발효굴추출물(FSO)(제2023-39호),265
발효생성아미노산 복합물,266
"발효생성아미노산 복합물((L-이소로이신,L-발린,L-로이신))",266
발효생성아미노산 복합물(기능성원료인정제2011-40호),266
발효우슬등복합물,268
발효울금,269
발효율피추출분말,270
발효인삼농축액(진세노사이드 Rg1과 Rb1의 합 0.6%),435
발효인삼농축액분말,435
"발효홍삼농축액(6년근,국산)",586
발효홍삼농축액(진세노사이드Rg1과 Rb1 및 Rg3의 합 5mg/g),586
발효홍삼농축액분말(진세노사이드 Rg1과Rb1 및 Rg3의 합으로 18mg/g이상),586
발효홍삼분말,586
배초향·고지베리·무화과복합추출물(제2024-23호),271
백삼(고시형),435
백출양춘사추출복합물,274
백편두추출분말(NOVAponinⓇ),275
베타글루칸 분말,276
베타카로틴분말(10%),277
"베타카로틴분말(가루, 과립)(베타카로틴 10%, 변성전분 62%, 포도당시럽 20%, 코코넛유 4%, DL-알파토코페롤 2%, 제삼인산칼슘 0.5%, 정제수 1.5%)",307
"베타카로틴분말(가루, 과립)(카로틴10,젤라틴49,올리브유23,자당12,아스코르빌팔미테이트4.6,D-토코페롤(혼합형)1,이산화규소0.1)",307
베타카로틴용액(액),277
"베타카로틴혼합(베타카로틴30.0%,콘오일69.3%,디엘알파토코페롤0.7%)",277
"베타카로틴혼합분말(가루, 과립)",277
"베타카로틴혼합분말(가루, 과립)((비타민A 5% 함유), 젤라틴 50%, 대두유 23.45%, 자당 14.7%, 베타카로틴 10.05%, D-α-토코페롤 1.8%)",307
"베타카로틴혼합분말(가루, 과립)(베타카로틴1%)",277
베타카로틴혼합제제(두나리엘라조류추출카로틴 1.4%),277
"베타카로틴혼합제제(베타카로틴 10%, 변성전분 62%, 포도당시럽 20%, 미디움체인트리글리세리드 4%, 비타민E 2%, 제삼인산칼슘 0.5%, 정제수 1.5%)",277
"베타카로틴혼합제제(베타카로틴 30%, 옥수수유 69.3%, DL-알파토코페롤 0.7%)",277
베타카로틴혼합제제(조류),277
"베타카로틴혼합제제[카로틴10.05%,젤라틴(돼지)50%,대두유 23.45%,수크로오스14.7%,혼합토코페롤1.8%]",307
보리 베타글루칸 추출물,279
보리 베타글루칸 추출물(Barley β-glucan Extract),280
보리수나무열매추출물(Elaea),281
보리수나무열매추출물(Elaea)(제2025-59호),281
보스웰리아 추출물(Boswellia serrata R. extract),283
보스웰리아추출물(FJH-BS),285
보스웰리아추출물(SERRATRIN),286
보스웰리아추출물등 복합물(Flexir),288
보스웰리아추출물등 복합물(Flexir)(기능성인정제2021-9호),288
보이차 추출물,289
복분자 추출물(RE-20),290
복분자동결건조분말,291
"복분자추출분말분말(가루, 과립)",292
복합토코페롤분말,307
"분말비타민 A(말토덱스트린 47%, 아라비아검 20%, 옥수수전분 20%, 비타민A초산염 11.5%, Dl-알파토코페롤 1.5%)",300
"분말비타민 A(말토덱스트린 47%, 옥수수전분 20%, 아라비아검 20%, 비타민A아세테이트 11.5%)",300
"분말비타민 A(말토덱스트린 47%. 옥수수전분 20%, 아라비안검 20%, 비타민A아세테이트 11.5%)",300
"분말비타민 A(비타민 A아세테이트 11.5%, 말토덱스트린 47%, 아라비아검 20%, 옥수수 전분 20%, DL-알파-토코페롤 1.5%)",300
분말비타민 A(비타민A 9.75%),300
분말비타민 A(비타민A로써 9.75%),300
"분말비타민 A(비타민A아세테이트 11.5%, 덱스트린 47%, 옥수수전분 20%, 아라비아검 20%, dl-알파토코페롤 1.5%)",300
"분말비타민A (비타민A아세테이트 11.5%, dl-α-토코페롤 1%, 땅콩오일 2.2%, 생선젤라틴 25.6%, 설탕 38.4%, 옥수수전분 21.3%)",300
분말비타민A(비타민A로서 9.75%),300
분말비타민A(비타민A로서 9.75%함유),300
"분말비타민A(비타민A초산염11.5%, DL-α-토코페롤1%, 땅콩오일2%, 어류 젤라틴25.5%, 슈크로스38.5%, 옥수수전분21.5%, 계100%)",300
"분말비타민A혼합제제{비타민A함량 9.75% (분말비타민A 11.5%, DL-알파-토코페롤1.5%, 말토덱스트린 47.0%, 아라비아검 20.0%, 옥수수전분20.0%)}",307
분말비타민D3,306
"분말비타민E(DL-α-토코페릴 초산염50%, 전분24.5%, 말토덱스트린24.5%, 이산화규소1%, 계100%)",307
"분말비타민E혼합제제(DL-알파-토코페릴초산염 50%, 변성전분 24.5%, 말토덱스트린 24.5%, 이산화규소 1%)",307
블랙라즈베리한속단추출복합분말,295
블랙커민추출물(FJ)(제2025-4호),296
비수리추출분말,297
비오틴(결정성분말),298
비즈왁스알코올,299
비즈왁스알코올(기능성원료인정제2010-1호),299
비타민 A 혼합,300
"비타민 A 혼합유지(Oil)(레티닐팔미테이트 55.5, 땅콩유지 43.5, DL-알파토코페롤 1)",307
"비타민 A 혼합제제(레티닐아세테이트11.5, 말토덱스트린47, 옥수수전분20, 아라비아검20 DL-알파토코페롤1.5)",300
"비타민 A 혼합제제(레티닐아세트산염 11.5, DL-알파토코페롤 1.5, 말토덱스트린 47, 옥수수전분 20, 아라비아검 20)",300
"비타민 A 혼합제제(레티닐아세트산염(V-A 84.8%)11.5%, DL-α-토코페롤 1.5%, 말토덱스트린 47%, 아라비아검 20%, 옥수수전분 20%, 계100%)",307
"비타민 A 혼합제제(레티닐아세트산염(비타민A84.8%)11.5%,DL-알파토코페롤(비타민E50%)1.5%,말토덱스트린47%,아라비아검20%,옥수수전분20%  계:100%)",307
"비타민 A 혼합제제(레티닐아세트산염11.5, 말토덱스트린47, 옥수수전분20, 아라비아검20, DL-알파토코페롤(비타민E)1.5)",307
"비타민 A 혼합제제(레티닐아세트산염11.5, 말토덱스트린47, 옥수수전분20, 아라비아검20, 비타민E(DL-알파토코페롤)1.5)",307
"비타민 A 혼합제제(분말)(레티닐아세트산염 11.5%, 말토덱스트린 47%, 옥수수전분 20%, 아라비아검 20%, DL-알파토코페롤 1.5%)",300
"비타민 A 혼합제제(분말비타민A 11.5%, DL-알파-토코페롤 1.5%, 말토덱스트린 47%, 아라비아검 20%, 옥수수전분 20%)",300
비타민 A 혼합제제(비타민 A로써 9.75%이상),300
"비타민 A 혼합제제(비타민A 30%, 비타민A유 55.5%, 땅콩오일 43.5%, Dl-α-토코페롤 1%)",300
"비타민 A 혼합제제(비타민A 9.8% 함유, 말토덱스트린 47%, 아카시아검 20%, 옥수수전분 20%, 레티닐아세트산염 11.5%, dl-알파-토코페롤 1.5%)",300
"비타민 A 혼합제제(비타민A아세테이트 11.5, DL-알파토코페롤 1.5, 말토덱스트린 47, 옥수수전분 20, 아라비아검 20)",300
"비타민 A 혼합제제(비타민A아세테이트 11.5, 말토덱스트린 47, 옥수수전분 20, 아라비아검 20, DL-알파토코페롤 1.5)",300
"비타민 A 혼합제제(비타민A아세테이트11.5%,디엘알파토코페롤1.0%,땅콩유2.2%,어류젤라틴25.6%,설탕38.4%,옥수수전분21.3%)",300
"비타민 A 혼합제제(비타민A초산염 11.5%, DL-알파-토코페롤 1.5%, 말토덱스트린 47%, 아라비아검 20%, 옥수수전분 20%)",300
"비타민 A 혼합제제(비타민A팔미테이트 1.7MIU/g (55.5%), 땅콩유 (43.5%), 비타민E (1%))",300
"비타민 A 혼합제제(비타민A팔미테이트 55.5%, 디엘알파토코페롤 1%, 땅콩유 43.5%)",300
"비타민 A 혼합제제(비타민A팔미테이트 55.5%, 땅콩유 43.5%, 비타민E(50%) 1%)",300
"비타민 A 혼합제제(비타민A팔미테이트55.5%,DL-알파토코페롤1%,땅콩유 43.5%)",300
"비타민 A 혼합제제분말(가루, 과립)(레티닐아세트산염 11.5%, 말토덱스트린 47%, 아라비아검 20%, 옥수수전분 20%, DL-알파-토코페롤 1.5%)",307
"비타민 A 혼합제제분말(가루, 과립)(분말비타민A 11.5%, DL-알파-토코페롤 1.5%, 말토덱스트린 47%, 아라비아검 20%, 옥수수전분 20%)",307
"비타민 A 혼합제제분말(가루, 과립)(비타민 A 아세테이트 11.5%, 비타민E 1.5%, 말토덱스트린 47%, 옥수수전분 20%, 아라비아검 20%)",300
"비타민 A 혼합제제유지(Oil)(레티닐 팔미트산염 55.5, 땅콩유지 43.5, DL-알파토코페롤 1)",307
"비타민 A 혼합제제유지(Oil)(비타민A 55.5, 땅콩유지 43.5, DL-알파토코페롤 1)",307
"비타민 A 혼합제제유지(Oil)(비타민A팔미테이트 1.7MIU/g 55.5%, 땅콩유 43.5%, 비타민E 1%)",300
"비타민 A 혼합제제유지(Oil)(비타민A팔미테이트 55.5%, 땅콩유지 43.5%, DL-알파토코페롤 1.0%)",307
비타민 A(땅콩),300
"비타민 A(비타민A아세트산염 11.5%, 말토덱스트린 47%, 아카시아 20%, 전분 20%, DL-a-토코페롤 1.5%)",300
비타민 A아세테이트 (비타민A로써 10.02%),300
"비타민 B1(비타민 B1염산염, 분말)",301
"비타민 B12 혼합제제((분말)비타민B12 0.1%, 구연산삼나트륨 3%, 구연산 1%, 덱스트린 95.9%)",302
"비타민 B12 혼합제제(말토덱스트린95.9%, 구연산삼나트륨 3%, 구연산 1%,비타민 B12 0.1%)",302
"비타민 B12 혼합제제(분말)(비타민B12 1%, 제이인산칼슘 99%)",302
"비타민 B12 혼합제제(비타민 B12 0.1%, 말토덱스트린 95.9%, 구연산삼나트륨 3%, 구연산 1%)",302
"비타민 B12 혼합제제(비타민B12 0.1%, 구연산나트륨 3%, 구연산 1%, 말토덱스트린 95.9%)",302
"비타민 B12 혼합제제(비타민B12 0.1%, 구연산삼나트륨 3%, 구연산 1%, 덱스트린 95.9%)",302
"비타민 B12 혼합제제(비타민B12 0.1%, 덱스트린 95.9%, 구연산삼나트륨 3%, 구연산 1%)",302
"비타민 B12 혼합제제(비타민B12 함량 1%, 제이인산칼슘 99%, 비타민B12 1%)",302
"비타민 B12 혼합제제(시아노코발라민 0.1%, 말토덱스트린 95.9%, 구연산나트륨 3%, 구연산 1%)",302
"비타민 B12 혼합제제분말(가루, 과립)",302
"비타민 B12 혼합제제분말(가루, 과립)(말토덱스트린 95.9%, 구연산삼나트륨 3%, 구연산 1%, 비타민B12 0.1%)",302
"비타민 B12 혼합제제분말(가루, 과립)(말토덱스트린 95.9%, 구연산삼나트륨 3%, 구연산 1%, 비타민B12분말 0.1%)",302
"비타민 B12(비타민 B12(Cyanocobalamin), 분말)",302
"비타민 B12(비타민B12 0.1%,말토덱스트린95.9%,구연산삼나트륨3%,구연산1%)",302
"비타민 B12분말(가루, 과립)(함량0.1%)",302
"비타민 B1분말(가루, 과립)(농도98.5%)",301
비타민 B1염산염(비타민 78%),301
비타민 B1염산염(비타민 B1으로써 89.19%),301
비타민 B1질산염(비타민으로80.76%),301
비타민 B2(리보플라빈100%),303
비타민 B2(비타민B2 100%),303
"비타민 B2(혼합제제, 비타민 B2 33.4%, 옥수수전분 10%, 글리세린지방산에스테르 56.6%)",303
"비타민 B2분말(가루, 과립)(함량98%)",303
"비타민 B6(피리독신염산염, 분말)",304
"비타민 B6분말(가루, 과립)(함량99%)",304
비타민 B6염산염(비타민B6로서 82.27%),304
비타민 C (비타민 C로써 94%),305
"비타민 C 혼합분말(가루, 과립)",305
"비타민 C 혼합제제(비타민C 97%, 하이드록시프로필메틸셀룰로오스 3%)",305
"비타민 C 혼합제제(비타민C 97%, 히드록시프로필메틸셀룰로오스 3%)",305
"비타민 C 혼합제제분말(가루, 과립)",305
비타민 C(아스코르빈산),305
"비타민 C(아스코르빈산, 100%)",305
"비타민 C분말(가루, 과립)(99%)",305
"비타민 C분말(가루, 과립)(비타민C 99% 이상)",305
비타민 D 혼합(비타민D3 0.25%.이산화규소0.5%.중쇄중성지방7.5%.아카시아검38%.옥수수전분15.55%.DL-알파토코페롤0.2%.수쿠로즈38%				),306
"비타민 D 혼합제제(글리세린 지방산 에스테르 97.25%, 비타민D3 2.5%, DL-알파-토코페롤 0.25%)",306
"비타민 D 혼합제제(비타민D 0.25%,아라비아검분말38%,수크로오스분말38%,옥수수전분15.55%,중쇄중성지방분말7.5%,이산화규소0.5%,DL-알파-토코페롤0.2%)",306
"비타민 D 혼합제제(비타민D3 0.25%, DL-알파-토코페롤 0.2%, 가공유지 7.5%, 아라비아검 38%, 자당 38%, 옥수수전분 15.55%, 이산화규소 0.5%)",306
"비타민 D 혼합제제(비타민D3 0.25%, DL-알파-토코페롤 0.2%, 중쇄중성지방 7.5%, 아카시아 검 38%, 설탕 38%, 옥수수전분 16.05%)",306
"비타민 D 혼합제제분말(가루, 과립)",306
"비타민 D2분말(가루, 과립)(유기농버섯분말100%)",306
비타민 D3 (비타민D3 0.25%),306
"비타민 D3 혼합제제((비타민D 0.25% 함유), 자당 36%, 옥수수전분 27%, 아라비아검 22%, 코코넛유 10.6975%, 정제수 3.5%, 제삼인산칼슘 0.5%, 비타민D3유 0.275%, DL-α-토코페롤 0.0275%)",306
"비타민 D3 혼합제제((비타민D 0.25%, 비타민E0.2%, 글리세린지방산에스테르7.5%, 아카시아검38%, 자당38%, 옥수수전분16.05% ), 비타민 E 혼합제제(비타민E초산에스테르50%, 생선젤라틴20%, 덱스트린30%), 프로바이오틱스(Lactobacillus acidophilus 10, 000, 000, 000/g이상 3%, Lactobacillus delbrueckii ssp. bulgaricus 10, 000, 000, 000/g이상 3%, Streptococcus thermophilus 10, 000, 000, 000/g이상 3%, Bifidobacterium longum 10, 000, 000, 000/g이상 0.5%",306
"비타민 D3 혼합제제((비타민D 0.25%,비타민E0.2%,자당38%,아라비아검38%,옥수수전분16.05%,글리세린지방산에스테르7.5%))",306
"비타민 D3 혼합제제((비타민D3 0.25%, DL-알파-토코페롤 0.2%, 중쇄중성지방 7.5%, 아카시아 38%, 설탕 38%, 옥수수전분 16.05%))",307
"비타민 D3 혼합제제((비타민D3분말 0.25%, DL-알파-토코페롤 0.2%, 이산화규소 0.5% 중쇄중성지방 7.5%, 아카시아검38%, 수크로오스 38%, 옥수수전분 15.55%), 산화마그네슘, 패각분말",306
"비타민 D3 혼합제제(분말)(비타민D3 0.25%, 아라비아검 38%, 수크로오스 38%, 옥수수전분 15.55%, 정제가공유지 7.5%, 이산화규소 0.5%, DL-알파토코페롤 0.2%)",306
"비타민 D3 혼합제제(비타민 D3 혼합제제(((비타민D3 0.25%, DL-알파-토코페롤 0.2%, 가공유지(팜유) 7.5%, 아라비아검 38%, 자당(설탕)38%, 옥수수전분 15.55%, 이산화규소0.5%))))",306
"비타민 D3 혼합제제(비타민D 0.25% 함유, 아카시아 38%, 수크로오스 38%, 옥수수전분 15.55%, 글리세린지방산에스테르 7.5%, 이산화규소 0.5%, 비타민D3 0.25%, 디엘알파토코페롤 0.2%)",306
"비타민 D3 혼합제제(비타민D 0.25%, DL-알파-토코페롤  0.2%,글리세린지방산에스테르7.5%,아카시아검38%, 자당38%,옥수수전분16.05%)",306
"비타민 D3 혼합제제(비타민D3 0.25%, DL-알파-토코페롤 0.2%, 가공유지(팜유) 7.5%, 아라비아검 38%, 자당 38%, 옥수수전분 15.55%, 이산화규소 0.5%)",306
"비타민 D3 혼합제제(비타민D3 0.25%, DL-알파토코페롤 0.2%, 중쇄중성지방7.5%, 아라비아검38%, 자당38%, 옥수수전분 16.05%)",306
"비타민 D3 혼합제제(비타민D3 0.25%, 아라비아검 38%, 옥수수전분 16.05%, 글리세린지방산에스테르 7.5%, 자당 38%, DL-α-토코페롤 0.2%, 계 100%)",306
"비타민 D3 혼합제제(비타민D3 0.25%, 아라비아검 38%, 자당 38%, 옥수수전분 15.55%, 중쇄중성지방 7.5%, 이산화규소 0.5%, DL-알파토코페롤 0.2%)",306
"비타민 D3 혼합제제(비타민D3 0.25%, 아라비아검 38.0%, 수크로오스 38.0%, 옥수수전분 15.55%, 정제가공유지 7.5%, 이산화규소 0.5%, DL-알파토코페롤 0.2%)",306
"비타민 D3 혼합제제(비타민D3 0.25%, 유당 96.667%, 포도당 1.585%, 땅콩유 0.75%, 아라비아검 0.667%, 인산이나트륨 0.036%, 인산일나트륨 0.031%, 초산나트륨 0.01%, 비타민C 0.003%, 디엘알파토코페롤 0.001%)",306
"비타민 D3 혼합제제(비타민D3 0.25, 아라비아검38, 수크로오스38, 옥수수전분15.55, 글리세린지방산에스테르7.5, 이산화규소0.5, DL-알파토코페롤(비타민E)0.2)",307
"비타민 D3 혼합제제(비타민D3 0.25, 아라비아검38, 수크로오스38, 옥수수전분15.55, 글리세린지방산에스테르7.5, 이산화규소0.5, 비타민E(DL-알파토코페롤)0.2)",307
"비타민 D3 혼합제제(비타민D로서 2.5 mg/g, 비타민D3 0.25%, 아카시아검 38%, 자당 38%, 옥수수전분 16.05%, 중쇄사슬오일 7.5%, DL-알파토코페롤 0.2%)",306
"비타민 D3 혼합제제(아라비아검 38%, 자당 38%, 옥수수전분 15.55%, 가공유지 7.5%, 이산화규소 0.5%, 비타민D3 0.25%, 비타민E(디엘알파토코페롤)0.2%)",307
"비타민 D3 혼합제제(자당 38%, 아라비아검 38%, 옥수수전분 16.05%, 글리세린지방산에스테르 7.5%, 비타민D3 0.25%, 비타민E 0.2%)",306
"비타민 D3 혼합제제분말(가루, 과립)(말토덱스트린 49.55%, 전분 42.4%, 자당 7.8%, 비타민D3 0.25%)",306
"비타민 D3 혼합제제분말(가루, 과립)(비타민D 0.25%, DL-알파-토코페롤  0.2%,글리세린지방산에스테르7.5%,아카시아검38%, 자당38%,옥수수전분16.05%)",307
"비타민 D3 혼합제제분말(가루, 과립)(비타민D 0.25%, 자당 38%, 아라비아검 38%, 옥수수전분 15.55%, 글리세린지방산 에스테르(중쇄지방산) 7.5%, 이산화규소 0.5%, DL-알파토코페롤 0.2%)",306
"비타민 D3 혼합제제분말(가루, 과립)(비타민D3 0.25%, 아라비아검 38%, 설탕 38%, 옥수수전분 15.55%, 가공유지 7.5%, 이산화규소 0.5%, DL-알파-토코페롤 0.2%)",306
"비타민 D3 혼합제제분말(가루, 과립)(비타민D3 0.25%, 아라비아검 38%, 옥수수전분 15.55%, 정제가공유지 7.5%, 이산화규소 0.5%, 비타민E 0.2%)",306
"비타민 D3 혼합제제분말(가루, 과립)(비타민D3 0.25%, 아라비아검 38.0%, 수크로오스 38.0%, 옥수수전분 15.55%, 정제가공유지 7.5%, 이산화규소 0.5%, DL-알파토코페롤 0.2%)",306
"비타민 D3 혼합제제분말(가루, 과립)(비타민D3 0.25%, 자당 38%, 아라비아검 38%, 옥수수전분 15.55%, 글리세린지방산에스테르(중쇄지방산) 7.5%, 이산화규소 0.5%, DL-알파토코페롤 0.2%)",306
"비타민 D3 혼합제제분말(가루, 과립)(아라비아검 38%, 자당 38%, 옥수수전분 16.05%, 글리세린지방산에스테르 7.5%, 비타민D3 0.25%, 비타민E 0.2%)",306
"비타민 D3 혼합제제유지(Oil)(비타민D3 2.5%(비타민D 100%), 가공유지(팜유) 97.25%, DL-α-토코페롤 0.25%)",307
"비타민 D3 혼합제제유지(Oil)(비타민D3 2.5%, 가공유지 97.25%, DL-알파-토코페롤 0.25%)",307
"비타민 D3 혼합제제유지(Oil)(중쇄중성지방산오일 97.25%, 비타민E 0.25%)",306
"비타민 D3((100,000IU=2.5mg))",306
비타민 D3(결정),306
"비타민 D3(설탕38%,아라비아검38%,옥수수전분16.05%,중쇄중성지방7.5%,비타민D3(콜레칼시페롤)0.25%,DL-ALPHA-토코페롤0.2%)",307
"비타민 D3분말(가루, 과립)(비타민 D3 0.25%,아라비아검 38%, 자당 38%, 옥수수 전분 16.05% ,가공유지 7.5%, DL-알파-토코페롤 0.2%)",307
"비타민 D3유지(Oil)(비타민 D3 2.5%, DL-알파- 토코페롤 0.25%, 중쇄중성지방 97.25%)",307
비타민 D3유지(Oil)(비타민D 2.5%),306
"비타민 D분말(가루, 과립)",306
"비타민 E 혼합(D-알파-토코페롤67, 대두유33)",307
"비타민 E 혼합(Dry Vitamin E 50% CWS/S [비타민E함량 25% (DL-알파-토코페릴초산염 50%, 변성전분 24.5%, 말토덱스트린 24.5%, 이산화규소 1%)])",307
"비타민 E 혼합분말(가루, 과립)",307
"비타민 E 혼합분말(가루, 과립)( Dl-알파토코페릴초산염 50%, 전분 24.5%, 말토덱스트린 24.5%, 이산화규소 1%)",307
"비타민 E 혼합분말(가루, 과립)(DL-알파토코페릴아세테이트 50%, 변성전분(옥테닐호박산나트륨전분)24.5%, 말토덱스트린 24.5%, 이산화규소 1%)",307
비타민 E 혼합유지(Oil),307
"비타민 E 혼합유지(Oil)(D-알파토코페롤 67.1, 식물유 32.9)",307
"비타민 E 혼합제제((분말)(DL-알파-토코페릴초산염 50%, 변성전분 24.5%, 말토덱스트린 24.5%, 이산화규소 1%)
)",307
"비타민 E 혼합제제((비타민E 16.75% 함유), DL-알파-토코페릴초산염 50%, 변성전분 24.5%, 말토덱스트린 24.5%, 이산화규소 1%)",307
"비타민 E 혼합제제(D-알파 토코페릴아세테이트 50%(비타민E 45.5%), 변성전분24.5%, 말토덱스트린 24.5%, 이산화규소 1% )",307
"비타민 E 혼합제제(DL-α-토코페릴아세테이트(비타민E 45.5%)50%, 변성전분(옥테닐호박산나트륨전분)24.5%, 말토덱스트린 24.5%, 이산화규소 1%, 계 100%)",307
"비타민 E 혼합제제(디엘알파토코페릴아세테이트50.0%, 변성전분24.5%, 말토덱스트린24.5%, 이산화규소1.0%)",307
"비타민 E 혼합제제(분말)(DL-알파토코페릴아세테이트 50%, 변성전분 24.5%, 말토덱스트린 24.5%, 이산화규소 1%)",307
비타민 E 혼합제제(비타민 E로써 22.5% 이상),307
"비타민 E 혼합제제(비타민E초산에스테르 50%,변성전분 21.5%, 말토덱스트린 24.5%, 이산화규소 1%)",307
"비타민 E 혼합제제(비타민E초산에스테르50%,생선젤라틴20%,덱스트린30%계100%)",307
"비타민 E 혼합제제분말(가루, 과립)(DL-α-Tocopheryl Acetate 50%, 변성전분(옥테닐호박산나트륨전분) 24.5%, 말토덱스트린 24.5%, 이산화규소 1%)",307
"비타민 E 혼합제제분말(가루, 과립)(DL-α-토코페릴아세테이트 50%, 변성전분 24.5%, 말토덱스트린 24.5%, 이산화규소 1%)",307
"비타민 E(D-α-Tocopherol, 분말)",307
"비타민 E(D-α-토코페롤 70%, 해바라기유 30%)",307
"비타민 E(DL-α-토코페릴아세테이트 50%, 변성전분 24.5%, 말토덱스트린 24.5%, 이산화규소 1%)",307
"비타민 E(DL-알파토코페릴초산염 50%, 변성전분 24.5%, 말토덱스트린 24.5%, 이산화규소 1%)",307
"비타민 E분말(가루, 과립)(비타민E로서 16.7%)",307
비타민 E아세테이트(비타민E로써 45.65%),307
비타민 E유지(Oil),307
비타민 E유지(Oil)(D-알파토코페롤),307
비타민 E추출물(추출액) 유지(oil)(D-알파토코페롤),307
"비타민 E혼합제제(DL-알파토코페롤50%, 옥테닐호박산나트륨전분24.5%,말토덱스트린24.5%,이산화규소1%)",307
"비타민 K 혼합제제 ((비타민K1 5% 함유), 아라비아검 90%, 비타민K 5%, 자당 5%)",308
"비타민 K 혼합제제 (비타민 K1 5%, 아라비아검 90%, 설탕 5%)",308
"비타민 K 혼합제제 (비타민K1 5%, 설탕 5%, 아라비아검 90%)",308
"비타민 K 혼합제제 (비타민K1 5, 아라비아검 90, 수크로오스 5)",308
"비타민A(비타민A 97.5mg/g
)",300
비타민A(비타민A11.5%),300
"비타민A(비타민A11.5%,DL-알파-토코페롤1%,땅콩오일2.2%,피쉬젤라틴25.6%,자당38.4%,옥수수전분21.3%)",300
비타민A유(비타민A로서 30%),300
"비타민A유(비타민A팔미테이트 55.5%, 디엘알파토코페롤 1%, 피너츠오일 43.5%)",307
비타민A유(비타민A함량 30%),300
비타민A유(유성비타민A지방산에스테르 300㎍RE/mg),300
비타민A혼합제제(비타민A로서 10.02%),300
"비타민A혼합제제(비타민A팔미테이트 55.5%, 땅콩오일 43.5%, DL-알파토코페롤 1%)",300
비타민A혼합제제유(비타민A 팔미테이트 1.7MIU/g 55.5% 땅콩유 43.5% 비타민E 1%),300
비타민B1(비타민B1-98.5%),301
"비타민B1(비타민B1염산염, 비타민B1으로서 89%)",301
비타민B1(비타민B1염산염100%),301
비타민B12(비타민B12 0.1%),302
비타민B12(시아노코발라민),302
"비타민B12혼합제제[비타민B12로서 0.1%: 비타민B12 0.1%, 말토덱스트린 95.9%, 구연산삼나트륨 3%, 구연산 1%, 계100%]",302
"비타민B12혼합제제[비타민B12로서0.1%:말토덱스트린95.9%,구연산삼나트륨3%,구연산1%]",302
비타민B1염산염 (비타민B1로서 78.67% 이상),301
비타민B1염산염(비타민 B1 88%),301
비타민B1염산염(비타민B1 78%)비타,301
비타민B1염산염(비타민B1으로서 78%),301
비타민B1염산염(비타민B1으로서 86%),301
비타민B1염산염(비타민B1으로서 89%),301
비타민B1염산염(비타민B1으로서78%함유),301
비타민B1질산염(비타민B1 81%),301
"비타민B1질산염혼합제제[비타민B1으로서30.64%:비타민B1질산염33.3%,글리세린지방산에스테르66.7%]",301
비타민B2 (비타민B2로서 98% 이상),303
비타민B2 0.008,303
비타민B2(100%),303
비타민B2(Ribofavin),303
비타민B2(Rivoflavin100%),303
비타민B2(비타민B2-99.0%),303
"비타민B2혼합제제[비타민B2로서33.4%:비타민B2-33.4%,옥수수전분10%,글리세린지방산에스테르56.6%]",303
비타민B6 염산염(비타민B6로서 80%),304
비타민B6(비타민B6 82%),304
비타민B6염산염 (비타민B6로서 81.1% 이상),304
비타민B6염산염(비타민B1으로서 82%),304
비타민B6염산염(비타민B6로서 82%),304
비타민B6염산염(비타민B6로서 82.2%),304
비타민B6염산염혼합제제[비타민B6염산염으로서27.3%:비타민B6염산염33.3%글리세린지방산에스테르66.7%],304
비타민C (비타민C로서 99% 이상),305
비타민C(L-Ascorbic acid)(비타민C 100%),305
비타민C(L-Asocrbic acid),305
비타민C(비타민C 99%이상),305
비타민C(비타민C함량 100%),305
비타민C0.003%,305
비타민C[비타민C(L-Ascorbic acid)(비타민C-100%)],305
비타민C혼합제제(L-아스코르빈산 94%),305
비타민C혼합제제(L-아스코르빈산으로서 94%),305
비타민D2,306
"비타민D3 (비타민D3 0.25%, 유당 96.667%, 포도당시럽 1.585%, 낙화생유 0.75%, 아라비아검 0.667%, 제이인산나트륨 0.036%, 제일인산나트륨 0.031%, 초산나트륨 0.01%, 비타민C 0.003%, 비타민E 0.001%)",306
"비타민D3(비타민D3 0.25%, 아카시아검38.0%, 옥수수전분16.05%, 글리세린지방산에스테르7.5%, 수크로오스38.0%, 디엘알파토코페롤0.2%)",306
"비타민D3(비타민D3 0.25%,DL-알파토코페롤 0.2%,중쇄지방산7.5%,아라비아검38%,자당38%, 옥수수전분16.05%)",306
"비타민D3(비타민D3로서 2.75㎍/㎎, 비타민D3 0.275%, 디엘알파토코페롤 0.0275%, 아라비아검22.0%, 자당36.0%, 옥수수전분27.0%, 제삼인산칼슘0.5%, 코코넛오일10.6975%, 정제수3.5%)",306
"비타민D3분말{비타민D3(비타민D100%) 0.25%, 아라비아검 38%, 자당 38%, 옥수수전분 15.55%,가공유지 7.5%.이산화규소 0.5%,DL-α 토코페롤 0.2%}",307
"비타민D3혼합제제 (비타민D3 0.25%, DL-알파-토코페롤 0.2%, 아라비아검 38%, 설탕 38%, 옥수수전분15.55%, 가공유지7.5%, 이산화규소0.5%)",306
"비타민D3혼합제제(비타민D3 0.25%, 아라비아검 38%, 수크로오스 38%, 옥수수전분15.55%, 글리세린지방산에스테르 7.5%, 이산화규소 0.5%, 비타민E 0.2% )(비타민D함량 : 0.25%)",306
"비타민D3혼합제제{비타민D함량 0.25% (비타민D3 0.25%, DL-알파-토코페롤 0.2%, 가공유지 7.5%, 아라비아검 38%, 설탕 38%, 옥수수전분15.55%, 이산화규소 0.5%)}",306
"비타민E     분말(DL-알파-토코페릴초산염, 비타민E로서 37%)",307
비타민E (DL-알파-토코페릴 초산염 50%이상),307
"비타민E (Dl-α-토코페릴 아세테이트 50%, 전분 24.5%, 말토덱스트린 24.5%, 이산화규소 1%)",307
비타민E 분말(DL-α-tocopheryl - acetate 50%),307
비타민E( 비타민E서 67%),307
"비타민E(D-α-토코페롤, 비타민E 0.67mg α-TE/mg)",307
비타민E(D-알파-토코페롤),307
비타민E(DL- 알파-토코페롤초산염 50%이상),307
비타민E(DL-알파-토코페롤),307
비타민E(DL-알파토코페롤초산염 50%),307
비타민E(d-a-토코페롤),307
"비타민E(비타민E함량 67%, D-α-토코페롤)",307
비타민E0.001%,307
"비타민E분말(dl-alpha-Tocopherylacetate , 함량50%,500 IU/g)",307
비타민E분말(비타민E로서 37%),307
비타민E호합제제,307
비타민E혼합제제(DL-알파 토코페릴 초산염 50%),307
"비타민E혼합제제[dl-α-토코페릴아세테이트(비타민E로서45.65%) 50%, 변성전분 24.5%, 말토덱스트린 24.5%, 이산화규소 1% ]",307
"비타민E혼합제제[비타민E로서33.3%:DL-α토코페릴초산염50%,변성전분24.5%,덱스트린24.5%,이산화규소1%]",307
"비타민K혼합제제(비타민K 5%, 아리비아검 90%, 수크로오스 5%)",308
비파엽추출물,309
빌베리 추출물(기능성원료인정제2019-10호),310
빌베리추출물(기능성원료인정제2018-2호),310
뽕나무가지주정추출분말,312
사군자추출분말,313
사삼추출물,314
사탕수수왁스알코올(폴리코사놀),315
사탕수수왁스알코올(폴리코사놀)(제2025-19호),315
사프란추출물(AffronⓇ),316
산딸기,318
산딸기·왕느릅나무·치자추출복합물,317
산수유추출물등복합물(리베스틴®),319
산수유추출물등복합물(제2022-26호),319
산호분말(분말),491
산호분말(비소성),491
산호분말(칼슘 35%),491
산호분말(칼슘),491
산호칼슘,491
산화마그네슘(마그네슘 59%),226
산화마그네슘(마그네슘 60%),226
산화마그네슘(마그네슘으로서 60.03%),226
산화마그네슘(분말),226
산화아연(아연 80.0%),378
산화아연(아연 함량 80%),378
산화아연(아연79%),378
산화아연(아연79%함유),378
산화아연(아연으로서 80%),378
산화아연(아연으로서 80.0%),378
산화아연(아연함량 80.0%),378
살라시아레티큘라타추출물,320
살라시아레티큘라타추출물(제2025-39호),320
삼백초추출물(LHF618),321
삽주추출분말,322
삽주추출분말(제2026-8호),322
상엽추출물,323
상엽추출물(기능성원료인정제2014-14호),323
상추추출물,324
상황버섯등 추출복합물,325
새싹보리추출물(Rexcliver®),327
새싹인삼추출분말,328
새싹인삼추출분말(제2023-27호),328
"서목태(쥐눈이콩) 펩타이드 복합물(아르기닌 9 mg/g, 로이신 10 mg/g)",329
서목태(쥐눈이콩)펩타이드,329
서목태(쥐눈이콩)펩타이드(기능성원료인정제2010-53호),329
서목태추출물,330
석류농축분말,331
섬쑥부쟁이추출분말,334
세리포리아 락세라타 균사체 배양물,335
셀레늄,336
셀레늄(셀렌함유효모),336
셀레늄(식용건조효모(셀렌함유)),336
셀레늄(효모),336
셀렌,336
셀렌분말(파라다이스넛추출분말),336
소나무껍질추출물등복합물,337
"소나무껍질추출물등복합물(프랑스해안송껍질추출물2.6557, 비타민C53.0966, 비타민E8.8501, 달맞이꽃종자유35.3976)",337
소엽추출물,338
솔잎증류농축액(기능성원료인정제2007-8호),339
쇠비름들깨혼합추출물,340
쇠비름주정추출분말(KDC16-2),341
수국잎열수추출물,342
수국잎열수추출물(리세린지®),343
수산화마그네슘(마그네슘으로서40%이상),226
"수산화마그네슘분말(가루, 과립)",226
수용화 코큐텐 분말 ALL-Q,344
스쿠알렌(스쿠알렌함량 98%이상),345
"스트렙토코쿠스 써모필루스 유산균 {STREPTOCOCCUS THERMOPHILUS의 생균으로 100,000,000,000개/ 이상, 희석제(옥수수전분) 적량}",541
"스트렙토코쿠스 써모필루스 유산균{STREPTOCOCCUS STHERMOPHILUS의 생균으로 200,000,000,000개/g 이상, 희석제(옥수수전분) 적량}",541
"스트렙토코쿠스 써모필루스 유산균{STREPTOCOCCUS THERMOPHILUS의 생균으로 150,000,000,000개/g 이상, 희석제(옥수수전분) 적량}",541
스피루리나분말(조단백질 50% 이상)(총엽록소0.5%이상),347
"스피루리나원말(조단백질함량 50%이상, 엽록소a함량 500mg/100g이상)",348
스피루리나원말(총 엽록소함량 1400mg/100g),348
스피루리나원말(총엽록소 9mg/g이상),348
스피루리나원말(총엽록소5mg/g이상),348
스피루리나추출물(SM70EE),349
시서스추출물,350
식물스타놀 에스테르,351
식물스타놀에스테르(식물스타놀 에스테르 850mg/g 이상),351
식물스테롤 에스테르,353
식물스테롤(고시형),352
실크단백질 산가수분해물(Sil-Q1),355
실크단백질 효소가수분해물,356
쌀겨추출물,357
쌀겨추출물(글루코실세라마이드 6%),357
쌀겨추출물(글루코실세라마이드 60 mg/g),357
쌀겨추출물(글루코실세라마이드함량 6%),357
쌀겨추출물(기능성원료인정제2009-66호),357
썬테아닌,358
쏘우팔메토열매추출물(SAW PALMETTO EXTRACT OIL),359
쏘이라이프(Soylife),360
쏘팔메토 (Saw Palmetto) 열매 추출물,361
쏘팔메토 열매 초임계추출물,362
쏘팔메토 열매 추출물 등 복합물,364
쏘팔메토 열매 추출물(Palmetto RossoTM),365
쏘팔메토 열매 추출물추출물(추출액),363
쏘팔메토 열매추출물(로르산(Lauric acid) 27.5% 이상),363
쏘팔메토 열매추출물추출물(추출액) 유지(oil),363
쏘팔메토열매추출물(2009-55),363
쑥부쟁이 추출 분말,366
씨제이 테아닌등 복합추출물,367
씨제이 홍경천 등 복합추출물,368
씨제이 히비스커스 등 복합추출물,369
"씨제이히비스커스등복합추출물{키토산 25.9%, 키토올리고당(평균분자량15, 000±5, 000) 13.0%, 히비스커스 꽃 물 추출물 (히비스커스 꽃 물 추출물80%, 말토덱스트린20%) 41.6%, L-카르니틴 19.5%}",369
씨폴리놀 감태주정추출물,370
씨폴리놀 감태주정추출물건조분말(지표성분 디엑콜 8.2%함유),370
아글리맥스(AglyMax) 30 이소플라본추출물,371
아쉬아간다 추출물,374
아쉬아간다 추출물(ShodenⓇ),375
아쉬아간다추출물(KSM-66®),376
아쉬아간다추출물(Sensoril®),377
"아연분말(가루, 과립)(아연효모)",378
아티초크추출물(개별인정형원료),379
아프리카망고 종자추출물(IGOB131),380
"알로에 겔농축액(농축물)(20:1, 고형분10%이상)",381
"알로에 겔분말(가루, 과립)(200:1)",381
"알로에 겔분말(가루, 과립)(베라 1)",381
"알로에 겔분말(가루, 과립)(베라 2)",381
"알로에 겔분말(가루, 과립)(알로에베라겔 분말)",381
"알로에 겔분말(가루, 과립)(유기농알로에베라겔분말 200:1, 총다당체함량 10%)",381
알로에겔분말 200:1,381
알로에베라겔농축분말(200:1),381
"알로에베라겔분말(200:1,총다당체 80mg/g이상)",381
알콕시글리세롤 함유 상어간유유지(Oil),383
알콕시글리세롤(고시형),383
액상 다래추출물,385
"액상 다래추출물(Quinic acid 18mg/g, Citric acid 24mg/g)",385
"액상 다래추출물(퀸산 1.8%, 구연산 2.4%)",385
액상 프락토올리고당,384
액상프락토올리고당(고형분기준 55%),384
양춘사추출물,386
어린도두꼬투리추출물(제2025-60호),387
어유(생선유지)(고시형),25
"엔테로코쿠스 페슘 유산균{ENTEROCCUS FAECIUM의 생균으로 100,000,000,000개/g 이상, 희석제(옥수수전분) 적량}",541
"엔테로코쿠스 페슘 유산균{ENTEROCOCCUS FAECIUM의 생균으로 100,000,000,000개/g 이상, 보호제 및 희석제 적량}",541
"엔테로코쿠스 페칼리스 유산균{ENTEROCOCCUS FAECALIS의 생균으로 100,000,000,000개/g 이상, 희석제(옥수수전분) 적량}",541
"엘엠씨520 비피더스균(프로바이오틱스 Bifidobacterium breve 300,000,000,000 CFU/g 이상)",541
연어이리추출물(DOTTM연어핵산)(제2019-5호),390
연어이리추출물(DOT™연어핵산),390
연어코연골추출물(제2025-42호),391
연어펩타이드,392
열처리녹차추출물,393
엽산 (엽산으로서 98% 이상),395
엽산(엽산-91%),395
"엽산분말(가루, 과립)(100%)",395
"엽산분말(가루, 과립)(엽산 100 % )",395
영지버섯균사체추출분말,397
영지버섯자실체추출물 (베타글루칸으로서 53mg/g 이상),396
오가피열매50%주정추출물건조엑스,398
"오메가-3 지방산함유유지(정제어유 99.7%, 토코페롤혼합형 0.21%, 해바라기유 0.09% / EPA와 DHA의 합 70%)",399
오메가-3 지방산함유유지(참치유),399
오메가-3지방산함유유지(정제어유(EPA와 DHA의 합-30%이상)),399
오메가3 지방산 함유 유지(EPA/DHA 의 합 70%),399
오메가3 지방산 함유 유지(정제어유/EPA와 DHA의 합 55%),399
오메가3 지방산 함유 유지유지(Oil)(EPA와 DHA의 합 55% 이상),399
오미자·두충·구기자추출복합물,400
오미자박추출물(제2025-31호),401
오미자추출대두복합물,402
오미자추출물(기능성원료인정제2016-21호),403
옥수수배아추출물,405
옥수수수염․레몬밤추출복합물(CL-5MoA),406
옥수수수염추출물등 복합물 (CL-5MoA),407
"옥타코사놀 함유 유지분말(가루, 과립)",408
"옥타코사놀 함유 유지분말(가루, 과립)(미강(쌀겨추출물))",408
옥타코사놀(12% 이상),408
옥타코사놀(미강 유래),408
옥타코사놀(미강),408
옥타코사놀분말(미강100%),408
옥타코사놀분말(미강유),408
올리브잎주정추출물,409
올리브잎주정추출물 EFLA943,410
옻나무 추출분말,411
와사비잎 추출물(NCWL01),412
와일드 망고 종자추출물(IGOB131),413
와일드망고 종자추출물,413
요오드칼륨(요오드 76%),414
"요오드칼륨분말(가루, 과립)",414
요오드화칼륨(요오드로서 75% 이상 함유),414
우뭇가사리추출물,415
우슬 등 복합물(HL-Joint100),416
유니벡스대나무잎추출물,417
유단백가수분해물,418
"유단백가수분해물(농축유청단백50%,가수분해유청단백30%,분리대두단백20%)",418
유단백가수분해물(락티움)(αs1-casein(f91-100)(mg/g)),419
유단백가수분해물(락티움_αs1-casein 2.1%이상),418
"유단백가수분해물분말(가루, 과립)(농축유청단백50%,가수분해유청단백30%,분리대두단백20%)",418
유단백추출물,420
"유당혼합분말(가루, 과립)",90
유비퀴놀(Ubiquinol),421
"유산균 혼합분말(가루, 과립)(7종알파)",541
"유산균 혼합분말(가루, 과립)(9종)",541
"유산균 혼합분말(가루, 과립)(혼합유산균 9)",541
"유산균(Enterococcus faecium, 1*10^9/g)",541
"유산균(Lactobacillus acidophillus, 1*10^9/g)",541
"유산균(Lactobacillus acidophilus, 1*10^9/g)",541
유산균(Lactobacillus reuteri(1.5×10의9승 CFU/g이상)],541
유산균[(Enterococcus faecium 1.1*10의9승 CFU/g 이상)]20%,541
유산균[Enterococcus faecalis (1.7×10의9승 CFU/g 이상)],541
유산균[Lactobacillus acidophilus(1.1*10의9승 CFU/g 이상)]20%,541
"유산균[Lactobacillus acidophilus(3*10의8승/g 이상)50%Lactobacillus reuteri(3.5*10의8승/g 이상) 50%, 계 100%]20%",541
유산균[Lactobacillus paracasei (1.1*10^9 CFU/g이상)]20%,541
"유산균김치배양물 [락토바실러스 카제이(Lactobacillus casei 30,000,000,000/g이상)]",541
유산균발효 홍삼농축액(농축물),541
유산균발효 홍삼발효 농축액,541
유산균발효 홍삼발효 추출물(추출액)(50 million CFU/g),541
유산균발효다시마추출물,423
유산균발효다시마추출물(동결건조물 및 분무건조물),424
유산균발효마늘추출물분말,426
"유산균배양액분말(가루, 과립)(락토바실러스 불가리쿠스)",541
"유산균배양액분말(가루, 과립)(아연 9.5% 이상)",541
유산균복합물(AB-LIFE®)(기능성원료인정제2022-15호),427
유산균분말(Lactobacillus acidophilus 100억 이상/g),541
"유산균분말[Lactobacillus acidophilus 200,000,000/g이상]",541
유산균분말[Lactobacillus plantarum(1.5×10의9승 CFU/g 이상)]20%,541
"유산균분말[Lactobacillus rhamnosus 200,000,000/g이상]",541
"유성 비타민A 지방산에스테르(비타민A 팔미테이트 55.5%, 땅콩유 43.5%, Dl-α-토코페롤 1%)",300
"유성 비타민A 지방산에스테르(비타민A팔미테이트 58%, 토코페롤 2%, 해바라기유 40%)",300
"유성비타민A지방산에스테르(비타민A팔미트산염 55.5%, 가공유지 43.5%, DL-알파-토코페롤 1%)",300
"유청분말(가루, 과립)",90
"유청칼슘(밀크칼슘, 칼슘24%)",491
"유청칼슘(비소성, 칼슘함량 25%이상)",491
유청칼슘(칼슘 25%),491
"유청칼슘(칼슘함량 27%이상, 비소성)",491
유청칼슘(칼슘함량20%이상),491
유크림농축분말,429
"은행잎 추출물분말(가루, 과립)(플라보놀 배당체 24%)",430
은행잎 추출물추출물(추출액)분말(분말 추출물),430
은행잎추출물((플라보놀배당체 240~300mg/g)),430
은행잎추출물(플라보놀배당체 24%이상),430
이눌린(식이섬유 85%),431
"이눌린/치커리추출물분말(가루, 과립)(식이섬유 800 mg/g 이상)",432
"이눌린/치커리추출물분말(가루, 과립)(식이섬유소 800mg/g 이상 함유)",432
이눌린/치커리추출물추출물(추출액)분말(분말 추출물)(식이섬유 함량 90% 이상),432
이소말토올리고당,433
인디안구스베리·새싹보리추출복합물(IB Complex),434
"인산철분말(가루, 과립)",482
인삼 농축액(진세노사이드 Rg1과 Rb1의 합0.6%),435
인삼(뿌리),435
인삼(뿌리)농축액(농축물)(100),435
"인삼(뿌리)농축액(농축물)(고형분60%, 원료삼비율: 인삼근50%, 미삼50%)",435
"인삼(뿌리)농축액(농축물)(백삼근70%,백미삼30%, 고형분60%이상)",435
"인삼(뿌리)농축액(농축물)(원료삼비율: 인삼근50%,미삼50%)",435
"인삼(원료삼 배합비율: 인삼근류 50%, 미삼류 50%, 진세노사이드 Rg1과 Rb1의 합10mg/g)",435
인삼(진세노사이드 Rg1과 Rb1의 합 1.2%),435
인삼(진세노사이드 Rg1과 Rb1의 합 1.5%),435
인삼가수분해농축액,436
"인삼가수분해농축액(진세노사이드 Rg1 5.0 mg/g, Compound K 5.0 mg/g)",436
인삼가수분해농축액농축액(농축물),436
인삼가시오갈피 등 혼합추출물,437
인삼농축액(고형분 60%이상),435
"인삼농축액(국산,백삼100%,6년근,진세노사이드Rg1Rb1의합1mg/g,고형분60%이상)",435
"인삼농축액(농축물)((고형분 60%이상,진세노사이드 Rg1+Rb1 합 6mg/g) 원료삼배합비율 (백삼근 70%,백미삼30%)....100%)",435
"인삼농축액(농축물)(고형분 60%, 진세노사이드 Rg1 + Rb1 0.7%)",435
인삼농축액(농축물)(고형분 60%이상),435
"인삼농축액(농축물)(고형분 함량 60 % 이상, 원료삼 배합비율(%):인삼근류:미삼류=50:50, 진세노사이드 Rg1과 Rb1의 합: 25 ㎎/g)",435
"인삼농축액(농축물)(고형분 함량 68% 이상, 원료삼배합비율 (%): 인삼근류:미삼류=70:30
)",435
"인삼농축액(농축물)(고형분함량 60 % 이상, 원료삼배합비율 ; 인삼근류:미삼류= 50 %: 50 %, 진세노사이드 Rg1과 Rb1의 합: 15 ㎎/g)",435
"인삼농축액(농축물)(원료삼 배합비율: 인삼근류 50%, 미삼류 50%, 진세노사이드 Rg1과 Rb1의 합 10mg/g)",435
인삼농축액(농축물)(인삼근100%),435
"인삼농축액(농축물)(인삼근70%, 미삼30%)",435
"인삼농축액(농축물)(인삼근류 60%, 미삼류 40%)",435
인삼농축액(농축물)(진세노사이드 Rg1 및 Rb1 의 합 15mg/g),435
인삼농축액(농축물)(진세노사이드 Rg1과 Rb1의 합 15mg/g),435
"인삼농축액(농축물)(진세노사이드 Rg1과 Rb1의 합 4.5mg/g, 원료삼배합비율 : 홍삼근류 70%, 홍삼미류 30%)",435
인삼농축액(농축물)분말,435
"인삼농축액(농축물)분말(원료삼 배합비율: 인삼근류 50%, 미삼류 50%, 진세노사이드Rg1과 Rb1의 합 10mg/g)",435
인삼농축액(농축물)분말(인삼100%),435
인삼농축액(농축물)분말(진세노사이드 Rg1과 Rb1의 합 25 ㎎/g),435
인삼농축액(진세노사이드 Rg1과 Rb1의 합 0.4%),435
인삼농축액(진세노사이드 Rg1과 Rb1의 합 4mg/g),435
인삼농축액(진세노사이드 Rg1과 Rb1의 합 8mg/g),435
인삼농축액(진세노사이드 Rg1과 Rb1의 합: 0.45%),435
인삼다당체추출물,438
"인삼발효 농축액(고형분함량 60 % 이상, 진세노사이드 Rg1과 Rb1의 합: 6 ㎎/g, 원료삼배합비율;인삼근류:미삼류= 50:50)",435
"인삼분말(가루, 과립)(Ginsenoside Rg1, Rb1의 합 5mg/g, 원료삼배합비율: 인삼근 100%)",435
인삼분말(진세노사이드 Rg1과 Rb1의 합 0.15%),435
인삼분말(진세노사이드 Rg1과 Rb1의 합 0.48%),435
인삼분말(진세노사이드 Rg1과 Rb1의 합),435
인삼분말(진세노사이드 Rg1과 Rb1의 합: 0.3%),435
인삼분말(진세노사이드Rg1과 Rb1의 합 : 0.401%),435
인삼추출물,439
인삼추출액,435
자몽추출물등 복합물(Sinetrol),440
자색옥수수속대·포엽추출분말,441
자일로올리고당(xylooligosaccharide) 액상,443
자일리톨(2004-2),444
작약추출물등복합물(HT074),445
잔나비걸상버섯균사체,446
장미꽃잎추출물(NOVAROSE®),447
저분자돈태반펩타이드,449
저분자유청단백가수분해물(제2023-22호),450
저분자유청펩타이드,451
저분자유청펩타이드(제2024-29호),451
저분자콜라겐펩타이드 AG,453
저분자콜라겐펩타이드GT,454
저분자콜라겐펩타이드NS,455
저분자콜라겐펩타이드SH,456
적포도발효농축액,457
"전칠삼추출물 등 복합물(전칠삼추출물(뿌리), 숙지황(지황의뿌리), 가시오가피(줄기껍질))",458
"전칠삼추출물 등 복합물분말(가루, 과립)",458
전호잎추출물,459
정어리펩타이드(기능성원료인정제2004-1호),460
정어리펩타이드SP100N(바릴티로신-0.05%),460
정제어유(DHA+EPA 35%이상),25
정제어유(DHA와EPA의 합 30%이상),25
"정제어유(EPA 18%, DHA 12% 이상)",25
정제어유(EPA 와 DHA의 합 30.0% 이상),25
정제어유(EPA+DHA 27.0%),25
"정제어유(EPA17%이상, DHA11%이상)",25
정제어유(EPA18%함유),25
"정제어유(EPA7%이상, DHA 7%이상)",25
정제어유(EPA와 DHA의 합으로  25%),25
정제어유(EPA와 DHA의 합으로  250mg/g),25
정제어유(EPA와 DHA의 합으로서 30%이상),25
"정제어유(정제어유 99%, 디-토코페롤혼합형 1%)",25
"정제어유(정제어유 99.7%,D-토코페롤혼합형 0.3%)",25
"정제어유(정제어유 99.8%, 비타민E(토코페롤혼합형) 0.2%)",307
"정제어유(정제어유 99.8%, 천연 토코페롤 혼합형 0.2%)",25
"정제어유(정제어유 99.8%, 토코페롤혼합형 0.2%)",25
"정제어유(정제어유 99.8, 토코페롤 0.2)",25
"정제어유(정제어유(정제어유99.7%,D-토코페롤혼합형0.3%)99.8%,대두레시틴0.2%)",307
젖산철(철 19.0%),482
젖산철(철-16%),482
젖산철(철로서 17.5%),482
젖산철(철로서18%함유),482
젖산철(철로서20%함유),482
젖산철(철분16%이상),482
젖산철(철함량 20.0%이상),482
젖산철분말(철로서20%함유),482
"젖산칼슘분말(가루, 과립)",491
제삼인산칼슘(비소성),491
제삼인산칼슘(소성),491
"조류 DHA 유지(Oil)(DHA 40% 이상, 조류DHA유지 99.49%, D-α-토코페롤추출물유지 0.5%, 아스코르빌파르미테이트분말 0.01%)",307
"조류 DHA 유지(Oil)(조류DHA추출유지 96.27%, 고올레산해바라기유 3.19%, 로즈마리추출물 0.3%, D-토코페롤혼합형 0.21%, 아스코르빌파르미테이트 0.03%)",307
중쇄지방산(MCFA) 함유유지,461
증숙생강추출분말(GGE03),462
증숙생강추출분말(GGE03)(제2022-24호),462
지각상엽추출혼합물,463
지방산복합물 FAC(Fatty Acid Complex),464
지아잔틴 추출물,465
지초추출물,466
지초추출분말,467
지초추출분말(제2025-52호),467
찔레나무뿌리추출물(RosaFlora®),468
차전자피(식이섬유80% 이상),471
차전자피(식이섬유함량 80%이상),471
차전자피(차전자피100%),469
차즈기추출물,472
참깨박추출물,473
참나리추출분말,474
참당귀 추출분말(Nutragen),476
참당귀·녹용·황기 복합추출물,475
참당귀황기추출복합물(SHPro®),477
천마 등 복합추출물(HX106),479
천마추출물,480
천심련 추출물 (ParActin®),481
청국장균배양정제물(폴리감마글루탐산칼륨),483
청호추출분말(리베라템)(제2021-20호),484
초록입홍합추출오일,485
초록입홍합추출오일(기능성원료인정제2004-8호),486
초록입홍합추출오일복합물,486
"초록입홍합추출오일복합물(EPA/DHA/DPA/알파-LINOLENIC ACID 80.6MG/G이상, 초록입홍합추출오일32.25%, 올리브유64.53%, 비타민E(D-알파-토코페롤)3.22%)",486
"초록입홍합추출오일복합물(docosahexanoic acid(DHA), eicosapentaenoic acid(EPA), dacosapentaenoic(DPA), a-Linolenic acid(ALA) 합으로 80.6mg/g 이상)",486
"초록입홍합추출오일복합물(초록입홍합추출오일 32.25%, D-알파-토코페롤 3.22%, 올리브오일 64.53%)",486
"초록입홍합추출오일복합물(초록입홍합추출오일 32.25%, 올리브유 64.53%, d-a-토코페롤 3.22%)",486
"초록입홍합추출오일복합물{건강기능식품기능성원료인정제2005-7호, EPA/DHA/DPA/알파-LINOLENIC ACID 80.6MG/G이상, 초록입홍합추출오일32.25%, 올리브유64.53%, 비타민E(D-알파-토코페롤)3.22%}",486
초록입홍합추출오일복합물원료,486
카카오분말,488
칸탈로프멜론추출물,489
칼슘,491
"칼슘 (유청칼슘(칼슘24%이상), 칼슘 (해조칼슘(칼슘함량 30%이상)",491
"칼슘 혼합분말(가루, 과립)(말뼈산야초추출물)",491
"칼슘 혼합분말(가루, 과립)(말뼈산야초칼슘)",491
"칼슘(패각분말(칼슘 38%), 해조칼슘(칼슘함량31%)",491
칼슘(패각칼슘 - 35%),491
칼슘(해조),491
칼슘(해조칼슘 - 32%),491
칼슘-PGA(BLS),491
"칼슘-PGA(BLS)분말(가루, 과립)(폴리감마글루탐산 90%이상)",491
"칼슘[해조분말(비소성, 칼슘-32%이상)]",491
칼슘건조분말(난각),491
"칼슘분말(가루, 과립)(산호칼슘(풍화퇴적))",491
"칼슘분말(가루, 과립)(패각발효생성유기산칼슘)",491
"칼슘분말(가루, 과립)(해조칼슘)",491
칼슘혼합액,491
커피만노올리고당분말,492
코엔자임 Q10 혼합분말,493
코엔자임 Q10 혼합용액,493
코엔자임 Q10(코엔자임Q10함량 98%이상),493
"코엔자임 Q10분말(가루, 과립)(코엔자임Q10 98% 이상)",493
코엔자임Q10 추출물,493
코엔자임Q10제품,493
코엔자임Q10혼합물,493
콘드로이친(기능성원료인정제2020-1호),494
콜레우스 포스콜리 추출물 Forslean,495
콜레우스 포스콜리 추출물(포스콜린 83~125 mg/g),496
콩․보리 발효복합물,497
크레아틴모노하이드레이트(99%이상),500
"크롬 분말(가루, 과립)(건조효모)",501
크롬효모,501
크릴오일 (superba boost),502
크릴오일(FJH-KO),503
크릴오일등복합물(FlexPro MDⓇ),504
클로렐라(기능성원료 인정 제2010-52호)(고시형),505
클로렐라(기능성원료인정제2014-60호),505
클로렐라(분말),505
"클로렐라분말(가루, 과립)(엽록소함량 10mg/g 이상(총엽록소 1%))",505
클로렐라속 조류(고시형),505
클로렐라원말(엽록소 1000mg/100g),505
클로렐라원말(엽록소20mg/g이상),505
클로렐라원말(엽록소함량 10mg/g 이상),505
"클로렐라원말(조단백질50%이상함유, 엽록소1000mg/100g 이상함유, 철10mg/100g이상함유, 비타민B2 2mg/100g이상함유)",505
클로렐라원말(총 엽록소 10mg/g 이상),505
클로렐라원말(총엽록소-2.0%),505
클로렐라원말(총엽록소20mg/g이상),505
클로렐라추출물분말,505
"키토산(글루코사민으로서80%이상,게)",506
키토산(글루코사민함량 100%이상),506
키토산분말,506
키토산분말 (글루코사민 함량80%이상),506
키토산분말(게),506
키토산분말(글루코사민 80%이상),506
키토산분말(글루코사민으로80%이상),506
키토산분말(글루코사민으로서 850mg/g 이상),506
키토산분말(글루코사민으로서 함량 80%이상),506
키토산분말(총글루코사민으로서100%),506
키토산분말(키토산 80% 이상),506
키토올리고당분말,508
"키토올리고당분말(가루, 과립)",508
"키토올리고당분말(가루, 과립)(파코스)",508
"키토올리고당분말(사용원료: 키토산, 염산, 셀룰라아제)",508
"키토올리고당분말(사용원료:키토산,젖산,셀룰라아제)",508
"키토올리고당분말(키토올리고당 80.0% 이상, 게)",508
키토올리고당분말(키토올리고당함량80%함유),508
키토올리고당분말(함량 50%이상),508
키토올리고당추출물(추출액)분말(분말 추출물),508
타가토스,509
타마린드강황주정추출복합물(TamaFlexⓇ),510
타히보 추출물(TabetriⓇ),511
탄산칼슘(비소성),491
탄산칼슘(소성),491
탄산칼슘(칼슘 34%이상),491
탄산칼슘(칼슘 40%),491
탄산칼슘(칼슘 함량 40%),491
"탄산칼슘(혼합제제)(탄산칼슘 51, 구연산 24, DL-사과산 24, 덱스트린 0.5, 정제수 0.5)",491
"탄산칼슘혼합제제(탄산칼슘51.0%, 구연산24.0%, DL-사과산24.0%, 덱스트린0.5%, 정제수0.5%)",491
태극삼농축액(농축물),435
"태극삼농축액(농축물)(원료삼배합비율: 태극삼근50%, 태극미삼50%)",435
태극삼농축액(진노사이드 Rg1과 Rb1의 합 4mg/g),435
"태극삼분말(가루, 과립)",435
태극삼분말(진세노사이드 Rg1과 Rb1의 합 3mg/g),435
털부처꽃추출물,513
테아닌(L-테아닌 90%),514
테아닌(Theanine),515
테트라셀미스추이건조분말,516
토마토추출물((all-trans)-lycopene 5%이상),517
토마토추출물(기능성원료인정제2008-51호),517
토마토추출물(제2008-51호),517
티아이소크라이시스루테아분말,519
파크랜 크랜베리 분말(PACranTM Whole Cranberry Powder),521
파크랜크랜베리추출분말(기능성원료인정제2014-34호),522
판토텐산칼슘(분말),523
판토텐산칼슘(판토텐산 90%),523
판토텐산칼슘(판토텐산-91.59%),523
판토텐산칼슘(판토텐산으로서 90%),523
판토텐산칼슘[판토텐산으로서91%이상],523
팔밋올레산 함유 명태(알래스카폴락)유래 정제어유,524
"패각칼슘(비소성, 칼슘 39%이상)",491
"패각칼슘(비소성, 칼슘으로서 38%함유)",491
"패각칼슘(비소성, 칼슘함량 35%이상)",491
"패각칼슘(비소성,칼슘으로서35%함유)",491
패각칼슘(비소성칼슘함량 35%),491
"패각칼슘분말(비소성,칼슘35%함유)",491
포도 종자 추출물,525
포도과피 효소발효추출물(KL-GEFE),526
포도블루베리추출혼합분말(Memophenol TM)(기능성원료인정제2019-30호),527
포도블루베리추출혼합분말(기능성원료인정제2019-30호),527
포도씨 추출물,528
포도씨 효소분해 추출 분말(기능성원료인정제2013-9호),528
포도잎추출물(HP-01),529
포스파티딜세린(LECI-PS 90 PN IP),531
"포스파티딜세린(포스파티딜세린 53, 정제가공유지 47)",530
포스파티딜세린(포스파티딜세린함량40%),530
"포스파티딜세린용액(액)(포스파티딜세린54%(포스파티딜세린으로서40%), 정제가공유지 47%)",530
"폴리감마글루탐산분말(가루, 과립)",532
폴리덱스트로스(식이섬유 70%이상함유),533
폴리덱스트로스(식이섬유 75%),533
폴리덱스트로스(식이섬유 85%함유),533
폴리덱스트로스(식이섬유 90%),533
폴리덱스트로스(식이섬유 90%이상),533
폴리덱스트로스(식이섬유 90%함유),533
표고버섯균사체 AHCC(2008-78호),535
표고버섯균사체 AHCC(α-glucan 280mg/g),535
"표고버섯균사체 AHCC(α-glucan 300mg/g, 표고버섯균사체배양물 76.7%, 시클로덱스트린 23.3% 제2008-78호)",535
"표고버섯균사체 AHCC(표고버섯균사체배양물 76.7%, 시클로덱스트린 23.3%,α-glucan 280mg/g)",535
"표고버섯균사체 AHCC분말(가루, 과립)",535
"표고버섯균사체AHCC{제2008-78호, α-glucan 280mg/g, (표고버섯균사체배양물 76.7%, 시클로덱스트린 23.3%)}",535
표고버섯균사체추출물분말(기능성원료 인정 제2009-3호),536
푸마르산제일철(분말),482
푸마르산제일철(철 31% 이상),482
푸마르산제일철(철로서32%함유),482
푸마르산제일철분말(철로서 32%함유),482
풋사과 농축분말(APPLOZINⓇ),537
풋사과농축분말(APPLOZIN),538
프락토올리고당(프락토올리고당분말(프락토올리고당-90%이상),540
프락토올리고당분말(프락토올리고당 90%함유),540
프락토올리고당분말(프락토올리고당90%이상),540
프로바이오틱스 ATP,542
"프로바이오틱스(Bifidobacterium animalis spp. Lactis BB-12 3.0 x 100,000,000,000 CFU/g)",541
프로바이오틱스(Lactiplantibacillus plantarum KC3)·익모초추출복합물(CKDB-315),545
프로바이오틱스(Lactiplantibacillus plantarum Q180)·미세조류(Phaeodactylum tricornutum) 복합물(CKDB-,546
프로바이오틱스(드시모네),547
"프로바이오틱스동결건조(락토바실러스 루테리 93.4%, sucrose 3.3%, 쌀가루 3.3%)",541
프로바이오틱스동결건조(락토바실러스 루테리 유산균(Lactobacillus reuteri) ),541
"프로바이오틱스동결건조(락토바실러스 살리바리우스 93.4%, sucrose 3.3%, 쌀가루 3.3%)",541
프로바이오틱스동결건조(락토바실러스 살리바리우스 유산균(Lactobacillus salivarius)),541
"프로바이오틱스동결건조(락토바실러스 플란타럼 93.4%, sucrose 3.3%, 쌀가루 3.3%)",541
프로바이오틱스동결건조(락토바실러스 플란타럼 유산균(Lactobacillus plantarum)),541
"프로바이오틱스동결분말(Lactobacillus plantarum 생균으로 200,000,000,000 CFU/g 이상, 희석제(결정셀룰로오스) 적량)",541
"프로폴리스(총플라보노이드 1.3%이상, 프로폴리스고형분 16%이상)",550
"프로폴리스(총플라보노이드 1.5%이상, 프로폴리스고형분 18%이상)",550
"프로폴리스(총플라보노이드 2.0%이상, 프로폴리스고형분24%이상)",550
"프로폴리스(총플라보노이드 2.4%이상, 프로폴리스고형분 29%이상)",550
"프로폴리스(총플라보노이드 3.3%이상, 프로폴리스고형분 37%이상)",550
프로폴리스망고스틴껍질복합물,549
프로폴리스추출물(총 플라보노이드 7%이상),550
프로폴리스추출물(총플라보노이드함량1%이상),550
"프로폴리스추출물분말(가루, 과립)( 추출물 70%, 덱스트린 30%)",550
"프로폴리스추출물분말(가루, 과립)((프로폴리스추출물 22.2%, 옥수수전분 66.7%, 갈매보리수나무(열매)농축액(농 축물) 분말 11.1%))",550
"프로폴리스추출물분말(가루, 과립)(총 플라보노이드 8%이상, 프로폴리스70, 말토덱스트린30)",550
"프로폴리스추출물분말(가루, 과립)(총플라보노이드 8% 이상, 프로폴리스추출물 70%, 덱스트린 30%)",550
"프로폴리스추출물분말(가루, 과립)(총플라보노이드 8% 이상, 프로폴리스추출물 70%, 말토덱스트린 30%)",550
"프로폴리스추출물분말(가루, 과립)(프로폴리스추출물70%,말토덱스트린30%)",550
"프로폴리스추출물분말(가루, 과립)(프로폴리스추출물80%, 말토덱스트린20%)",550
"프로폴리스추출물분말(가루, 과립)(프로폴리스추출물분말90%,말토덱스트린10% /  합계 : 100%)",550
프로폴리스추출물분말(총플라보노이드 7%이상),550
프로폴리스추출물분말(총플라보노이드7.2%함유),550
프로폴리스추출물분말(총플라보노이드함량 6.5%이상),550
"프로폴리스추출물분말(프로폴리스추출물80%, 말토덱스트린20%)",550
프로폴리스추출물분말(플라보노이드 5%이상),550
프로폴리스추출물분말(플라보노이드1%이상),550
프로폴리스추출물분말(호주산),550
"프로폴리스추출물분말[브라질산(프로폴리스추출물분말85%, 말토덱스트린15%], 황산아연",550
"프로폴리스추출물추출물(에탄올52%, 프로폴리스40%, 정제수8%)",550
프로폴리스추출물추출물(추출액)분말(분말 추출물),550
"프로폴리스추출물혼합물{프로폴리스추출물(총플라보노이드 함량5%이상)25.00%, 시클로덱스트린 75.00%}",550
플란타김치유산균,541
피니톨,551
피니톨 분말(기능성원료인정제2014-65호),552
피로인산제이철 (Fe 8%이상),482
"피로인산제이철(피로인산제일철80%, 식물성경화유20%)",482
"피로인산제이철혼합제제(피로인산제이철 26.6%, 덱스트린 59.7%, 정제소금 7.1%, 글리세린지방산에스테르 5.3%, 대두레시틴 1.3%)",482
피롤로퀴놀린퀴논이나트륨염(NOVAQ®),553
피리독신염산염(비타민B6로서 80%),304
피리독신염산염(비타민B6으로서 82.27%),304
"피리독신염산염분말(가루, 과립)",304
"피브로인추출물 BF-7(티로신 5.68 ~ 8.53mg/g, 알라닌 6.7 ~ 10.05mg/g)",554
피브로인추출물(BF-7®)(제2009-46호),554
"피엘에이지(PLAG, 1-palmitoyl-2-linoleoyl-3-acetyl-rac-g",556
피카오프레토 분말 등 복합물(ClearGuardTM),557
피토쏘야(Phyto soya),559
핑거루트추출물(판두라틴),561
핑거루트추출분말,562
핑거루트추출분말(기능성원료인정제2012-36호),562
핑거루트추출분말(판두라틴),562
하고초추출분말,563
한삼덩굴추출분말,564
한삼덩굴추출분말(HSy2),564
"해조분말(비소성, 식용해조분말 95%, 옥수수전분 5%)",491
"해조분말(비소성, 칼슘으로서 32.0%)",491
"해조분말(비소성, 칼슘함량32.0%이상)",491
해조분말(칼슘 32%),491
"해조분말(칼슘 32%이상, 마그네슘함량 2.2% 이상)",491
해조분말(칼슘),491
해조분말(칼슘32%이상),491
해조분말(칼슘함량 32%이상),491
"해조칼슘(비소성, 칼슘함량 32%)",491
"해조칼슘(비소성,칼슘으로서 32%이상)",491
"해조칼슘(비소성,칼슘으로서32%함유)",491
해조칼슘(비소성칼슘 34%),491
해조칼슘(칼슘 30%이상),491
해조칼슘(칼슘 31%),491
해조칼슘(칼슘 32%이상),491
해조칼슘(칼슘-32%),491
"해조칼슘(칼슘함량 32%이상, 비소성)",491
해조칼슘(칼슘함량30%이상),491
"해조칼슘분말(가루, 과립)",491
해조칼슘분말(칼슘함량30%이상),491
"해조칼슘분말(칼슘함량30%이상,해조칼슘분말96%,옥수수전분4%)",491
해태올리고펩타이드,567
헛개나무과병추출분,570
헛개나무과병추출분말(제2008-55호),570
"헛개나무과병추출분말(퀘르세틴 5.9~8.9ug/g, (헛개나무과병 62.5%, 덱스트린 37.5%), 제2008-55호)",570
"헛개나무과병추출분말분말(가루, 과립)",570
"헛개나무과병추출분말분말(가루, 과립)(헛개나무과병추출물 10 대 덱스트린 6)",570
"헤마토코쿠스 추출물(헤마토코쿠스추출물 80%, 홍화씨유 20%)",572
"헤마토코쿠스 추출물(헤마토코쿠스추출물 80%, 홍화씨유 20%/ 아스타잔틴 5%)",572
"헤마토코쿠스 추출물(헤마토코쿠스추출물 94.8%, 올리브유 5%, 로즈마리추출물 0.2%)",572
"헤마토코쿠스 추출물(헤마토코쿠스추출물94.8%(아스타잔틴10.6%), 올리브유5%, 로즈마리추출물0.2%)",572
"헤마토코쿠스 추출물(헤마토코쿠스추출물97%,비타민E3%)",572
헤마토코쿠스 추출물유지(Oil),572
헤모힘 당귀등 혼합추출물,573
헴철(철 1% 이상),482
헴철(철 2%),482
헴철(철분1%이상),482
헴철(철함량 1.0%이상),482
헴철분말(철 1.06%),482
헴철분말(철로서1%함유),482
현삼추출물,574
호로파종자 등 추출복합물,575
호로파종자추출물,577
호로파종자추출물(TestofenⓇ),578
호로파종자추출물(기능성원료인정제2019-15호),578
"호박씨추출물등 복합물(Polyphenol derivatives(피로갈롤: Pyrogallol) 18mg/g, 대두이소플라본배당체 40mg/g)",579
"호박씨추출물등 복합물({(호박씨추출물87.5%,대두배아추출물12.5%),(Polyphenolderivatives(피로갈롤:Pyrogallol)1.8%대두이소플라본배당체4.0%)})",579
호박씨추출물등 복합물(피로갈롤: Pyrogallol) 18mg/g,579
"호박씨추출물등 복합물(호박씨추출물87.5%,대두배아추출물12.5%)",579
호프추출물,580
호프추출물(alpha acids와 iso-alpha acids의 합 30%),580
"혼합유산균분말(L.ACIDOPHILUS, S.THERMOPHILUS, B.LONGUM 1X1,000,000,000)",541
홀리바질추출물,581
홍경천추출물 KH101,583
"홍경천추출물분말(가루, 과립)",582
"홍경천추출물분말(가루, 과립)(Rosavin으로 22.0~33.0mg/g)",582
홍국,584
홍국분말(모나콜린-K 함량 0.065%),584
홍국추출물분말(고시형),584
홍삼 농축액(진세노사이드 Rg1과 Rb1 및 Rg3의 합0.5%),586
홍삼(4년근 이상),586
홍삼(고형분 60%이상),586
"홍삼(고형분 68%이상, 진세노사이드 Rg1과 Rb1 및 Rg3의 합 5㎎/g: 홍삼근 70%, 홍미삼 30%, 계100%)",586
"홍삼(원료삼배합비율:홍삼근70%,홍삼미30%)",586
홍삼(진세노사이드 Rb1+Rg1+Rg3의 합으로 4.5mg/g이상),586
"홍삼(진세노사이드 Rb1,Rb1 및 Rg3의합10.5mg/g)",586
"홍삼(진세노사이드 Rb1,Rb1 및 Rg3의합10mg/g)",586
홍삼(진세노사이드 Rb1과 Rb1의합8mg/g),586
"홍삼(진세노사이드 Rg1, Rb1 및 Rg3의 합 4mg/g)",586
홍삼(진세노사이드 Rg1과 Rb1 및 Rg3의 합 0.75%),586
"홍삼(진세노사이드Rg1,Rb1 및 Rg3의 합0.29%)",586
홍삼(홍삼근100%),586
"홍삼, 사상자, 산수유 복합추추출물",587
홍삼농축액 (진세노사이드 Rg1과 Rb1및 Rg3의 합 5mg/g),586
홍삼농축액 진세노사이드Rg1과Rb1 및 Rg3 합이 (7mg/g)의 80%이상,588
"홍삼농축액(6년근, 고형분 65%, 진세노사이드 Rg1과 Rb1 및 Rg3의 합 6mg/g)",586
"홍삼농축액(6년근, 진세노사이드Rg1과 Rb1 Rg3의 합 4mg/g 이상, 원료삼배합비율: 홍삼근 70%, 홍미삼 30%)",586
"홍삼농축액(6년근,국산)",586
"홍삼농축액(Rg1,Rb1 및 Rg3의 합 4.5mg/g이상)",586
"홍삼농축액(Rg1,Rb1 및 Rg3합: 5mg/g)",586
"홍삼농축액(Rg1,Rb1함량 3mg/g)",586
"홍삼농축액(고형분 60%, 진세노사이드Rg1,Rb1 및 Rg3의 합 8mg/g)",586
"홍삼농축액(고형분 60%, 진센노사이드 Rg1,Rb1 및 Rg3의 합 6.5mg이상)",586
"홍삼농축액(고형분 60%, 홍삼사포닌 70mg/g이상)(진세노사이드 Rg1과 Rb1의 합 11.2mg/g)",588
"홍삼농축액(고형분 60%이상, 진세노사이드 Rg1과 Rb1 및 Rg3의 합 8mg/g이상)",586
"홍삼농축액(고형분 60%이상, 홍삼사포닌 70mg/g이상(홍삼근40%, 홍미삼60% - 진세노사이드 Rg1과 Rb1의 합 17mg/g))",588
"홍삼농축액(고형분 64%,진세노사이드 Rg1과 Rb1 및 Rg3의 합: 3.5mg/g)",586
"홍삼농축액(고형분 68%, Rg1,Rb1 및 Rg3의 합 6.4mg/g)",586
"홍삼농축액(고형분60%, 진세노사이드 Rg1,Rb1 및 Rg3의합 6.5mg/g)",586
"홍삼농축액(고형분60%,진세노사이드Rg1,Rb1 및 Rg3의 합 5mg/g이상",588
"홍삼농축액(고형분60%이상, Rg1과 Rb1 및 Rg3의합 2.5mg/g이상)",586
홍삼농축액(고형분64%),586
"홍삼농축액(고형분65%이상, 홍삼근(6년근)70%, 홍미삼(6년근)30%, )",588
"홍삼농축액(국산,6년근이상, 진세노사이드 Rg1,Rb1 및 Rg3의 합 7mg/g이상, 고형분68%이상)",586
"홍삼농축액(농축물)(((국산,6년근이상,진세노사이드Rg1,Rb1 및 Rg3의합 10mg/g이상, 고형분 68%이상)(홍삼배합비율:홍삼근75%,홍미삼25%))",588
"홍삼농축액(농축물)((고형분70%, 홍삼근:홍미삼=70%:30%, 국산))",588
"홍삼농축액(농축물)((진세노사이드 RG1+Rb1=4mg/g, 국산, 고형분 함량 60% 이상))",588
"홍삼농축액(농축물)((진세노사이드 Rg1, Rb1 및 Rg3의 합 4.0mg/g))",588
"홍삼농축액(농축물)((진세노사이드 Rg1,Rb1 및 Rg3의 합 5.5mg/g))",588
"홍삼농축액(농축물)((진세노사이드 Rg1과 Rb1 및 Rg3의 합 12mg/g, 원료삼 배합비율 : 홍삼근류 70%, 홍삼미류 30%))",588
홍삼농축액(농축물)(1.2% 이상),588
"홍삼농축액(농축물)(4년근이상(Rg1,Rb1,Rg3(s)의 합=6 mg/g))",588
"홍삼농축액(농축물)(6년근 홍삼, 고형분 64%)",588
"홍삼농축액(농축물)(6년근)(진세노사이드 Rg1, Rb1 및 Rg3의 합 11mg/g)(홍삼근70%,홍미삼30%
)",588
"홍삼농축액(농축물)(6년근)(진세노사이드 Rg1, Rb1 및 Rg3의 합 7mg/g)(홍삼근70%,홍미삼30%
)",588
"홍삼농축액(농축물)(6년근, 홍삼성분 70mg/g, 고형분 60%)",588
홍삼농축액(농축물)(Rg1+ Rb1= 4mg/g),588
홍삼농축액(농축물)(고형분 50%),588
"홍삼농축액(농축물)(고형분 60% 이상, 국산, 홍삼근:홍미삼=70:30)",588
"홍삼농축액(농축물)(고형분 60%이상, ※원료삼배합비율: 홍삼근70%, 홍미삼30%)",588
"홍삼농축액(농축물)(고형분 60%이상, 국내산, 홍삼근:홍미삼=70:30)",588
"홍삼농축액(농축물)(고형분 60%이상, 홍삼근:홍미삼=70:30)",588
"홍삼농축액(농축물)(고형분 64%, 진세노사이드 Rg1, Rb1 및 Rg3의 합 5.5mg)",588
홍삼농축액(농축물)(고형분 65%이상),588
"홍삼농축액(농축물)(고형분 65%이상, 국내산, 홍삼근:홍미삼=70:30)",588
홍삼농축액(농축물)(고형분 함량 60 % 이상 원료삼 배합비율(%):홍삼근류:홍미삼류=70:30),588
"홍삼농축액(농축물)(고형분 함량 60% 이상, 국내산, 홍삼근:홍미삼=70:30)",588
"홍삼농축액(농축물)(고형분 함량 60%, 국내산, 홍삼근:홍미삼=7:3)",588
홍삼농축액(농축물)(고형분 함량 65% 이상),588
"홍삼농축액(농축물)(고형분60%이상, 진세노사이드 Rg1과 Rb1및 Rg3의 합 7㎎/g: 홍삼근 70%, 홍미삼 30%, 계100%)",588
"홍삼농축액(농축물)(고형분65%이상, 원료삼배합비율: 홍삼근70%, 홍미삼30% )",588
"홍삼농축액(농축물)(고형분함량 60 %, 원료삼 배합비율(%) : 홍삼근류 60, 홍미삼류 40, 진세노사이드 Rg1, Rb1 및 Rg3의 합 : 5 mg/g, )",588
"홍삼농축액(농축물)(고형분함량 65%, 원료삼 배합비율: 홍삼근류 70%, 홍미삼류 30%)",588
홍삼농축액(농축물)(기능성원료[홍삼농축액(농축물)(구분:고시형원료/배합비:100%/기능(지표)성분:진세노사이드 Rg1과 Rb1 및 Rg3의 합 4%),588
홍삼농축액(농축물)(액상),588
"홍삼농축액(농축물)(원료삼 배합비율: 인삼근류 60%, 미삼류 40%, 진세노사이드 Rg1, Rb1 및 Rg3 합 5mg/g)",588
"홍삼농축액(농축물)(원료삼 배합비율: 홈삼근류 70%, 미삼류 30%, 진세노사이드Rg1,Rb1 및 Rg3의 합: 10mg/g)",588
"홍삼농축액(농축물)(원료삼 배합비율: 홍삼근류 60%, 홍미삼류 40%, 진세노사이드Rg1,Rb1 및 Rg3의 합 5mg/g)",588
"홍삼농축액(농축물)(원료삼 비율 : 홍삼근70%, 홍미삼30%...100%)",588
"홍삼농축액(농축물)(원료삼배합비율: 홍삼근70%, 홍미삼30%, 고형분 65%이상)",588
"홍삼농축액(농축물)(원료삼비율: 홍삼근70%, 홍미삼30%)",588
"홍삼농축액(농축물)(진세노사이드 Rg1+Rb1=4mg/g, 고형분 65%이상, 홍삼근:홍미삼=70:30)",588
"홍삼농축액(농축물)(진세노사이드 Rg1, Rb1 및 Rg1의 합 7.5mg/g)",588
"홍삼농축액(농축물)(진세노사이드 Rg1, Rb1 및 Rg3 의 합 4.5mg/g )",588
"홍삼농축액(농축물)(진세노사이드 Rg1, Rb1 및 Rg3 의 합 5mg/g)",588
"홍삼농축액(농축물)(진세노사이드 Rg1, Rb1 및 Rg3의 합 10mg/g, 고형분 65%이상, 원료삼배합비율 : 홍삼근 70%, 홍삼미 30%)",588
"홍삼농축액(농축물)(진세노사이드 Rg1, Rb1 및 Rg3의 합 15mg/g)",588
"홍삼농축액(농축물)(진세노사이드 Rg1, Rb1 및 Rg3의 합 16mg/g)",588
"홍삼농축액(농축물)(진세노사이드 Rg1, Rb1 및 Rg3의 합 25mg/g)",588
"홍삼농축액(농축물)(진세노사이드 Rg1, Rb1 및 Rg3의 합 4mg/g, 고형분60%이상, 원료삼배합비율 : 홍삼근류 70%, 홍삼미류 30%)",588
"홍삼농축액(농축물)(진세노사이드 Rg1, Rb1 및 Rg3의 합 5.7mg/g, 고형분 65%이상)",588
"홍삼농축액(농축물)(진세노사이드 Rg1, Rb1 및 Rg3의 합 5mg/g, 고형분 60%이상, 원료삼배합비율 : 홍삼근류 70%, 홍삼미류 30%)",588
"홍삼농축액(농축물)(진세노사이드 Rg1, Rb1 및 Rg3의 합 5mg/g, 원료삼배합비율 : 홍삼근류 70, 홍삼미류 30)",588
"홍삼농축액(농축물)(진세노사이드 Rg1, Rb1 및 Rg3의 합 7mg/g, 고형분 60%이상, 원료삼배합비율 : 홍삼근류 70%, 홍삼미류 30%)",588
"홍삼농축액(농축물)(진세노사이드 Rg1, Rb1, Rg3의 합 12mg/g이상)",588
"홍삼농축액(농축물)(진세노사이드 Rg1, Rb1과 Rg3 의 합 11mg/g, 원료삼배합비율 : 홍삼근류 70, 홍삼미류 30)",588
"홍삼농축액(농축물)(진세노사이드 Rg1, Rb1과 Rg3 의 합 5mg/g, 원료삼배합비율 : 홍삼근류 70, 홍삼미류 30)",588
"홍삼농축액(농축물)(진세노사이드 Rg1, Rb1과 Rg3 의 합 7mg/g, 원료삼배합비율 : 홍삼근류 73, 홍삼미류 27)",588
"홍삼농축액(농축물)(진세노사이드 Rg1, Rb1과 Rg3 의 합 9mg/g, 원료삼배합비율 : 홍삼근류 73, 홍삼미류 27)",588
"홍삼농축액(농축물)(진세노사이드 Rg1,Rb1 및 Rg3의 합 18mg/g)(홍삼근30%,홍미삼70%)",588
"홍삼농축액(농축물)(진세노사이드 Rg1,Rb1 및 Rg3의 합 24mg/g)(홍삼근30%,홍미삼70%)",588
"홍삼농축액(농축물)(진세노사이드 Rg1,Rb1 및 Rg3의 합 6mg/g)",588
"홍삼농축액(농축물)(진세노사이드 Rg1과 Rb1 및 Rg3의 합 4mg/g, 원료삼배합비율 : 홍삼근류 70%, 홍삼미류 30%)",588
"홍삼농축액(농축물)(진세노사이드 Rg1과 Rb1 및 Rg3의 합, 원료삼배합비율 : 홍삼근류 70%, 홍삼미류 30%)",588
"홍삼농축액(농축물)(진세노사이드 Rg1과 Rb1및 Rg3의 합 7㎎/g: 홍삼근 70%, 홍미삼 30%, 계100%)",588
"홍삼농축액(농축물)(진세노사이드 Rg1과 Rb1및 Rg3의 합 7㎎:홍삼근 70%, 홍미삼 30%, 계100%)",588
"홍삼농축액(농축물)(진세노사이드Rg1, Rb1 및 Rg3의 합 4mg/g이상)",588
"홍삼농축액(농축물)(팽화발효, 인삼근류70%, 미삼류 30%)",588
"홍삼농축액(농축물)(홍미삼70%,홍삼근30%)",588
"홍삼농축액(농축물)(홍삼근 70%, 미삼 30%)",588
"홍삼농축액(농축물)(홍삼근 70%, 홍미삼 30%,  진세노사이드 Rb1과 Rg1의 합 : 0.7%)",588
"홍삼농축액(농축물)(홍삼금70%, 홍미삼30%)",588
"홍삼농축액(농축물)(홍삼농축액 90%, 덱스트린 3%, 팔라티노스 2%, 정제수 5%)",588
홍삼농축액(농축물)분말(고형분 60%이상),588
홍삼농축액(농축물)분말(원료삼배합비율 : 홍삼근 100%),588
"홍삼농축액(농축물)분말(원료삼배합비율 : 홍삼근(양삼) 70%, 홍미삼 30%)",588
"홍삼농축액(농축물)분말(진세노사이드 Rg1, Rb1 및 Rg3의 합 10.5mg/g)",588
"홍삼농축액(농축물)분말(진세노사이드 Rg1,Rb1 및 Rg3의 합 1.5% 이상)",588
"홍삼농축액(농축물)분말(진세노사이드Rg1,Rb1 및 Rg3의 합10mg/g이상)",588
"홍삼농축액(농축물)분말(홍미삼류 30%, 홍삼근류 70%)",588
"홍삼농축액(원료삼배합비율:홍삼근70%,홍미삼30%)",586
"홍삼농축액(진세노사이드 Rg1, Rb1 및 Rg3의 합 0.7%)",586
"홍삼농축액(진세노사이드 Rg1, Rb1 및 Rg3의 합 11mg/g)",586
"홍삼농축액(진세노사이드 Rg1,Rb1 및 Rg3의 합 5mg/g)",586
"홍삼농축액(진세노사이드 Rg1,Rb1 및 Rg3의합이 0.8%)",586
홍삼농축액(진세노사이드 Rg1과 Rb1 및 Rg3의 합 10mg/g) * 원료삼배합비율: 홍삼근 70%,588
홍삼농축액(진세노사이드 Rg1과 Rb1 및 Rg3의 합 6.4mg/g),586
홍삼농축액(진세노사이드 Rg1과 Rb1 및 Rg3의 합: 0.4%),586
홍삼농축액(진세노사이드 Rg1과 Rb1 및 Rg3의합 0.35%),586
홍삼농축액(진세노사이드 Rg1과 Rb1및 Rg3의 합 6.5mg/g),586
홍삼농축액(진세노사이드 Rg1과 Rb1및 Rg3의 합 6mg/g),586
홍삼농축액(진세노사이드 Rg1과 Rb1및 Rg3의 합 7.7mg/g),586
홍삼농축액(진세노사이드 Rg1과 Rb1및 Rg3의 합 8mg/g),586
홍삼농축액(진세노사이드 Rg1과 Rb1및 Rg3의 합 9mg/g),586
홍삼농축액(진세노사이드 Rg1과 Rb1의 합 0.5%),586
"홍삼농축액(진세노사이드 Rg1과 Rb1의 합 4mg/g)(홍삼근70%,홍미삼30%)",588
"홍삼농축액(진세노사이드Rg1,Rb1 및 Rg3의 합0.59%)",586
"홍삼농축액(진세노사이드Rg1과Rb1 및 Rg3의 합 0.6%,고형분 60%이상)",586
"홍삼농축액(홍삼100%)(진세노사이드 Rg1, Rb1 및 Rg3의 합5mg/g)",588
"홍삼농축액(홍삼6년근, 고형분60%이상, 홍삼근70%, 홍미삼30%)",586
"홍삼농축액(홍삼성분 120mg/g이상, 고형분 60%이상)(진세노사이드Rg1과 Rb1 및 Rg3의 합 3.0mg/g)",588
"홍삼농축액(홍삼성분70mg/g,고형분65%이상)",586
홍삼농축액(홍삼성분함량 70mg/g이상)(진세노사이드 Rg1과 Rb1 및 Rg3의 합 0.5%),588
홍삼농축액(홍삼성분함량 70mg/g이상)(진세노사이드 Rg1과 Rb1 및 Rg3의 합 0.67%),588
홍삼농축액[진세노사이드 Rg1과 Rb1 및 Rg3의 합 0.3%] 100%,588
"홍삼농축액[진세노사이드Rg1과Rb1및 Rg3의 합 10㎎/g, 고형분60%이상]",588
"홍삼농축액[홍삼근 70%, 홍미삼 30%]",588
"홍삼농축액농축액(농축물)(고형분 64%이상, 국내산)",588
홍삼농축액농축액(농축물)(고형분60%이상),588
홍삼농축액농축액(농축물)(진세노사이드 Rg1과Rb1 및 Rg3의 합 6.0mg/g이상),588
"홍삼농축액농축액(농축물)분말(6년근)(원료삼비율 : 홍삼근 30%, 홍미삼 70%)",588
홍삼농축액분말(고형분 65%이상),586
홍삼농축액분말(진세노사이드 Rg1과 Rb1 및 Rg3의 합 1%),586
홍삼농축액분말(진세노사이드 Rg1과 Rb1 및 Rg3의 합 12mg/g이상),586
홍삼농축액분말(진세노사이드 Rg1과 Rb1 및 Rg3의 합으로 12mg/g이상),586
홍삼발효 농축액(고형분함량 60 % 이상),586
"홍삼발효 농축액(고형분함량 60 %, 원료삼 배합비율: 홍삼근류 60 %, 홍미삼류 40 %, 진세노사이드 Rg1과 Rb1의 합 5mg/g)",586
"홍삼발효 농축액(진세노사이드 Rg1, Rb1 및 Rg3의 합 5mg/g, 원료삼배합비율 : 홍삼근류 73, 홍삼미류 27)",586
홍삼발효 분말,586
"홍삼분말(가루, 과립)(진세노사이드Rg1과Rb1 및 Rg3의 합 5mg/g, 원료삼배합비율: 홍삼근류 60, 홍삼미류 40)",586
홍삼분말(국산),586
"홍삼분말(진세노사이드 Rg1,Rb1 및 Rg3의 합: 6.0mg/g)",586
"홍삼분말(진세노사이드 Rg1과 Rb1 및 Rg3의 합 3.5mg/g, 홍삼근류70%, 홍삼미류30%)",586
홍삼분말(진세노사이드 Rg1과 Rb1 및 Rg3의 합 6mg/g),586
홍삼분말(진세노사이드 Rg1과 Rb1 및 Rg3의 합으로 6mg/g이상),586
홍삼분말가루,586
홍삼오일,586
홍삼오일(KGC11o),589
홍삼추출물(추출액),586
홍삼추출물(추출액)분말(분말 추출물),586
홍삼추출물분말,586
홍삼추출효소처리분말,590
"홍삼팽화농축액(진세노사이드 Rg1, Rb1 및 Rg3의 합 8mg/g)",586
"홍삼혼합분말(가루, 과립)",586
홍어껍질콜라겐펩타이드,591
홍어껍질콜라겐펩타이드(제2025-49호),591
환원철(고시형),482
황국(Aspergillus 발효물 MK01),592
황금등복합물,593
황금등복합물(기능성원료인정제2006-3호),593
황기추출물 등 복합물(HT042),594
황산동(구리 25%),124
"황산동분말(가루, 과립)",124
황산망간(망간 36%),236
황산망간(망간으로서 32.51%),236
황산망간(망간함량 32.0%),236
황산망간(분말),236
황산아연(아연 22% 이상),378
"황산아연분말(가루, 과립)",378
황산제일철,482
황칠나무잎·줄기추출물,595
회화나무 열매추출물추출물(추출액)분말(분말 추출물),597
회화나무열매추출물(기능성원료인정제2010-27호),597
효소처리스테비아,90
흑차추출물,599
흑효모배양액분말,600
흰목이버섯효소분해추출물(Neu learn),601
히드록시프로필메틸셀룰로스,90
히드록시프로필메틸셀룰로오스,602
"히알루론산 나트륨분말(가루, 과립)",604
히알루론산(기능성원료인정제2017-2호),603
"히알루론산(히알루론산 90~100%, 제2008-37호)",603
히알루론산나트륨,604
히알루론산나트륨(HA-LF-P),605
히알루론산혼합제제,603
히알우론산나트륨,607
